-- phpMyAdmin SQL Dump
-- version 4.0.8
-- http://www.phpmyadmin.net
--
-- Host: localhost
-- Generation Time: Apr 17, 2019 at 09:56 PM
-- Server version: 5.6.26
-- PHP Version: 5.2.17

SET SQL_MODE = "NO_AUTO_VALUE_ON_ZERO";
SET time_zone = "+00:00";


/*!40101 SET @OLD_CHARACTER_SET_CLIENT=@@CHARACTER_SET_CLIENT */;
/*!40101 SET @OLD_CHARACTER_SET_RESULTS=@@CHARACTER_SET_RESULTS */;
/*!40101 SET @OLD_COLLATION_CONNECTION=@@COLLATION_CONNECTION */;
/*!40101 SET NAMES utf8 */;

--
-- Database: `cleanjob_cleanjob`
--

-- --------------------------------------------------------

--
-- Table structure for table `aptitudes`
--

CREATE TABLE IF NOT EXISTS `aptitudes` (
  `id` int(11) NOT NULL AUTO_INCREMENT,
  `nombre` varchar(100) COLLATE utf8_unicode_ci DEFAULT NULL,
  PRIMARY KEY (`id`)
) ENGINE=InnoDB DEFAULT CHARSET=utf8 COLLATE=utf8_unicode_ci AUTO_INCREMENT=1 ;

-- --------------------------------------------------------

--
-- Table structure for table `ciudad`
--

CREATE TABLE IF NOT EXISTS `ciudad` (
  `id` int(11) NOT NULL AUTO_INCREMENT,
  `pais_id` int(11) DEFAULT NULL,
  `nombre` varchar(255) COLLATE utf8_unicode_ci DEFAULT NULL,
  PRIMARY KEY (`id`),
  KEY `IDX_8E86059EC604D5C6` (`pais_id`)
) ENGINE=InnoDB  DEFAULT CHARSET=utf8 COLLATE=utf8_unicode_ci AUTO_INCREMENT=8 ;

--
-- Dumping data for table `ciudad`
--

INSERT INTO `ciudad` (`id`, `pais_id`, `nombre`) VALUES
(1, 1, 'Quito'),
(2, 1, 'Guayaquil'),
(3, 1, 'Cuenca'),
(4, 1, 'Manta'),
(5, NULL, 'Ambato'),
(6, NULL, 'Ibarra'),
(7, NULL, 'Riobamba');

-- --------------------------------------------------------

--
-- Table structure for table `curriculum`
--

CREATE TABLE IF NOT EXISTS `curriculum` (
  `id` int(11) NOT NULL AUTO_INCREMENT,
  `sexo_id` int(11) DEFAULT NULL,
  `signo_zodiaco_id` int(11) DEFAULT NULL,
  `estado_civil_id` int(11) DEFAULT NULL,
  `horario_trabajo_id` int(11) DEFAULT NULL,
  `vivienda_id` int(11) DEFAULT NULL,
  `raza_id` int(11) DEFAULT NULL,
  `ciudad_id` int(11) DEFAULT NULL,
  `tipo_sangre_id` int(11) DEFAULT NULL,
  `estudios_id` int(11) DEFAULT NULL,
  `religion_id` int(11) DEFAULT NULL,
  `tipo_trabajo_id` int(11) DEFAULT NULL,
  `pais_id` int(11) DEFAULT NULL,
  `sector_vivienda_id` int(11) DEFAULT NULL,
  `user_id` int(11) DEFAULT NULL,
  `nombre` varchar(50) COLLATE utf8_unicode_ci DEFAULT NULL,
  `apellido` varchar(50) COLLATE utf8_unicode_ci DEFAULT NULL,
  `biografia` longtext COLLATE utf8_unicode_ci,
  `telefono` varchar(20) COLLATE utf8_unicode_ci DEFAULT NULL,
  `direccion` varchar(255) COLLATE utf8_unicode_ci DEFAULT NULL,
  `imagen` varchar(300) COLLATE utf8_unicode_ci DEFAULT NULL,
  `servicio` varchar(300) COLLATE utf8_unicode_ci DEFAULT NULL,
  `carnet` varchar(300) COLLATE utf8_unicode_ci DEFAULT NULL,
  `certificado` varchar(300) COLLATE utf8_unicode_ci DEFAULT NULL,
  `fecha_nacimiento` date DEFAULT NULL,
  `cedula` varchar(20) COLLATE utf8_unicode_ci DEFAULT NULL,
  `celular` varchar(20) COLLATE utf8_unicode_ci DEFAULT NULL,
  `hijos` int(11) DEFAULT NULL,
  `madre_soltera` tinyint(1) DEFAULT NULL,
  `ligadura` tinyint(1) DEFAULT NULL,
  `horas_libres` tinyint(1) DEFAULT NULL,
  `discapacidad` tinyint(1) DEFAULT NULL,
  `conducir` tinyint(1) DEFAULT NULL,
  `capacitacion` varchar(255) COLLATE utf8_unicode_ci DEFAULT NULL,
  `aspiracion_salarial` varchar(255) COLLATE utf8_unicode_ci DEFAULT NULL,
  `barrio` varchar(255) COLLATE utf8_unicode_ci DEFAULT NULL,
  `video` varchar(300) COLLATE utf8_unicode_ci DEFAULT NULL,
  `estatura` varchar(300) COLLATE utf8_unicode_ci DEFAULT NULL,
  `peso` varchar(300) COLLATE utf8_unicode_ci DEFAULT NULL,
  `tipo_discapacidad` varchar(300) COLLATE utf8_unicode_ci DEFAULT NULL,
  `porcentaje_discapacidad` varchar(300) COLLATE utf8_unicode_ci DEFAULT NULL,
  `nivel_cocina` varchar(300) COLLATE utf8_unicode_ci DEFAULT NULL,
  `nivel_limpieza` varchar(300) COLLATE utf8_unicode_ci DEFAULT NULL,
  `nivel_plancha` varchar(300) COLLATE utf8_unicode_ci DEFAULT NULL,
  `licencia_id` int(11) DEFAULT NULL,
  `tiene_hijos` tinyint(1) DEFAULT NULL,
  `detalle_Hijos` longtext COLLATE utf8_unicode_ci,
  `licenciasimagenes` varchar(300) COLLATE utf8_unicode_ci DEFAULT NULL,
  `cedulasimagenes` varchar(300) COLLATE utf8_unicode_ci DEFAULT NULL,
  `otra_enfermedad` varchar(255) COLLATE utf8_unicode_ci DEFAULT NULL,
  `otrocelular` varchar(20) COLLATE utf8_unicode_ci DEFAULT NULL,
  `tiempoarriendo` varchar(255) COLLATE utf8_unicode_ci DEFAULT NULL,
  `estado` tinyint(1) DEFAULT NULL,
  `fecha_suscripcion` date DEFAULT NULL,
  PRIMARY KEY (`id`),
  KEY `IDX_7BE2A7C32B32DB58` (`sexo_id`),
  KEY `IDX_7BE2A7C34D9DE1E8` (`signo_zodiaco_id`),
  KEY `IDX_7BE2A7C375376D93` (`estado_civil_id`),
  KEY `IDX_7BE2A7C379F2C342` (`horario_trabajo_id`),
  KEY `IDX_7BE2A7C381A75788` (`vivienda_id`),
  KEY `IDX_7BE2A7C38CCBB6A9` (`raza_id`),
  KEY `IDX_7BE2A7C3E8608214` (`ciudad_id`),
  KEY `IDX_7BE2A7C399A5433` (`tipo_sangre_id`),
  KEY `IDX_7BE2A7C3B56F7D88` (`estudios_id`),
  KEY `IDX_7BE2A7C3B7850CBD` (`religion_id`),
  KEY `IDX_7BE2A7C3B9FC1162` (`tipo_trabajo_id`),
  KEY `IDX_7BE2A7C3C604D5C6` (`pais_id`),
  KEY `IDX_7BE2A7C3FB396A56` (`sector_vivienda_id`),
  KEY `IDX_7BE2A7C3A76ED395` (`user_id`),
  KEY `IDX_7BE2A7C33A0F5A23` (`licencia_id`)
) ENGINE=InnoDB  DEFAULT CHARSET=utf8 COLLATE=utf8_unicode_ci AUTO_INCREMENT=306 ;

--
-- Dumping data for table `curriculum`
--

INSERT INTO `curriculum` (`id`, `sexo_id`, `signo_zodiaco_id`, `estado_civil_id`, `horario_trabajo_id`, `vivienda_id`, `raza_id`, `ciudad_id`, `tipo_sangre_id`, `estudios_id`, `religion_id`, `tipo_trabajo_id`, `pais_id`, `sector_vivienda_id`, `user_id`, `nombre`, `apellido`, `biografia`, `telefono`, `direccion`, `imagen`, `servicio`, `carnet`, `certificado`, `fecha_nacimiento`, `cedula`, `celular`, `hijos`, `madre_soltera`, `ligadura`, `horas_libres`, `discapacidad`, `conducir`, `capacitacion`, `aspiracion_salarial`, `barrio`, `video`, `estatura`, `peso`, `tipo_discapacidad`, `porcentaje_discapacidad`, `nivel_cocina`, `nivel_limpieza`, `nivel_plancha`, `licencia_id`, `tiene_hijos`, `detalle_Hijos`, `licenciasimagenes`, `cedulasimagenes`, `otra_enfermedad`, `otrocelular`, `tiempoarriendo`, `estado`, `fecha_suscripcion`) VALUES
(8, 2, 7, 1, 1, 2, 3, 1, 1, 6, 1, 2, 1, 1, 26, 'SELENA JULEXI', 'FOLLECO MALDONADO', 'AFROECUATORIANA', '2025776', 'LLANO GRANDE', '5ab1b080ad57b.jpg', NULL, NULL, NULL, '1995-09-02', '1727920918', '0986261124', 1, 0, 0, 0, 0, 0, NULL, NULL, 'LLANO GRANDE CALLE ALEGRIA', '', '1.54', '54', NULL, 'No aplica', 'Básico', 'Básico', 'Básico', NULL, NULL, NULL, NULL, NULL, NULL, NULL, NULL, 1, '2018-10-30'),
(12, 2, 9, 2, 1, 3, 1, 1, 1, 3, 1, 1, 1, 1, 36, 'maria belen', 'madrid caiza', 'una persona horada puntual y q le gusta trabajar', '4516473', 'san francisco roman calle E', '5b05e4d906f91.jpg', '5b05e4d907171.jpg', NULL, '5b05e4d9090b0.pdf', '1991-05-26', '1721077541', '0979573012', 3, 0, 0, 1, 0, 0, 'maestra del vestido', '385', 'santa rosa de singuna', '', '1.40', '18.5 kg', NULL, NULL, 'Básico', 'Excelente', 'Excelente', NULL, NULL, NULL, NULL, NULL, NULL, NULL, NULL, 1, '2018-10-30'),
(13, 2, 5, 1, 5, 2, 1, 1, 1, 6, 1, 1, 3, 2, 37, 'Carla', 'jimenez', NULL, NULL, 'Av simon bolivar, conjunto residencial sierra mirador', NULL, NULL, NULL, NULL, '1989-12-12', '1758587964', '0960191821', 0, 0, 0, 0, 0, 0, NULL, '400', 'Triangulo de piedra', '', '1.68', NULL, NULL, NULL, 'Muy Bien', 'Muy Bien', 'Muy Bien', NULL, NULL, NULL, NULL, NULL, NULL, NULL, NULL, 1, '2018-10-30'),
(14, 1, 8, 1, 1, 2, 1, 1, 2, 2, 2, 1, 3, 1, 42, 'CARLOS ENRIQUE', 'CABRERA LOPEZ', 'Joven, Responsable, con disposición te tiempo de trabajo inmediata, rapidez para aprender o adquirir nuevos retos, buen desempeño en cocina y computación', '025122196', 'Toribio Hidalgo, Quito, Pichincha', NULL, NULL, NULL, NULL, '1997-01-18', '144458567', '0983540365', 0, 0, 0, 1, 0, 0, NULL, '386$', 'la vicentina', '', '1.80', '147,71', NULL, NULL, 'Muy Bien', 'Muy Bien', 'Muy Bien', NULL, NULL, NULL, NULL, NULL, NULL, NULL, NULL, 1, '2018-10-30'),
(15, 2, NULL, 4, 1, 1, 1, 1, 1, 2, 1, 1, 1, 3, 43, 'Maria Victoria', 'Galeas Garofalo', 'Soy una persona trabajadora, responsable y respetuosa con ganas de trabajar.', '2914863', 'Quitumbe Conjunto Paraiso del Sur', NULL, NULL, NULL, NULL, '1974-07-15', '1203606437', '0997965632', 2, 0, 0, 1, 0, 0, NULL, NULL, 'Quitumbe', '', NULL, NULL, NULL, NULL, 'Básico', 'Muy Bien', 'Muy Bien', NULL, NULL, NULL, NULL, NULL, NULL, NULL, NULL, 1, '2018-10-30'),
(16, 2, 7, 1, 1, 2, NULL, 1, 1, 2, 1, 2, 3, 1, 45, 'Paola leonor', 'Barroso prieto', 'Paolalbp', '+5930983261533', 'Av. Venezuela con Oriente, Sector Centro Histórico, Quito, Pichincha', '5b10074a4ef68.png', NULL, NULL, NULL, '1995-09-15', '24265418', '+5930983261533', 1, 0, 0, 1, 0, 0, 'Primeros auxilios, manejos de extintores, rescate en agua, maquillaje básico medio avanzado. Farmacia.', '400', 'Centro histórico', '', NULL, '54', NULL, NULL, 'Básico', 'Muy Bien', 'Básico', NULL, NULL, NULL, NULL, NULL, NULL, NULL, NULL, 1, '2018-10-30'),
(17, 2, 4, 2, 1, 1, 1, 1, 1, 2, 1, 1, 1, 1, 47, 'Nelly Marisol', 'Simbaña Quilumba', 'Puntual responsable apta para cualquier área q se me sea asignado ,polifuncional', NULL, 'Calderón Panamericana Norte km 2', '5b1010f87a848.jpg', NULL, NULL, NULL, '1993-05-04', '1751404433', '0995425516', 2, 0, 0, 1, 0, 0, NULL, '386', 'San Miguel de Calderón', '', '165', '100', NULL, NULL, 'Básico', 'Muy Bien', 'Básico', NULL, NULL, NULL, NULL, NULL, NULL, NULL, NULL, 1, '2018-10-30'),
(18, 2, 8, 1, 1, 2, 1, 1, 1, 2, 1, 1, 1, 3, 48, 'Stefanny Dayana', 'Silva Rivera', 'Soy responsable , puntual,  atenta en las actividades que deba realizar cordia y amable  muy honrada', NULL, 'Urbanizacion Divino Niño', '5b1014ef46265.jpg', NULL, NULL, '5b1014ef4a017.jpg', '1996-12-30', '1726741455', '0995658789', 1, 1, 0, 1, 0, 0, 'Cajera bancaria y comercial', '390', 'Caupicho', '', '1.48', '127', NULL, NULL, 'Muy Bien', 'Excelente', 'Básico', NULL, NULL, NULL, NULL, NULL, NULL, NULL, NULL, 1, '2018-10-30'),
(19, 2, 7, 1, 1, 1, 1, 1, 1, 2, 2, 1, 1, 1, 50, 'MARIA PATRICIA', 'COLLAGUAZO SIMABÑA', 'MEDIANA DE CABELLO NEGRO HONESTA', '2839138', '4 DE OCTUBRE S9-99', NULL, NULL, NULL, NULL, '1977-09-03', NULL, '0979048243', 3, 1, 0, 0, 0, 0, NULL, '400', 'CALDERON', '', '140', '141', NULL, NULL, 'Muy Bien', 'Excelente', 'Muy Bien', NULL, NULL, NULL, NULL, NULL, NULL, NULL, NULL, 1, '2018-10-30'),
(20, 1, 12, 1, 5, 3, 1, 1, 1, 7, 1, 1, 2, 3, 51, 'Dario G.', 'Medina C', NULL, '258145', 'Av. Patagonia y Necochea', NULL, NULL, NULL, NULL, '1992-07-20', '172220511', '098323228', 0, 0, 0, 1, 0, 1, NULL, '450', 'Sur de la Ciudad', '', '173', '150', NULL, NULL, 'Excelente', 'Muy Bien', 'Excelente', 2, NULL, NULL, NULL, NULL, NULL, NULL, NULL, 1, '2018-10-30'),
(21, 2, NULL, 4, 1, 3, 1, 1, 1, 2, 2, 1, 1, 1, 52, 'Bertha Cecilia', 'Quilumbaquin Acero', 'Honesta, puntual', '3451722', 'Rafael suarez N69 18 y Wladimir lennin, Comite del pueblo', '5b107cf1bf4ed.jpg', NULL, NULL, NULL, '1974-02-23', '1710024652', '0992515078', 2, 1, 1, 1, 0, 0, NULL, '400', 'La Bota', '', '1.56', '150', NULL, NULL, 'Básico', 'Básico', 'Básico', NULL, NULL, NULL, NULL, NULL, NULL, NULL, NULL, 1, '2018-10-30'),
(22, 2, NULL, 2, 1, 2, 1, 1, NULL, 3, 2, 2, 1, 3, 54, 'Mercedes', 'Ortega', NULL, NULL, 'La Santiago', '5b11716ee2df4.png', NULL, NULL, NULL, '1970-06-15', NULL, '0987927962', 2, 0, 1, 0, 0, 0, 'Primeros Auxilios', '240', 'La Santiago', '', '1,68', NULL, NULL, NULL, 'Excelente', 'Excelente', 'Muy Bien', NULL, NULL, NULL, NULL, NULL, NULL, NULL, NULL, 1, '2018-10-30'),
(23, 2, 12, 2, 1, 2, 1, 1, NULL, 4, NULL, 1, 1, 1, 59, 'maria bertha', 'chicaiza lema', 'busco trabajo de empleada domestica tiempo completo tengo experiencia soy horada , puntual cuento con todos los documentos en regla mi numero es 0989134774 buco trabajo serio al norte de quito soy puntual eficaz y responsable en mi trabajo', '3450882', 'norte', '5b12ccb30b819.jpg', '5b12ccb30c7c4.jpg', NULL, '5b12ccb30e1ea.jpg', '1969-07-08', '1710921162', '0989134774', 3, 0, 0, 1, 0, 0, NULL, 'basico', 'quito al norte', '', NULL, NULL, NULL, NULL, 'Excelente', 'Excelente', 'Muy Bien', NULL, NULL, NULL, NULL, NULL, NULL, NULL, NULL, 1, '2018-10-30'),
(24, 2, 7, 2, 1, 2, 1, 1, 1, 3, 5, 1, 1, 1, 60, 'Georgina Margot', 'Logaña Quishpe', NULL, '022394463', 'pomasqui calle 24 de mayo y antonio jose de sucre', '5b12ee36cb9bb.jpg', NULL, NULL, NULL, '1974-09-06', '1711770022', '0959179173', NULL, 0, 0, 1, 0, 0, NULL, '396.00 a 500.00', 'Villaflora', '', '154 cm', '150 libras', NULL, NULL, 'Básico', 'Muy Bien', 'No aplica', 2, NULL, NULL, NULL, NULL, NULL, NULL, NULL, 1, '2018-10-30'),
(25, 2, 1, 3, 3, 2, 1, 2, 3, 2, 1, 2, 1, 1, 61, 'María Mariuxi', 'Varela García', NULL, 'No tengo', 'Cooperativa 4de marzo', NULL, NULL, NULL, NULL, '2018-10-28', '092593745!', '0992088723', 1, 1, 0, 0, 0, 0, 'No', 'Medio salario', 'Juan Montalvo', '', '1m 135cm', '120', 'No', 'No', 'Básico', 'Muy Bien', 'Básico', NULL, NULL, NULL, NULL, NULL, NULL, NULL, NULL, 1, '2018-10-30'),
(26, 2, 1, 1, 1, 2, 3, 1, 1, 3, 1, 2, 1, 1, 62, 'Mélanie Estefanía', 'Anangono Lara', 'Soy una persona honesta,  edacada y responsable, y dispuesta a aprender si algo nose', '3410391', 'Occidental y Legarda', '5b1544403085d.jpg', NULL, NULL, NULL, '1998-11-03', '1003584396', '0978876095', 1, 1, 0, 1, 0, 0, NULL, '200', 'Santa Anita', '', '1,62', '60', 'No', NULL, 'No aplica', 'Excelente', 'Básico', NULL, NULL, NULL, NULL, NULL, NULL, NULL, NULL, 1, '2018-10-30'),
(27, 2, 7, 4, 5, 2, 1, 1, 1, 2, 2, 1, 2, 1, 63, 'BLANCA OLIVIA', 'NARANJO SALAZAR', 'honesta, trabajadora,honrada, sin perjuicios', NULL, 'LEONARDO MURIALDO Y GUAYACANES', NULL, NULL, NULL, NULL, '1968-09-12', '8170060761', '0984418616', 4, 0, 0, 1, 0, 0, 'AUXILIAR DE ENFERMERIA, CURSO DE ASEO, MANIPULACION DE ALIMENTOS, CUIDADO DE ADULTOS, PARVULARIA', 'lo que designa la empresa', 'COMITE DEL PUEBLO', '', '1.67', '60 LB', NULL, NULL, 'Excelente', 'Excelente', 'Básico', NULL, NULL, NULL, NULL, NULL, NULL, NULL, NULL, 1, '2018-10-30'),
(28, 2, 11, 1, 1, 2, 1, 1, 1, 2, 1, 2, 3, 1, 65, 'Daisy josefina', 'Moreno quevedo', 'Honesta honrada trabajadora luchadora emprendedora independiente responsable puntual comunicativa amistosa', NULL, 'OE4A SN calle SN PB', '5b15c5492618c.jpg', NULL, NULL, NULL, '1978-02-05', '079983372', '0980242513', 2, 1, 1, 0, 0, 0, NULL, '300', 'El condado', '', '1.50', NULL, NULL, NULL, 'Básico', 'Excelente', 'Básico', NULL, NULL, NULL, NULL, NULL, NULL, NULL, NULL, 1, '2018-10-30'),
(29, 2, 3, 1, 5, 3, 1, 1, 3, 2, 2, 1, 1, 1, 66, 'Marjorie Dejanira', 'Diaz Aguilar', 'Soy una persona reponsable, puntual, trabajadora, sociable, educada y de buenos valores', '0992818843', 'Av. El maestro', '5b16b6990ce26.png', NULL, NULL, NULL, '1979-04-03', '1715980296', '0992818843', 2, 1, 0, 1, 0, 0, 'Auxiliar de Farmacia en Isami ; Manipulación de alimentos; Compras públicas-SECAP', '300-500$', 'Condado', '', '1,56', NULL, NULL, NULL, 'Básico', 'Excelente', 'Excelente', NULL, NULL, NULL, NULL, NULL, NULL, NULL, NULL, 1, '2018-10-30'),
(30, 1, 7, 1, 1, 1, 1, 1, 1, 5, 1, 2, 1, 2, 67, 'LUIS MANUEL', 'CHUSIN MILLIGALLI', 'PERSONA RESPONSABLE Y PUNTUAL', '0986535483', 'EL TINGO LA ESPERANZA', NULL, NULL, NULL, NULL, '1989-09-22', '0503769762', '0986535483', NULL, 0, 0, 0, 0, 0, NULL, '600', 'EL TINGO LA ESPERANZA', '', '1.65', NULL, NULL, NULL, 'No aplica', 'No aplica', 'Básico', NULL, NULL, NULL, NULL, NULL, NULL, NULL, NULL, 1, '2018-10-30'),
(31, 2, 9, 2, 1, 2, 4, 1, 1, 6, 1, 1, 3, 1, 68, 'Yuneris del carmen', 'González Alvarado', 'Soy una mujer Honesta, responsable, puntual proactiva y amable', '24528524', 'Av eloy Alfaro y Juan molineros edificio Portezuelo III apartamento #20', '5b16ecad32bda.jpg', '5b16ecad32e1b.jpg', NULL, NULL, '1965-06-14', '1758750127', '0979608730', 2, 0, 1, 1, 0, 1, NULL, '400$', 'Comité del pueblo', '', '1,67 cm', '170', NULL, NULL, 'Muy Bien', 'Excelente', 'Muy Bien', 2, NULL, NULL, NULL, NULL, NULL, NULL, NULL, 1, '2018-10-30'),
(32, 2, 3, 1, 1, 1, 1, 1, 3, NULL, 1, 1, 1, 4, 72, 'MARTHA LUCIA', 'PERUGACHI YACELGA', 'HONRADA  TRABAJADORA', '0963020961', 'ALFREDO ESCANDON N6-135 Y SERGIO PAZMIÑO', NULL, NULL, NULL, NULL, '1984-04-06', '1720174190', '0983005352', 1, 0, 0, 0, 0, 1, NULL, '400', 'TUMBACO VILLA VEGA', '', '1.60', '1.45', NULL, NULL, 'Básico', 'Muy Bien', 'Básico', 2, NULL, NULL, NULL, NULL, NULL, NULL, NULL, 1, '2018-10-30'),
(33, 2, 3, 2, 3, 2, 2, 1, NULL, 2, 1, 2, 1, 3, 73, 'Maritza Beatriz', 'Pupiales Pupiales', 'Soy una persona onesta sobre todo muy responsable y puntual, con muchas ganas de trabajar y referencias solidas.', NULL, 'Chillogallo', '5b170fde90c41.jpg', NULL, NULL, NULL, '1994-04-08', '1003802913', '0996956269', 1, 0, 0, 0, 0, 0, NULL, 'Sueldo básico', 'San Luis , barrio san mateo.', '', '1.50', '125', NULL, NULL, 'Muy Bien', 'Excelente', 'Muy Bien', NULL, NULL, NULL, NULL, NULL, NULL, NULL, NULL, 1, '2018-10-30'),
(35, 2, 7, 1, 1, 1, 1, 1, 3, 6, 1, 2, 1, 2, 92, 'CELIA ELIZABETH', 'GRANDA FLORES', 'SOY UNA SRTA RESPONSABLE Y CON DESEOS DE SUPERACION Y MUCHAS GANAS DE TRABAJAR EN AREA O ACTIVIDAD ENCOMENDADA', '03170690', 'General Milller oe9210 y cestaris', NULL, NULL, NULL, NULL, '1986-08-28', '1723560551', '0984024467', NULL, 0, 0, 1, 0, 0, 'servicio al cliente', '386', 'condominios sta lucia', '', '1.35', NULL, NULL, NULL, 'Excelente', 'Muy Bien', 'Básico', NULL, 0, NULL, NULL, NULL, NULL, NULL, NULL, 1, '2018-10-30'),
(36, 1, 12, 1, 1, 2, 1, 1, 1, 3, NULL, 1, 1, 1, 95, 'Luis Ramiro', 'Martinez Tsuntzumachi', NULL, NULL, 'antonio roman y joaquin calderon', NULL, NULL, NULL, NULL, '1984-07-11', '1721327508', '0999893107', 1, 0, 0, 1, 0, 0, 'cursos en riesgo laboral en el icapi', '400.00', 'san fernando sector de san carlos', '', '1.65 cm', '120 libras', NULL, NULL, 'Muy Bien', 'Excelente', 'Básico', NULL, NULL, NULL, NULL, NULL, NULL, NULL, NULL, 1, '2018-10-30'),
(37, 2, 12, 2, 1, 2, 1, 1, 1, 1, 2, 1, 1, 3, 96, 'Laura Carolina', 'Reyes Franco', 'Me identifico soy responsable con mi trabajo respetuosa alegre carismática soy una persona cristina', '0979981366', 'Chillogallo cal ibarra', '5b1efc084f3b8.jpg', NULL, NULL, NULL, '1984-06-05', '1310268303', '0979981366', 3, 0, 1, 1, 0, 0, 'Tejido costura', '420', 'La.merced', '', '155', '135', NULL, NULL, 'Básico', 'Excelente', 'Muy Bien', NULL, NULL, NULL, NULL, NULL, NULL, NULL, NULL, 1, '2018-10-30'),
(38, 2, 7, 2, 1, 2, 1, 1, 1, 3, 1, 1, 1, 3, 99, 'Rosa Magdalena', 'Ponce Robles', 'Me identifico por ser una persona muy capas responsable de si mismo y de las tareas encomendadas', '4536489', 'Mz: 29 Lt:27', NULL, NULL, NULL, NULL, '1980-11-29', '1715406789', '0997945319', 3, 0, 0, 1, 0, 0, 'Curso de Corte y Confeccion', 'El basico', 'El Conde N4', '', '1.55', '120 l', NULL, NULL, 'Básico', 'Muy Bien', 'Básico', NULL, NULL, NULL, NULL, NULL, NULL, NULL, NULL, 1, '2018-10-30'),
(39, 2, 4, 2, 1, 3, 1, 1, 1, 2, 1, 1, 1, 1, 100, 'Martha Patricia', 'Moreira Villa', 'soy onesta respetuosa honrrada y sobre todo cumplida', '2357642', 'pomasqui', '5b293e5833109.jpg', '5b293e5833384.jpg', NULL, NULL, '1984-07-28', '1311656688', '0979390648', 2, 0, 1, 1, 0, 0, 'primeros auxilios,computación, diseño', '390', 'sucre', '', '1.50', '150', NULL, NULL, 'Básico', 'Muy Bien', 'Básico', NULL, NULL, NULL, NULL, NULL, NULL, NULL, NULL, 1, '2018-10-30'),
(40, 2, 4, 3, 4, 2, 1, 1, 1, 2, 1, 2, 1, 3, 101, 'EMMA TRANSITO', 'MUÑOZ FLORES', 'Soy una persona muy responsable con mi trabajo, me gusta ser cumplida y sobre todo honrada con lo que hago.', '(02) 304-1564', 'Cdla.Ibarra-Av. Martha Bucaram y S- 40- Barrio las Orquideas.', '5b29a3816d5c9.jpg', '5b29a3816e345.jpg', NULL, NULL, '1966-08-15', '1751536630', '0987519967', 2, 1, 0, 0, 0, 0, 'Contabilidad General', '200', 'Cdla. Ibarra- Barrio Las Orquideas', '', '150', '130', NULL, NULL, 'No aplica', 'Excelente', 'No aplica', NULL, NULL, NULL, NULL, NULL, NULL, NULL, NULL, 1, '2018-10-30'),
(41, 2, 11, 1, 4, 2, 1, 1, 1, 7, NULL, 2, 1, 3, 102, 'Wendy Anaela', 'Barreto Muñoz', 'Soy una persona muy responsable con mi trabajo, me gusta ser cumplida y sobre todo honrada con lo que hago.', '(02) 304-1564', 'Cdla.Ibarra-Av. Martha Bucaram y S- 40- Barrio las Orquideas.', '5b29a5814da6d.jpg', '5b29a5814dcd3.jpg', NULL, NULL, '2000-01-27', '1751536630', '0958776775', NULL, 0, 0, 1, 0, 1, NULL, '200', 'Cdla. Ibarra- Barrio Las Orquideas', '', '157', '140', NULL, NULL, 'Excelente', 'Básico', 'Básico', NULL, NULL, NULL, NULL, NULL, NULL, NULL, NULL, 1, '2018-10-30'),
(42, 1, 2, 3, 1, 2, 1, 1, 1, 2, 1, 1, 1, 3, 103, 'Alex Mauricio', 'Arrieta Muñoz', 'Soy una persona muy responsable con mi trabajo, me gusta ser cumplida y sobre todo honrada con lo que hago.', '(02) 304-1564', 'Cdla.Ibarra-Av. Martha Bucaram y S- 40- Barrio las Orquideas.', '5b29a8e6c6567.jpg', '5b29a8e6c6816.jpg', NULL, NULL, '1989-10-06', '1724783483', '0995037384', 2, 0, 0, 1, 0, 1, NULL, '400', 'Cdla. Ibarra- Barrio Las Orquideas', '', '175', '200', NULL, NULL, 'Básico', 'Básico', 'Básico', 5, NULL, NULL, NULL, NULL, NULL, NULL, NULL, 1, '2018-10-30'),
(43, 2, 7, 3, 1, 2, 1, 1, 1, 2, 5, 2, 1, 1, 106, 'Veronica Grace', 'Toscano Lopez', 'Soy Responsable, Culta, Carismática, Puntual y Servicial', '2290217', 'Sancho Hacho N60-201 y Av del maestro Sector Rumiñahui', '5b3049b53ed7b.jpg', NULL, NULL, '5b429d71e70de.pdf', '1979-09-21', '1715926620', '0985559332', 1, 0, 0, 1, 0, 0, NULL, '400', 'Rumiñahui', 'df5O5ch7h-I', '1,67', '180', NULL, NULL, 'Muy Bien', 'Muy Bien', 'Básico', NULL, 1, 'Mujer, 4 años, Cuida Mi Madre', NULL, NULL, NULL, NULL, NULL, 1, '2018-10-30'),
(46, 2, 13, 3, 3, 1, 1, 1, 1, 7, 1, 2, 1, 2, 108, 'Yadira Alexandra', 'Parra Ninagualpa', 'Soy responsable muy puntual respetuoso dispuesta a realizar cualquier actividad', '2604362', 'Av.los conquistadores y la tolita', '5b33e4f32e935.jpg', NULL, NULL, NULL, '1994-03-15', '1720594702', '0984741243', 2, 0, 1, 1, 0, 1, NULL, '250', 'Guapulo', '', '154', '120', NULL, NULL, 'Muy Bien', 'Excelente', 'Muy Bien', 2, 1, 'Femenino 6 años\r\nMasculino 6 meses', NULL, NULL, NULL, NULL, NULL, 1, '2018-10-30'),
(47, 1, 6, 1, 5, 1, 1, 1, 8, 2, 2, 1, 3, 3, 112, 'Cesar Jose', 'Tixe Colmenares', 'muy dinamico, proactivo, trabajo bajo presion, carismatico, y me adapto muy rapido al sistema de trabajo', '24520194', 'av. rumichaca y guayanay ñan. residencia alpallacta casa 131', NULL, NULL, NULL, NULL, '1991-05-17', '3050159437', '0961370784', NULL, 0, 0, 1, 0, 1, NULL, '400', 'quitumbe', '', '1.70', '143.3', NULL, NULL, 'Básico', 'Muy Bien', 'Básico', NULL, 1, NULL, NULL, NULL, NULL, NULL, NULL, 1, '2018-10-30'),
(48, 2, 8, NULL, 1, 2, 1, 1, 1, 3, 2, 2, 1, 3, 114, 'Rosa Esther', 'Muñoz Limones', 'Una mujer sencilla trabajadora humilde respetuosa honesta proactiva práctica', '023011104', NULL, '5b37f6664f90f.jpg', NULL, NULL, NULL, '1964-01-06', '1708159858', '0988390917', NULL, 0, 0, 1, 0, 0, NULL, '300', 'El blanqueado', '', '1.60', '125', NULL, NULL, 'Excelente', 'Excelente', 'Excelente', NULL, 1, NULL, NULL, NULL, NULL, NULL, NULL, 1, '2018-10-30'),
(49, 2, 11, 2, 1, 2, 1, 1, 3, 2, 2, 1, 1, 2, 115, 'Magdalena Olga', 'Grefa Andi', 'Soy una persona muy honesta,responsable y puntual,cuando trabajo soy muy atenta y no me dejo distraer hasta terminar mi trabajo y bien hecho.Tengo referencias comprobables y espero conseguir trabajo rapidamente por que lo necesito y quiero que me den oportunidades laborales.', '2580126', 'Vicente Leon N9-43 entre Oriente y Esmeraldas', NULL, NULL, NULL, NULL, '1979-01-26', '1717924383', '0981493342', 4, 0, 1, 1, 0, 0, NULL, '$386.00', 'San Blas', '', '1.59', NULL, NULL, NULL, 'Muy Bien', 'Excelente', 'Muy Bien', NULL, 1, 'Mujer,17 años \r\nMujer,15 años\r\nHombre,11 años\r\nHombre,2 años\r\nYa son mayores,mi hija mayor me ayuda con el mas menor', NULL, NULL, NULL, NULL, NULL, 1, '2018-10-30'),
(50, 2, 8, 2, 5, 2, 1, 1, 5, 2, 2, 1, 1, 4, 58, 'Verónica Alexandra', 'Pineda Tandazo', 'Soy una mujer luchadora Honesta madre de cuatro hijos mi deseo es ayudar a mi esposo en la economía de la casa para que mis hijos puedan seguir estudiando y ser Profesionales en un Futuro', '0997738272', 'Pasaje Tungurahua 1257 y Río San Pedro', '5be4da8d1e81e.jpeg', NULL, NULL, '5be4da8d1eacc.pdf', '1980-01-16', '1714264312', '0997738272', 4, 0, 1, 1, 0, 0, 'Estratetigias TIG', 'Sueldo Básico', 'Barrio Santa Isabel Sector la Foto Vía Amaguaña', '', '156', '130', NULL, NULL, 'Muy Bien', 'Excelente', 'Muy Bien', NULL, 1, '-Mujer 21 años \r\n-Hombre 19 años\r\n-Mujer 15 años\r\n-Mujer 12 años \r\nLos cuida mi madre en la mañana a las dos chicas de 15 y 11 por qué en la tarde estudian y los mayores estudian universidad en el día', NULL, NULL, NULL, NULL, NULL, 1, '2018-10-30'),
(51, 2, 8, 4, 1, 1, 1, 1, 2, 2, 2, 1, 1, 3, 118, 'Maria Rebeka', 'Montalvan Lopez', 'Una persona responsable  humilde,honrada y sobre todo muy trabajadora', '4524539', 'Santa Rosa de chillogallo', '5b3aae70e8571.jpg', NULL, NULL, NULL, '1976-01-05', '0801755273', '0962808952', NULL, 1, 0, 1, 0, 0, 'Auxiliar de enfermeria', 'Básico', 'La garzota', '', '1.56', '120', NULL, NULL, 'Excelente', 'Excelente', 'Excelente', NULL, 1, NULL, NULL, NULL, NULL, NULL, NULL, 1, '2018-10-30'),
(52, 2, 3, 2, 1, 1, 1, 1, 1, 3, 1, 2, 1, 3, 121, 'Rosa Yolanda', 'Sigcha Singaucho', 'una persona responsable, seria y puntual', NULL, NULL, '5b3b719feaa1a.jpg', '5b3b719feac7f.pdf', NULL, NULL, '1976-04-11', '1711660298', '0984728021', 2, 0, 0, 0, 0, 1, NULL, NULL, 'Villaflora', '', '1.60', '60 kilos', NULL, NULL, 'Básico', 'Excelente', 'Muy Bien', 2, 1, 'mujeres, 23 y 8 años y se cuidan solos', NULL, NULL, NULL, NULL, NULL, 1, '2018-10-30'),
(53, 2, 12, 1, 1, 2, 1, 1, 1, 3, 2, 1, 1, 3, 122, 'ROSA ELENA', 'ORTIZ CARRASCO', 'SOY PERSONA, SOCIABLE, RESPONSABLE, ME GUSTA CUMPLIR CON LOS COMPROMISOS QUE ADQUIERO.', NULL, 'MUISNE Y OMAGUAS 5946', NULL, NULL, NULL, NULL, '1988-07-10', '1722563853', '0969201793', 2, 1, 0, 1, 0, 0, NULL, '400', 'LA FORESTAL', '', NULL, NULL, NULL, NULL, 'Muy Bien', 'Excelente', 'Excelente', NULL, 1, '2 HIJOS VARONES DE 14 Y 8 AÑOS CADA UNO LOS CUIDA MI HERMANO EN MIS HORAS DE TRABAJO', NULL, NULL, NULL, NULL, NULL, 1, '2018-10-30'),
(54, 2, 11, 2, 1, 2, 1, 1, 3, 6, 5, 1, 3, 4, 123, 'nohemi mercedes', 'santana castro', 'Soy una persona proactiva, entusiasta y a las ves respetuosa y colaboradora. Modo de trabajo flexible, segun las exigencias del empleador.', NULL, 'valle de los chillos, sangolqui', '5b3be29d90d76.JPG', NULL, NULL, NULL, '1997-02-02', '1758825416', '0987772953', NULL, 0, 0, 1, 0, 0, 'relaciones humanas', '386', 'selva alegre', '', '1.63', NULL, NULL, NULL, 'Excelente', 'Excelente', 'Excelente', NULL, 0, NULL, NULL, NULL, NULL, NULL, NULL, 1, '2018-10-30'),
(55, 2, 9, 2, 1, 1, 1, 1, 1, 5, 1, 1, 1, 1, 124, 'Norma Seymi', 'Chicaiza Ulcuango', 'Me llamo Norma Chicaiza me identifico como una persona sincera, social, amigable, amable, respetuosa . Me gustaría conocer nuevas personas\r\npara formar un buen grupo de trabajo . Soy una persona responsable para cada área de mi trabajo y ante todo humilde,me gusta cumplir con mi trabajo , tener nuevas metas o ideas .', '3443-252', 'Jaime Roldós Aguilera y la Leonardo Freire', '5b3c0ec5e2624.jpg', '5b3c0ec5e3512.jpg', NULL, '5b3c0ec5e4c6c.jpg', '1972-05-22', '171158439-9', '098371920-1', NULL, 0, 1, 1, 0, 0, '3 er curso en Corte y Confeccion', 'El básico y lo de horas extras', 'Carcelen - Corazon de Jesus', '', '1,52', '114', NULL, NULL, 'Básico', 'Básico', 'Básico', NULL, 1, NULL, NULL, NULL, NULL, NULL, NULL, 1, '2018-10-30'),
(57, 2, 5, 3, 1, 3, 1, 1, 1, 2, 1, 1, 1, NULL, 133, 'Mirian Elizabeth', 'Santacruz Baque', 'me identifico como una persona responsable , humilde , honesta y capas de realizar cualquier trabajo', NULL, 'Yaruqui -El Tejar', NULL, NULL, NULL, NULL, '1987-12-01', '1720450111', '0990433062', NULL, 0, 0, 1, 0, 0, 'CAJERA, AUXILIAR COMERCIAL', '400+ horas extra', 'El Tejar', '', '1.37', '85 libras', NULL, NULL, 'Básico', 'Básico', 'Básico', NULL, 0, NULL, NULL, NULL, NULL, NULL, NULL, 1, '2018-10-30'),
(58, 2, 13, 4, 5, 2, 1, 1, 1, 1, 1, 1, 1, 1, 135, 'Fabiola', 'Yar narvaez', 'una persona honesta responsable dispuesta a superarse y  a cumplir un  trabajo .con etica y  buena actitud .', NULL, 'Entrada Llano  Grande  Calle 25 de Noviembre y Chimborazo  casa b5', '5b43bfab9976e.jpg', NULL, NULL, NULL, '1964-02-23', '1707124366', '0979505820', NULL, 1, 1, 1, 0, 0, 'Desechos Hospitalarios', '400', 'Calderon', '', '1.50', '120', NULL, NULL, 'Excelente', 'No aplica', 'No aplica', NULL, 1, NULL, NULL, NULL, NULL, NULL, NULL, 1, '2018-10-30'),
(59, 1, 5, 1, 1, 2, 1, 1, 1, 5, 1, 1, 1, 4, 137, 'JHON', 'VILLAGOMEZ', 'SOY CARISMATICO\r\nMUY HUMILDE\r\nSOCIAL\r\nPROACTIVO\r\nTRABAJO EN EQUIPO', '023184395', 'LOMA DE PUENGASI', '5b43c54204818.jpg', NULL, NULL, NULL, '1982-12-16', '1718076852', '983357979', NULL, 0, 0, 1, 0, 0, NULL, 'BASICO', 'Villaflora', '', '1.79', '74', NULL, NULL, 'Básico', 'Excelente', 'Excelente', NULL, 0, NULL, NULL, NULL, NULL, NULL, NULL, 1, '2018-10-30'),
(60, 2, 4, 1, 1, 2, 1, 1, 1, 1, 1, 1, 1, 2, 140, 'Nieve irene', 'Mero santana', 'Eficiente onesta soy amorosa   con los niños mayores de edad etc paciente', '2239124', 'Bartolome de las casas y Ricardo Villavicencio', NULL, NULL, NULL, NULL, '1974-08-17', '1308259181', '0995769942', 1, 1, 0, 1, 0, 0, 'Primaria', 'El básico', 'Las casas', '', '1 54', '100', NULL, NULL, 'Muy Bien', 'Excelente', 'Básico', NULL, 1, 'Femenina va al colegio de tarde y la cuyda en la mañana su tia', NULL, NULL, NULL, NULL, NULL, 1, '2018-10-30'),
(61, 2, 7, 2, 1, 1, 1, 1, 2, 1, 1, 1, 1, 3, 144, 'Rosa Amada', 'Haro Cachumba', 'Con respecto a mi persona quisiera destacar que poseo una actitud proactiva y positiva con deseos de superación, de fácil adaptación al trabajo en equipo, con un alto grado de responsabilidad y sobre todo ganas de obtener logros sobre aquellos objetivos y metas que se propone.', '02-2681489', 'Solanda 2 - Jose Viteri y Salvador Bravo', '5b44d52d24481.jpg', NULL, NULL, NULL, '1962-08-29', '1706897830', '0998057947', NULL, 0, 0, 1, 0, 0, 'Fundación Ecuatoriana Dr. Eduardo Mosquera. 16 junio 2003. Curso Teórico Práctico de Primeros Auxilios. (4 meses)', '380-500', 'Solanda 2', '', '1.55', '138', NULL, NULL, 'Muy Bien', 'Muy Bien', 'Muy Bien', NULL, 1, NULL, NULL, NULL, NULL, NULL, NULL, 1, '2018-10-30'),
(62, 2, 13, 1, 1, 2, 4, 1, 5, 6, 1, 1, 3, 1, 142, 'Erickha Estefanía', 'Cabrera Torres', 'Profesional altamente capacitado, orientada a logros, servicial, amable, con capacidad de aprender y adquirir nuevas destrezas.', NULL, 'Av. Ladròn de Guevara y Av. Toledo', '5b4510522314d.jpg', NULL, NULL, NULL, '1991-03-04', '1758673782', '0962900050', NULL, 0, 0, 0, 0, 0, 'Ing. Ambiental', '$386', 'La Floresta', '', '159', '125', NULL, NULL, 'Muy Bien', 'Excelente', 'Muy Bien', NULL, 0, NULL, NULL, NULL, NULL, NULL, NULL, 1, '2018-10-30'),
(63, 2, 9, 4, 5, 2, 1, 1, 1, 2, 1, 1, 1, 3, 149, 'Martha Cecilia', 'Alcocer Quinteros', '500', NULL, 'Calle Rosa Yeira 0e5293 y Serapio Japerabi', NULL, NULL, NULL, NULL, '1965-05-25', '1708619968', '0980376260   -', NULL, 0, 0, 1, 0, 0, NULL, 'Basico', 'Barrionuevo', '', '1.55', '140', NULL, NULL, 'Básico', 'Excelente', 'Excelente', NULL, 0, NULL, NULL, NULL, NULL, NULL, NULL, 1, '2018-10-30'),
(64, 2, 13, 3, 1, 1, 3, 1, 1, 1, 1, 1, 1, 1, 150, 'BLANCA GUADALUPE', 'JARAMILLO CHIRAN', 'Soy una persona honesta, puntual y trabajadora. Me gusta cocinar y arreglar. Cocino el mejor seco de pollo', '2036097', 'Geovanny Calles y Rosa Montufar, por los pollos Star', '5b46312e138f6.jpeg', '5b46312e13b33.jpeg', NULL, '5b46312e14a9a.jpeg', '1979-02-23', '1715486211', '0968345658', NULL, 0, 1, 1, 0, 0, 'Manipulación de alimentos', 'El basico', 'Zabala', 'tOYKPyBjiUY', '170', '170', NULL, NULL, 'Muy Bien', 'Excelente', 'Excelente', NULL, 1, NULL, NULL, NULL, NULL, NULL, NULL, 1, '2018-10-30'),
(65, 2, 8, 2, 1, 2, 3, 1, 3, 3, 1, 1, 1, 1, 153, 'MARCIA ELIZABETH', 'SALCEDO', 'TRABAJADORA ,  RESPONSABLE , PUNTUAL', '0982859923', 'INBABURA ,COTACACHI PEÑAHERRERA', '5b47ce01e04e8.jpeg', NULL, NULL, NULL, '1980-01-04', '1716184443', '0982859923', NULL, 1, 1, 1, 0, 0, NULL, '380', 'CUATRO ESQUINAS LA PLANADA', '', '1.52', '120 LIBRAS', NULL, NULL, 'Básico', 'Excelente', 'Excelente', NULL, 1, NULL, NULL, NULL, NULL, NULL, NULL, 1, '2018-10-30'),
(66, 2, 6, 2, 1, 3, 1, 1, 1, 2, 1, 1, 1, 1, 154, 'JOHANA SOLEDAD', 'GOMEZ GUALOTO', 'SOY UNA PERSONA SENCILLA Y EN CUALKIER TRABAJO ME DESEMPEÑO BIEN', '022035216', 'SAN JUAN LA PRADERA', NULL, NULL, NULL, NULL, '1996-04-29', '1727135756', '0987094182', 2, 0, 0, 1, 0, 0, 'LIMPIEZA HOSPITALARIA', '500', 'SAN JUAN DE CALDERON', '', '1601R4', '140', NULL, NULL, 'No aplica', 'Excelente', 'Muy Bien', NULL, 1, 'MASCULINO Y FEMENINO,8 AÑOS Y 5 AÑO', NULL, NULL, NULL, NULL, NULL, 1, '2018-10-30'),
(67, 2, 12, 2, 4, 2, 2, 1, 1, 1, 2, 2, 1, 1, 130, 'Rosa Anita', 'Puma Tambi', 'Buen carisma, comunicsativa y hamable', '3195087', 'El Inca y Yedras', '5b4a412532808.JPG', '5b4a412532a90.jpg', NULL, '5b4a412534971.jpg', '1975-07-07', '100225007-2', '0991705775', NULL, 0, 1, 1, 0, 0, 'Ninguno', '250', 'El Inca', 'SsUF0cbHf54', '1.50', '120', NULL, NULL, 'Excelente', 'Excelente', 'Excelente', NULL, 1, NULL, NULL, NULL, NULL, NULL, NULL, 1, '2018-10-30'),
(68, 1, 4, 2, 5, 2, 1, 1, 1, 3, 1, 1, 1, 3, 158, 'Edison Fabian', 'Guachamin Aguiza', 'Me considero una persona muy respetuosa y responsable, capaz de realizar un trabajo de calidad', '3122820', '12 de Febrero y Fidel Andrade', '5b4cc46494fdd.jpg', '5b4cc46496363.pdf', NULL, '5b4cc464970c0.pdf', '1991-07-23', '1721679809', '0987504831', 2, 0, 0, 1, 0, 1, 'Formación en trabajo seguro en Alturas', '386', 'La Ferroviaria', '', '170 cm', NULL, NULL, NULL, 'No aplica', 'Excelente', 'No aplica', 2, 1, 'Femenino, 8 años\r\nMasculino,5 años\r\nla madre los cuida', NULL, NULL, NULL, NULL, NULL, 1, '2018-10-30'),
(69, 2, 8, 3, 1, 1, 1, 1, NULL, 3, 1, 1, 1, 1, 159, 'MARTHA ALICIA', 'MINDA FRANCO', 'Soy una persona tranquila, responsable, cumplo con lo que me asignan, alegre de buen carácter, ingeniosa.', '3474135', 'Francisco Robles n4-175 y pasaje Las Dalias', '5b4ce33ca19b1.jpeg', NULL, NULL, NULL, '1970-01-02', '1709538530', '0984068686', NULL, 0, 0, 1, 0, 0, 'Corte y confeccion', 'El basico', 'Comite del Pueblo', '4Ofxl__tCc8', '163', '180', NULL, NULL, 'Muy Bien', 'Excelente', 'Muy Bien', NULL, 1, NULL, NULL, NULL, NULL, NULL, NULL, 1, '2018-10-30'),
(70, 2, 11, 1, 3, 1, 3, 1, 1, 2, 1, 2, 1, 1, 161, 'Carmen Fernanda', 'Bernardo Folleco', 'Responsable aprendizaje rápido apoyo incondicional en el área de trabajo proactiva con deseos de superacion trabajo en equipo', '4521768', 'Tío Manuel Oropa S2-152 y Huyraloma', '5b4d1348bc632.jpg', NULL, NULL, NULL, '1974-02-15', '1710028679', '0982223093', NULL, 1, 0, 1, 0, 0, NULL, '240', 'San Miguel de Calderón', '', '1.55', '134', NULL, NULL, 'Básico', 'Excelente', 'Básico', NULL, 1, NULL, NULL, NULL, NULL, NULL, NULL, 1, '2018-10-30'),
(71, 2, NULL, 2, 1, 3, 1, 1, 5, 2, 2, 1, 1, 3, 164, 'Cristina Maribel', 'Rodriguez Acosta', 'Soy muy entusiasta, fuerte, honesta, rapido aprendizaje, le gusta luchar por sus metas, tranajadora', NULL, 'Rene Hidalgo E1-141 y Leonidas Mata', '5b4d4c3f03d1a.jpg', NULL, NULL, NULL, '1983-06-06', '1803741394', '0996058741', 1, 0, 1, 1, 0, 0, 'Auxiliar en enfermeria', '400', 'Guamani', '', '1.64 cm', '80kilos', NULL, NULL, 'Muy Bien', 'Excelente', 'Básico', NULL, 1, 'Tengo una Hija de 11 años de Edad y mi madre la cuida mientras trabajo', NULL, NULL, NULL, NULL, NULL, 1, '2018-10-30'),
(72, 2, 6, 2, 1, 2, 1, 1, 1, 2, 1, 2, 1, 1, 166, 'Margarita de Lourdes', 'Romero Chacon', '-Lograr un excelente desarrollo personal y profesional en mi vida  junto a la organización de su valiosa empresa para que su buen nombre sea ubicado en sitiales que se merece ,aplicar el habito de la responsabilidad en el trabajo   que se me es encomendado, el saber escuchar y el buen juicio', '0999459948', 'Diogenes Paredes y Rafael Bustamante', NULL, NULL, NULL, NULL, '1970-04-29', '1710293307', '0999459948', 4, 0, 1, 1, 0, 0, NULL, 'mi aspiración es de acuerdo lo que  da la ley de trabajo', 'La Luz', '', '1.55', '140', NULL, NULL, 'Básico', 'Básico', 'Básico', NULL, 1, '2 hombres  2 mujeres', NULL, NULL, NULL, NULL, NULL, 1, '2018-10-30'),
(74, 2, 9, 4, 1, 1, 1, 1, 1, 1, 1, 1, 1, 1, 169, 'Martha Mayra', 'Monta Tenelema', 'Soy una mujer trabajadora que le gusta  ser responsable en mi ocupación y en mis tareas diaria, la puntualidad es una de mis virtudes, como el ser discreta en relaciones laborales y dedico tiempo a ser mejor.', '3381079', 'El condado', '5b4f722b1b277.jpeg', NULL, NULL, NULL, '1980-06-19', '171511360-9', '0959111368', NULL, 1, 0, 1, 0, 0, 'Seguridad Laboral e Industrial', 'El basico', 'El condado', '', NULL, NULL, NULL, NULL, 'Básico', 'Muy Bien', 'No aplica', NULL, 1, NULL, NULL, NULL, NULL, NULL, NULL, 1, '2018-10-30'),
(75, 2, 6, 1, 1, 2, 1, 1, 1, 2, 1, 1, 1, 3, 171, 'GRACIELA ELIZABETH', 'CARRERA GUAMAN', 'SOY UNA PERSONA JOVEN  MUY AMABLE, HONESTA Y  RESPONSABLE CON MUCHAS GANAS DE TRABAJAR  Y SUPERARME', NULL, 'AV. P.V. MALDONADO Y ARTHURO TIPANGUANO OE3BLT-808', '5b510341d66be.jpg', '5b522ee1a7c76.jpg', NULL, '5b522ee1aabcd.jpg', '1998-05-21', '0250005352', '0979431641', NULL, 0, 0, 1, 0, 0, 'CAJEROS BANCARIOS Y COMERCIALES', '$400', 'NUEVA AURORA', '', '1.57', '110Lbrs', NULL, NULL, 'Básico', 'Muy Bien', 'Básico', NULL, 0, NULL, NULL, NULL, NULL, NULL, NULL, 1, '2018-10-30'),
(76, 2, 11, 2, 1, 2, 1, 1, 1, 2, 5, 1, 1, 3, 173, 'ESTEFANIA CARMEN', 'LLAMUSUNTA VILLEGAS', 'SOY UNA PERSONA RESPONSABLE TRABAJADORA HONESTA HUMILDE Y SOBRE TODO ME GUSTA MI TRABAJO', '3086948', 'CAUPICHO, CALLES S54 Y E5E CASA E5-262', '5b51fbe602f1b.jpg', NULL, NULL, NULL, '1992-01-26', '1724582554', '0983238957', 2, 0, 0, 1, 0, 0, 'MANTENIMIENTO DE COMPUTADORAS EN EL SECAP', '400', 'GUAMANI', '', '1.55', '150 LIBRAS', NULL, NULL, 'Muy Bien', 'Excelente', 'Muy Bien', NULL, 1, '9 AÑOS \r\n11 AÑOS  \r\nLOS CUIDA MI SUEGRAS', NULL, NULL, NULL, NULL, NULL, 1, '2018-10-30'),
(77, 2, 12, 1, 5, 2, 1, 1, 3, 3, 2, 1, 1, 3, 175, 'Andrea Carolina', 'Páez Pallo', 'Soy una mujer trabajadora, aprendo muy rapido ,soy ingeniosa, ordenada, me gusta la limpieza y el orden, me gusta ser puntual y cumplir a lo que me comprometo. Respondo bien a las responsabilidades y actividades que asignan, sonrio mucho . y creo en Dios', '2968290', 'Marcos Escorsa y Alonso Esteban ( sur)', NULL, NULL, NULL, NULL, '1985-07-20', '1721334744', '0993312647', 1, 0, 0, 0, 0, 0, 'Computación- Manejo de Alimentos', 'salario basico', 'Chillogallo', '', '1 metro 52 centimetros', '140 libras', NULL, NULL, 'Básico', 'Muy Bien', 'Básico', NULL, 1, '1 niño de 1 año y medio \r\nqueda al cuidado de mi madre', NULL, NULL, NULL, NULL, NULL, 1, '2018-10-30'),
(78, 2, 8, 4, 1, 2, 1, 1, 5, 1, 1, 2, 1, 3, 174, 'Socorro del Carmen', 'IPAZ', 'me identifico como una señora honrrada y responsable', NULL, NULL, '5b54e71f5f312.jpg', '5b54e71f6104c.jpg', NULL, NULL, '1961-12-25', '1757544901', '0991342281', NULL, 1, 1, 0, 0, 0, NULL, 'lo Necesario para poder pagar servicio basico y arriendo', 'CLDA 23 DE MAYO SUR DE QUITO', '', '1.55', '165', NULL, NULL, 'Básico', 'Excelente', 'Básico', NULL, 1, NULL, NULL, NULL, NULL, NULL, NULL, 1, '2018-10-30'),
(79, 2, 5, 3, 1, 2, 1, 1, 1, 1, 1, 1, 1, 2, 176, 'Noella Eunice', 'Avilés Shiguango', 'Soy puntual en mi trabajo y bien honrada y onesta.', '0998257787', 'Loma de puengasi camino de los íncas', NULL, NULL, NULL, NULL, '1986-12-20', '1723815245', '0998257787', 3, 0, 0, 0, 0, 0, NULL, '385', 'Loma de puengasi camino de los íncas', '', '1 .56', '115', NULL, NULL, 'Básico', 'Básico', 'Básico', NULL, 1, 'Alexis  13 año  Karen  11 año  milan 5 año  mientras trabajo  mis hijos  estudian y las tarde pasan sólos.', NULL, NULL, NULL, NULL, NULL, 1, '2018-10-30'),
(80, 2, 3, 1, 1, 2, 1, 1, 1, 2, 1, 1, 1, 2, 177, 'Rebeca Elizabeth', 'Laguatasig Ortiz', 'me identifico como una persona puntual, respetuosa y educada que se tratar con todo tipo de personas jóvenes o adultas , puedo trabajar bajo presión .', '022956690', 'pedro de zumarraga y juan obando OE13-76', NULL, NULL, NULL, NULL, '1998-04-09', '1727419622', '0983043849', NULL, 0, 0, 1, 0, 0, NULL, '378', 'toctiuco alto', '', '1.66', '85', NULL, NULL, 'Básico', 'Excelente', 'Muy Bien', NULL, 0, NULL, NULL, NULL, NULL, NULL, NULL, 1, '2018-10-30'),
(81, 2, 7, 2, 5, 2, 1, 1, 1, 2, 3, 1, 1, 3, 178, 'Mirian Cecilia', 'Quinapallo Paredes', 'Soy una persona responsable. Honesta  humilde me gusta puntual  en mis trabajos me gusta realizar  bien hecho  todo lo que me encomienda', NULL, 'Cesar Aníbal Espinoza y Leonardo chiriboga', NULL, NULL, NULL, NULL, '1970-09-15', '1711169522', '098 767 2247', 4, 0, 1, 1, 0, 1, NULL, '400', 'Luluncoto', '', '1.63', '1.45', NULL, NULL, 'Excelente', 'Excelente', 'Excelente', 2, 1, 'Una señorita de 18  Salome mora \r\nUna señorita de 21 Pamela mora\r\nUna señorita de 23 Denise mora\r\nUn varón de 6 Axel Calderon', NULL, NULL, NULL, NULL, NULL, 1, '2018-10-30'),
(82, 2, 12, 2, 4, 2, 1, 1, 1, 3, 2, 2, 1, 3, 179, 'Shirley dayanne', 'Peñafiel Merizalde', 'Trabajadora ,presta a desempeñar cualquier actividad q sea necesaria con muchas ganas de aprender cosas nuevan para seguir creciendo profecionalmente', '3020198', 'Cardenal de la Torre y Rafael Ferrer', '5b5796f8f15c6.jpeg', NULL, NULL, NULL, '1994-07-03', '1723167043', '0983817382', NULL, 0, 1, 1, 0, 0, NULL, '200', 'Quito sur', '', '1.54', '115', NULL, NULL, 'Muy Bien', 'Muy Bien', 'Muy Bien', NULL, 1, NULL, NULL, '5b579505a9367.jpg', NULL, NULL, NULL, 1, '2018-10-30'),
(83, 2, 7, 1, 1, 2, 1, 1, 2, 4, 1, 1, NULL, 3, 181, 'Damaris', 'Corniel Roque', 'soy una persona responsable puntual alegre y con muchos deseos de trabajar honradamente.', NULL, 'chicaña y yanzatza', NULL, NULL, NULL, NULL, '1976-03-16', '175877313-7', '0986696516', 1, 1, 1, 0, 0, 0, 'ninguno', '390', 'ajavi', '', '1.56', '180', NULL, NULL, 'Muy Bien', 'Excelente', 'No aplica', NULL, 1, 'femenino 18 años estudia', NULL, NULL, NULL, NULL, NULL, 1, '2018-10-30'),
(84, 2, 2, 2, 1, 1, 1, 1, 1, 1, 1, 1, 1, 3, 182, 'Olga Beatriz', 'Chisag Lema', '13 de Octubre de 1985', NULL, 'Victoria Alta de Guamani calle Q', '5b5896bebc096.jpg', NULL, NULL, NULL, '1985-10-13', '1719455469', '0997645613', NULL, 0, 0, 1, 0, 0, 'Auxiliar de Limpieza', '$ 386', 'Victoria Alta de Guamani', '', '1.10', '115', NULL, NULL, 'Muy Bien', 'Excelente', 'Básico', NULL, 1, NULL, NULL, NULL, NULL, NULL, NULL, 1, '2018-10-30'),
(85, 2, 7, 2, 1, 1, 2, 1, 1, 5, 1, 1, 1, 1, 183, 'ROSA', 'SANTACRUZ QUINCHICUANGO', 'Soy responsable, humilde, amable y tengo 10 años de experiencia en servicio domèstico. Soy confiable', '5131863', 'Jose Felix Barreiro e19A lote 114 SAN ISIDRO DEL INCA', '5b58c847a37a5.jpeg', '5b58c847a4a78.jpeg', NULL, NULL, '1985-09-06', '1003283213', '0993674579', NULL, 0, 0, 1, 0, 0, NULL, 'El basico', 'LA CAMPIÑA', '', '1.38', '100', NULL, NULL, 'Básico', 'Excelente', 'Excelente', NULL, 1, NULL, NULL, NULL, NULL, NULL, NULL, 1, '2018-10-30'),
(86, 2, 1, 3, 1, 3, NULL, 1, NULL, 1, 5, 1, 1, 1, 186, 'Geoconda del Carmen', 'Yanchapaxi peña', 'Alegre y responsable', NULL, 'Pablo Esteban yerovi', NULL, NULL, NULL, NULL, '2018-07-25', '1718251455', '0962867212', NULL, 0, 0, 0, 0, 0, NULL, 'Sueldo Básico', 'Pisulli', '', '147', '110', NULL, NULL, 'Muy Bien', 'Muy Bien', 'Muy Bien', NULL, 1, NULL, NULL, NULL, 'Ninguna', NULL, NULL, 1, '2018-10-30'),
(87, 2, 13, 1, 1, 2, 1, 1, 1, 2, 5, 1, 1, 3, 188, 'Diana Carolina', 'Duran Napa', 'Soy una persona que me gusta trabajar , soy muy culta , respetuosa, y muy responsable con lo que me digan y con mi trabajo . Cuando tengo que decir algo lo digo en persona y si algo no me gusta también lo comunico.', '2571935', 'Maternidad Isidro Ayora', '5b59f1eab58f6.jpg', '5b59f1eab5b1f.jpg', NULL, '5b59f1eab734e.jpg', '1991-02-24', '1724529647', '0984982859', NULL, 1, 1, 1, 0, 0, 'Secap', '368.00 $', 'Lucha de los Pobres', '', '1.50', '60 kgs', NULL, NULL, 'Básico', 'Muy Bien', 'Básico', NULL, 1, NULL, NULL, '5b59f1eab7d13.jpg', 'precion baja', NULL, NULL, 1, '2018-10-30'),
(88, 2, 6, 2, 1, 1, 1, 1, 1, 3, 1, 1, 1, 1, 191, 'NARCISA DEL ROCIO', 'VARGAS BUENAÑO', 'Una persona responsable, cumplida, honorable', NULL, 'EL PARAISO ALTO CALLE CA CASA 118', NULL, NULL, NULL, NULL, '1971-05-07', '1710926393', '0959683392', 3, 0, 1, 0, 0, 0, NULL, '400', 'EL CONDADO', '', '160', NULL, NULL, NULL, 'Muy Bien', 'Muy Bien', 'Muy Bien', NULL, 1, 'VARON DE 10 AÑOS LO CUIDA MI HIJA DE 25 AÑOS', NULL, NULL, NULL, NULL, NULL, 1, '2018-10-30'),
(89, 2, 4, 1, 1, 3, 1, 1, 1, 2, 1, 1, 1, 1, 195, 'Marisol', 'Panchi Chaquinga', 'Buenas tardes señores de la agencia de de empleos me identifico una persona responsable respetuosa con muchos ánimos de trabajar soy colaboradora y trabajar de acuerdo alas necesidades de las personas que este de acuerdo de mi perfil soy muy carismática con niños es lo cuanto puedo decir y espero que me conozca como persona atentamente Marisol Panchi \r\nbendiciones', '5110677', 'los cedros 0e3 449 y chuquisaca (sector ofelia)', '5b5f765af2dbf.jpg', NULL, NULL, NULL, '2018-07-30', '1714596895', '0983355084', NULL, 1, 1, 1, 0, 0, 'Control de calidad de las empresas que labore', 'lo que mande la ley', 'la ofelia', '', '1 metro 60', '66 libras', NULL, NULL, 'Básico', 'Muy Bien', 'Muy Bien', NULL, 1, NULL, NULL, NULL, 'nu', '0969659647', NULL, 1, '2018-10-30'),
(90, 2, 2, 5, 1, 1, 1, 1, 1, 1, 1, 1, 1, 1, 197, 'ROSA ELENA', 'JIMENEZ TAYUPANDA', 'persona pro activa que aprende rápido los labores a realizar \r\nbuena compañera me agrada trabajar en grupo y colaborar en lo que sea posible alegre con entusiasmo de trabajar', '023412224', 'barrio santa ana alta calle juan hidalgo y francisco roman', '5b6281ea39a48.jpg', '5b6281ea3abc6.jpg', NULL, '5b6281ea3b93d.jpg', '1973-10-02', '1711063931', '0998652964', NULL, 1, 0, 1, 0, 0, NULL, '382', 'santa ana alta del condado', '', '1.55', NULL, NULL, NULL, 'Muy Bien', 'Muy Bien', 'Básico', NULL, 1, NULL, NULL, '5b6281ea3c1dc.jpg', NULL, '0998426431', NULL, 1, '2018-10-30'),
(91, 2, 7, 2, 5, 2, 1, 1, 1, 5, 1, 1, 1, 4, 200, 'MARGOTH DE LAS MERCEDES', 'LEIME CAIZALUISA', 'Soy mestiza, delgada, activa, positiva, creativa, puntual, responsable, honesta, comprometida con mi trabajo.', '238 90 55', 'Aloa, calle Bahía de Caraques y Gregorio Cando. Casa color amarillo claro, diagonal a Almacenes Verito.', '5b6371ed43d65.jpg', '5b6371ed44e20.jpg', NULL, '5b6371ed45fcc.jpg', '1977-08-26', '1714616545', '0989031377', NULL, 0, 1, 1, 0, 1, 'Título de Corte y Confección', '386', 'BARRIO ORIENTAL', '', '155', '120', NULL, NULL, 'Muy Bien', 'Excelente', 'Muy Bien', NULL, 1, NULL, NULL, '5b6371ed46224.jpg', NULL, NULL, NULL, 1, '2018-10-30'),
(92, 2, 7, 2, 5, 2, 1, 1, 1, 2, 1, 1, 1, 4, 201, 'Mèlida Clemencia', 'Pèrez portilla', 'soy una persona trabajadora responsable, dinámica, respetuosa con todos y aprendo con facilidad las labores encomendadas.', 'xxxxxxxxxxxsxxxx', 'Los Chillos Puente 3 La Armenia', '5b64898a0f0b4.docx', NULL, NULL, NULL, '1972-08-28', '1600284705', '0998030841', 3, 0, 1, 1, 0, 0, NULL, 'Bàsico', 'Conjunto Pueblo Blanco E1 E2', '', '1.50', '110', NULL, NULL, 'Básico', 'Muy Bien', 'Básico', NULL, 1, 'femenino: 23 años casada\r\nfemenino 18 estudiante\r\nfemenino: 09 estudiante se queda con la hermana', NULL, '5b64898a0ff77.docx', NULL, '0999349446', 'un año', 1, '2018-10-30'),
(93, 2, 12, 1, 1, 2, NULL, 1, 3, 2, 5, 1, 3, 3, 204, 'ailyn claret', 'silva González', 'persona proacti a con mucha iniciativa en cualquier area laboral, me caracterizo por trabajar en ambiente en equipo de trabajo y bajo presion. dominio de personal', NULL, 'La dirección es La Floresta calle lérida con pontevedra e13-15', '5b64b116e0ae9.jpg', NULL, NULL, NULL, '1974-07-22', '12431342', NULL, NULL, 0, 1, 1, 0, 1, NULL, '400', 'la floresta', '', '1.55', '67', NULL, NULL, 'Básico', 'Muy Bien', 'Muy Bien', NULL, 1, NULL, NULL, NULL, NULL, '+593 99 345 9810', NULL, 1, '2018-10-30'),
(94, 2, 11, 2, 1, 1, 1, 1, NULL, 2, 1, 1, 1, 1, 206, 'Rosa alejandrina', 'Sinchi Yumbla', 'Soy una persona responsable y honrada  y  puntual en el trabajo', '022025423', 'Carapungo y Chasqui', '5b68514f8af45.jpg', '5b68514f8b1d5.pdf', NULL, NULL, '1967-02-21', '0301096913', '0979037885', NULL, 0, 0, 1, 0, 0, NULL, '370', 'calderon', '', '1.50', '120', NULL, NULL, 'Muy Bien', 'Muy Bien', 'Muy Bien', NULL, 1, NULL, NULL, NULL, NULL, '0987887989', NULL, 1, '2018-10-30'),
(95, 2, 1, 2, 1, NULL, NULL, 1, NULL, NULL, NULL, 1, 1, NULL, 209, 'Monica Elizabeth', 'Garofalo Malquin', 'Soy una persona Responsable, puntual, respetuosa, atenta, trabajadora comprometida con mi trabajo.', NULL, 'Valle de los Chillos Sector Fajardo Calle Quitus y cañaris', NULL, NULL, NULL, NULL, '1977-11-20', '1714610555', NULL, NULL, 0, 0, 1, 0, 0, NULL, '390', NULL, '', NULL, NULL, NULL, NULL, 'No aplica', 'No aplica', 'No aplica', NULL, 0, NULL, NULL, NULL, NULL, NULL, NULL, 1, '2018-10-30'),
(96, 2, 2, 1, 5, 2, NULL, 1, 2, 6, 1, 1, 3, 2, 210, 'Carla carolina', 'Cedeño Rodriguez', 'Soy una persona proactiva, alegre,  humilde con deseos aprender y superarme, me adapto fácilmente y ne gusta mucho perfeccionarme ecada dia más .', NULL, 'Av América y Mariana de Jesus', '5b68966e90143.jpg', NULL, NULL, NULL, '1985-10-08', '080315155', '0980792923', 2, 1, 1, 1, 0, 0, 'Said administrativo , computacion basica.', '400$', 'Mariana de Jesus', '', '1,67', NULL, NULL, NULL, 'Básico', 'No aplica', 'Básico', NULL, 1, '11 meses y 10 años masculinos los 2 mi madre me los cuida ellos estan en Venezuela con mi madre', NULL, '5b68966e9052c.jpg', NULL, '0967640189', '2 meses', 1, '2018-10-30'),
(97, 2, 1, 1, 3, 2, 1, 1, 1, 2, 1, 2, 1, 1, 212, 'Dayana Fernanda', 'Ramos Abad', 'una persona honrada responsable y trabajadora y sobre todo con ganas de trabajar', '0983876645', 'calderon', '5b689c47d8ebd.jpg', NULL, NULL, NULL, '1997-11-01', '1727399402', '0983876645', 1, 1, 0, 0, 0, 0, 'en ciencias', '400', 'calderon', '', '164.4', NULL, NULL, NULL, 'Básico', 'Básico', 'Básico', NULL, 1, '2 anos', NULL, NULL, NULL, '0992214081', NULL, 1, '2018-10-30'),
(99, 2, 13, 2, 1, 1, 1, 1, 1, 1, 1, 2, 1, 1, 217, 'Elsa Esperanza', 'Martinez Chiguano', 'Soy un apersona muy responsable en mis tareas asignadas, las cuales las realizo con gran honestidad. Soy muy estricta con la limpieza, puntualidad y valores los cuales me catalogan como una persona el la cual se puede confiar, aprendo de manera rápida, mi desempeño en mi área de trabajo es elevado por lo cual e adquirido una gran experiencia los mismos que los demuestro día a día.', '2034808', 'San Jóse de Morán , Barrio la Planicie calle los Eucaliptos lote 19.', '5b68c8972168c.jpg', '5b68c897218e8.pdf', NULL, '5b68c89721afe.pdf', '1969-03-02', '1710644764', '0989822780', 2, 0, 0, 1, 0, 0, 'Ideación y Desarrollo de Emprendimientos.', '200', 'La Planicie', '', '150', '138', NULL, NULL, 'No aplica', 'No aplica', 'Muy Bien', NULL, 1, 'Sexo:Masculino, Edad: 25, se cuida solo.\r\nSexo:Masculino, Edad: 23, se cuida solo.', NULL, '5b68c897228bc.pdf', NULL, '0980283082', NULL, 1, '2018-10-30'),
(100, 2, 3, 3, 1, 3, 1, 1, 1, 5, 2, 1, 1, 3, 221, 'Karina Marisol', 'BAÑO TROYA', 'Paciente y muy responsable; ademas de mucha iniciativa en toda actividad. Una persona con valores de honestidad.', '3 122 561', 'Ferroviaria Alta; Nariz del Diablo S11-300 y Jorge Alzamora', NULL, NULL, NULL, NULL, '1996-04-09', '1751320019', '0961338396', NULL, 0, 1, 1, 0, 0, NULL, '366', 'Ferroviaria Alta', '', '158', '120', NULL, NULL, 'Básico', 'Muy Bien', 'Muy Bien', NULL, 1, 'hija única, dos años, femenino. Cuidad por mi suegra y cuñada.', NULL, NULL, NULL, '0961338396', NULL, 1, '2018-10-30'),
(101, 2, 4, 4, 1, 2, 1, 1, 1, 2, 1, 1, 1, 4, 220, NULL, NULL, 'Soy una persona honesta, honrada, puntual. Me gusta hacer las cosas bien. Y ser muy responsable. Soy una persona muy cumplida con el trabajo.', '2071720', 'Av. General Rumiñahui. Puente #7 Cdla. Hospitalaria. Calle Carlos Montufar y Juan Pio Montufar N10-531', '5b68cdfae21d9.jpg', NULL, NULL, NULL, '1965-08-08', NULL, '0987822007', 6, 1, 0, 0, 0, 0, NULL, '390', 'Cdla. Hospitalaria', '', '145 cm', '120', NULL, NULL, 'Muy Bien', 'Excelente', 'Muy Bien', NULL, 1, 'Masculino, 31 años\r\nFemenino, 28 años\r\nFemenino, 26 años\r\nFemenino, 24 años\r\nMasculino, 21 años\r\nFemenino,19 años\r\n\r\nSon independientes', NULL, NULL, NULL, '0995204423', '12 años', 1, '2018-10-30'),
(102, 2, NULL, 1, 1, 2, 1, 1, NULL, 1, 1, 1, 1, 1, 222, 'susana angelica', 'tituaña bolaños', 'como una persona responsable', NULL, 'calle manabi y catequilla lote51', '5b68d253891cc.png', NULL, NULL, NULL, '1984-06-12', '1717324733', '0983423061', NULL, 1, 0, 1, 0, 0, NULL, '385', '4 de abril', '', NULL, NULL, NULL, NULL, 'Muy Bien', 'Excelente', 'Muy Bien', NULL, 1, NULL, NULL, NULL, NULL, '0992233334', NULL, 1, '2018-10-30'),
(103, 2, 3, 2, 1, 2, 1, 1, 1, 3, 1, 1, 1, 1, 218, 'Nidia Adela', 'Morocho Teran', 'Responsable honrada respetuoza amable', '341 1690', 'SAN CARLOS. FLAVIO ALFARO Y SEGUNDO ARAUZ', '5b68ed62ed93d.jpg', '5b68ed62edbf9.jpg', NULL, '5b68ed62ede39.jpg', '1985-03-27', '1500783392', '099 145 0776', NULL, 0, 0, 1, 0, 0, NULL, 'Salario básico más horas extras', 'La campiña', '', '165', '134', NULL, NULL, 'Básico', 'Excelente', 'Excelente', NULL, 1, NULL, NULL, '5b68ed62ee042.jpg', NULL, '098 554 1417', NULL, 1, '2018-10-30'),
(105, 2, 7, 4, 1, 1, 4, 1, 1, 1, 1, 1, 1, 3, 224, 'Maria Ramona', 'Leon Quillupangui', 'Me gusta  lavar , cocinar, arreglo de casa , limpiar polvos', '0939086053', 'aloag', '5b69cd7104647.jpg', NULL, NULL, NULL, '2018-08-07', '1712421286', '0939086053', NULL, 0, 0, 0, 0, 0, NULL, 'basico y las horas extras', 'Aloag, barrio el arrayan', '', '1,48', '1,40', NULL, NULL, 'Básico', 'Muy Bien', 'No aplica', NULL, 1, NULL, NULL, NULL, 'ninguna', '0960459939', NULL, 1, '2018-10-30'),
(106, 2, 7, 1, 5, 1, 1, 1, 1, 7, 2, 1, 1, 3, 227, 'YESSENIA ARACELY', 'CASTILLO REMACHE', 'MUJER RESPONSABLE, HONESTA HUMILDE . TRABAJADORA EN CUALQUIER AREA Y ME DESEMPEÑO  EXELENTE', '3030375|', 'NICOLAS CEVALLOS', '5b69d588c23bc.jpg', '5b69d588c25c1.jpg', NULL, NULL, '1997-09-15', '1726137118', '0995621628', NULL, 0, 0, 0, 0, 0, NULL, '400', 'COLINAS DEL SUR', '', '159', '120', NULL, NULL, 'Muy Bien', 'Excelente', 'Muy Bien', NULL, 0, NULL, NULL, NULL, NULL, '0983272123', NULL, 1, '2018-10-30'),
(107, 2, NULL, 2, 1, 1, 1, 1, 1, 5, 1, 1, 1, 4, 228, 'DIGNA TARGELIA', 'JUIÑA  JUNIA', 'SOY UNA PERSONA ALEGRE, HONESTA ,AMABLE ,RESPONSABLE ,RESPETUOSA COMPROMETIDA EN MI TRABAJO', '2889584', 'MIRAVALLE 1 SAN FRANCISCO DE TANDA calle LEONIDAS PROAÑO Y JOAQUIN LALAMA', NULL, NULL, NULL, NULL, '1972-06-05', '1710346451', '0999201678', 3, 0, 0, 1, 0, 0, NULL, 'EL BASICO', 'MIRAVALLE 1 SAN FRANCISCO DE TANDA', '', NULL, '158.733', NULL, NULL, 'Básico', 'Excelente', 'Básico', NULL, 1, 'YA SON INDEPENDIENTES', NULL, NULL, NULL, '0999853282', NULL, 1, '2018-10-30');
INSERT INTO `curriculum` (`id`, `sexo_id`, `signo_zodiaco_id`, `estado_civil_id`, `horario_trabajo_id`, `vivienda_id`, `raza_id`, `ciudad_id`, `tipo_sangre_id`, `estudios_id`, `religion_id`, `tipo_trabajo_id`, `pais_id`, `sector_vivienda_id`, `user_id`, `nombre`, `apellido`, `biografia`, `telefono`, `direccion`, `imagen`, `servicio`, `carnet`, `certificado`, `fecha_nacimiento`, `cedula`, `celular`, `hijos`, `madre_soltera`, `ligadura`, `horas_libres`, `discapacidad`, `conducir`, `capacitacion`, `aspiracion_salarial`, `barrio`, `video`, `estatura`, `peso`, `tipo_discapacidad`, `porcentaje_discapacidad`, `nivel_cocina`, `nivel_limpieza`, `nivel_plancha`, `licencia_id`, `tiene_hijos`, `detalle_Hijos`, `licenciasimagenes`, `cedulasimagenes`, `otra_enfermedad`, `otrocelular`, `tiempoarriendo`, `estado`, `fecha_suscripcion`) VALUES
(108, 1, 1, 1, 4, 1, NULL, 1, 1, 2, 1, 1, 1, 1, 234, 'Jhosias David', 'Guerrero Guizado', 'Tengo 21 años yo ya termine el coloegio  y estoy en busca de trabajo para ayudar a mi familia', '02803563', 'Carcelen', NULL, NULL, NULL, NULL, '1997-06-10', '1750790022', '0984233394', NULL, 0, 0, 1, 1, 0, NULL, '400', 'Carcelen bajo', '', '1 75', NULL, 'Intelectual', '36%', 'Básico', 'Muy Bien', 'Básico', NULL, 0, NULL, NULL, '5b6c4f32b6c9a.doc', NULL, '0993364776', NULL, 1, '2018-10-30'),
(109, 2, 9, 1, 1, 2, 1, 1, 3, 3, 1, 1, 1, 3, 235, 'Zoila María', 'Iza Cali', 'Persona resposable, puntual, honesta.', '2627683', 'Calle Pangui-Unión y Justicia S14-201', NULL, NULL, NULL, NULL, '1962-05-29', '1707284715', '0983705859', 2, 0, 0, 0, 0, 0, NULL, '386.00', 'Unión y Justicia', '', '154', '164', NULL, NULL, 'Excelente', 'Excelente', 'Excelente', NULL, 1, '-femenino, 18, mayor de edad, estudiante\r\n-femenino, 23, mayor de edad, estudiante', NULL, '5b6c8a9985d98.docx', NULL, '0980938638', '8', 1, '2018-10-30'),
(110, NULL, 1, 3, 1, 1, 1, 1, 1, 2, 1, 1, 1, 4, 237, 'ALISON JAZMIN', 'TUSO SIMBAÑA', 'ME IDENTIFICO COMO UNA PERSONA CARISMÁTICA\r\n, RESPONSABLE, PUNTUAL, HONESTA,POLIFUNCIONAL,', '2889276', 'MIRAVALLE 1 SAN FRANCISCO DE TANDA calle LEONIDAS PROAÑO Y JOAQUIN LALAMA', NULL, NULL, NULL, NULL, '1997-11-05', '1726003260', '0983758517', 1, 0, 0, 1, 0, 0, '¨SUDEN¨ EXPERTO EN CAJERO BANCARIO Y COMERCIAL', '450', 'SAN FRANCISCO DE TANDA', '', '1,64', '176,37', NULL, NULL, 'Básico', 'Muy Bien', 'Básico', NULL, 1, 'MUJER 4 AÑOS', NULL, NULL, NULL, NULL, NULL, 1, '2018-10-30'),
(111, 2, 5, 4, 1, 1, 3, 1, 1, 1, 1, 1, 1, 1, 238, 'GERTRUDIS GENOVEVA', 'ORTIZ MAIFREN', 'SOY UNA PERSONA ALEGRE BUENA COMPAÑERA Y MUY TRABAJADORA', '3398165', 'COLINAS DEL NORTE Av, Perimetral Derecha y Pasaje D', '5b6ccad5ce1ed.jpg', NULL, NULL, NULL, '1973-11-23', '171170772-7', '0989294716', 2, 1, 0, 1, 0, 0, NULL, '390', 'COLINAS DEL NORTE', '', '161', '190', NULL, NULL, 'Básico', 'Muy Bien', 'Básico', NULL, 1, 'YA SON MAYORES DE EDAD', NULL, NULL, NULL, '0988628292', NULL, 1, '2018-10-30'),
(112, 2, 4, 2, 1, 2, 1, 1, 1, 3, 2, 1, 1, 1, 239, 'Nelly Pilar', 'Chancosi Puente', 'Me identifico como una persona trabajadora, confiable y que aprende rapido', '02-2032087', 'Av de la prensa y bellavista', NULL, NULL, NULL, NULL, '1978-08-01', '1713163358', '0998741586', 3, 0, 1, 1, 0, 0, NULL, '386', 'La delicia', '', '1m 56 cm', NULL, NULL, NULL, 'Excelente', 'Excelente', 'Excelente', NULL, 1, '17 años femenino,15 años femenino y 5 años masculino años su hermana mayor los cuida y se hace responsable de ellos', NULL, '5b6df09e73e0a.jpg', NULL, '0992650766', '2 años', 1, '2018-10-30'),
(113, 2, 7, 1, 5, 2, 1, 1, 1, 7, 1, 1, 1, 3, 145, 'VICTORIA JOSEFINA', 'PACHECO CELI', 'ME INTIFICO SER UNA PERSONA HONRRADA PUNTUAL TRABAJADORA PERSEVERANTE', '2961-807 TIA', 'CATACOCHA-LOJA-ECUADOR', '5b703bc6a7c4a.jpg', NULL, '5b7039a5e4353.docx', NULL, '1981-09-08', '1104165137', '0969931622', NULL, 0, 0, 1, 0, 0, 'ENFERMERIA', '380', 'SECTOR SUR LA GATAZO', '', '156', '112', NULL, NULL, 'Básico', 'Básico', 'Muy Bien', NULL, 0, NULL, NULL, '5b7039a5e4f9d.docx', NULL, '0969931622', NULL, 1, '2018-10-30'),
(114, 2, 7, 1, 1, 1, 1, 1, 1, 3, 1, 1, 1, 4, 205, 'ULBA ALEJANDRINA', 'DIAZ DIAZ', 'RESPONSABLE, PUNTUAL, HONESTA , LEAL.', NULL, 'TUMBACO', NULL, NULL, NULL, NULL, '1959-09-07', '0400519559', '0995209421', 2, 1, 0, 0, 0, 0, NULL, '386', 'TUMBACO', '', '160', '150', NULL, NULL, 'Muy Bien', 'Excelente', 'Excelente', NULL, 1, 'JORGE 37 AÑOS\r\nVALERIA 20 AÑOS', NULL, NULL, NULL, '0983099797', NULL, 1, '2018-10-30'),
(115, 2, 1, 2, 1, 1, 1, 1, 3, 2, 1, 2, 1, 3, 245, 'Thalia Mariela', 'Caizaluisa Toalombo', 'Soy una chica que quiere salir adelante muy honesta  trabajadora humilde con ganas de trabajar', '02-2389831', 'Aloag', NULL, NULL, NULL, NULL, '1997-10-28', '1753874849', '0969974003', NULL, 0, 0, 0, 0, 0, NULL, '368', 'Aychapicho', '', '1.65', '52', NULL, NULL, 'Básico', 'Muy Bien', 'Muy Bien', NULL, 0, NULL, NULL, NULL, NULL, '0997625865', NULL, 1, '2018-10-30'),
(116, 2, 7, 2, 1, 2, 1, 1, 1, 2, 1, 1, 1, 3, 246, 'Myriam Janneth', 'Cruz Jacome', 'puntual, honrada, responsable, colaboradora', '023600266', NULL, '5b7394f9dced2.jpg', '5b7394f9de9d1.jpeg', NULL, NULL, '1969-09-08', '1710989763', '0995343122', 2, 0, 1, 1, 0, 0, NULL, '400', 'la Gatazo', '', '1,68', '155', NULL, NULL, 'Básico', 'Muy Bien', 'Básico', NULL, 1, 'Masculino 16 años\r\nFemenino  12 años', NULL, '5b7394f9e08c8.jpeg', NULL, NULL, '6 años', 1, '2018-10-30'),
(118, 2, 8, 3, 1, 1, 1, 1, NULL, 3, 1, 1, 1, 1, 249, 'ELIZABETH BEATRIZ', 'DAVILA RUALES', 'Soy una persona responsable, puntual, me gusta dedicarme a trabajar, respetuosa y honrada', '0223412642', 'Jose Vicente Peñafiel y calle A lote 125A', '5b747f36e600f.jpeg', NULL, NULL, NULL, '1993-01-08', '1724424302', '0979504294', 1, 0, 0, 1, 0, 0, 'Curso de atención al cliente', 'El basico', 'SANTA MARIA DE COTOCOLLAO', '', NULL, NULL, NULL, NULL, 'Básico', 'Básico', 'Básico', NULL, 1, 'HIJO DE 5 AÑOS, MI SUEGRA LE CUIDA SI SALGO A TRABAJAR', NULL, NULL, NULL, NULL, NULL, 1, '2018-10-30'),
(119, 2, 3, 2, 1, 2, 1, 1, 1, 5, 5, 1, 1, 1, 254, 'Katherine', 'Ortiz', 'Me identifico como una persona responsable, dinámica, puntual, seria pero cortez, disponible y dispuesta a aprender para siempre satisfacer las tareas me sea encomendadas.', NULL, 'N85 E. P.B lote 7-A Oe7B', '5b7b5871dfc2b.jpg', NULL, NULL, NULL, '1994-03-21', '1750476812', '0995737605', 2, 0, 1, 1, 0, 0, 'Auxiliar contable', '386', 'La Roldos', '', '1.50', '120', NULL, NULL, 'Básico', 'Excelente', 'Muy Bien', NULL, 1, 'Niño 1 : sexo masculino , edad 7 años  \r\nNiño 2 : sexo masculino, edad 1 año', NULL, '5b7b5871dff12.jpg', NULL, '0939498316', 'Un año', 1, '2018-10-30'),
(121, 2, 2, 3, 1, 3, 1, 1, 1, NULL, 1, 1, 1, 1, 257, 'Joselyn Estefanía', 'Vaca Sánchez', 'Soy una persona trabajadora, muy honesta responsable con ganas de salir adelante.', '022035853', 'Calderón-Zabala', '5b7de59ecb9a5.jpeg', NULL, NULL, NULL, '1995-10-11', '1004484430', '0998480212', 2, 0, 0, 1, 0, 1, NULL, 'Sueldo básico o a convenir', 'Zabala', '', '148', NULL, NULL, NULL, 'Básico', 'Muy Bien', 'Básico', 2, 1, 'Masculino 6 años cuida mi cuñada \r\nMasculino 1 año y medio mi cuñada', NULL, NULL, NULL, NULL, NULL, 1, '2018-10-30'),
(122, 2, NULL, NULL, 1, 1, 1, 1, NULL, 2, 1, 1, 1, NULL, 268, 'Janeth Alexandra Ramirez Sanguano', NULL, 'E trabajo en talleres de costura durante estos años y fabricas y brindado trabajos en limpieza de oficinas y departamentos', '023121783', 'Calle Eleodoro Ayala lote 07 jorge vavis', NULL, '5b843f52229af.docx', NULL, NULL, '1979-01-08', '1713792685', '0958852345', 3, 0, 1, 1, 0, 0, 'Taller de costuras y fabricas', '400', 'La ferroviaria Alta', '', '145', '122', NULL, NULL, 'Básico', 'Muy Bien', 'Básico', NULL, 1, 'Femenino 13 años\r\nMasculino 5 años jemelos \r\nnos ayuda mi madre', NULL, NULL, NULL, '0958852345', NULL, 1, '2018-10-30'),
(123, 2, 8, 1, 1, 1, 1, 1, NULL, 1, 1, 1, 1, 3, 269, 'Maria Teresa', 'Perez Cajas', 'Teresa', '4514214', 'Urb. Tréboles Del Sur Calle Principal I Mz 23 Lt 8', '5b844c655054e.jpg', NULL, NULL, NULL, '1964-12-06', '1707967459', '0989212430', 2, 1, 0, 0, 0, 0, NULL, '450', 'Tréboles Del Sur', '', NULL, NULL, NULL, NULL, 'Muy Bien', 'Muy Bien', 'Muy Bien', NULL, 1, 'Hombre 24 años \r\nMujer 26 años', NULL, NULL, NULL, '0993083956', NULL, 1, '2018-10-30'),
(124, 2, 8, 1, 1, 2, 4, 1, 3, 2, 1, 2, 3, 1, 264, 'doris', 'guzman', 'proativa con ganas de trabajar y excelente para limpieza', NULL, 'av. prensa, calle manta', '5b85f351784fe.png', NULL, NULL, NULL, '1972-01-15', '175886743-4', '0978932442', 4, 1, 1, 1, 0, 0, 'bachiller', 'basico', 'cotocollao', '', '1,61', '55', NULL, NULL, 'Muy Bien', 'Excelente', 'Excelente', NULL, 1, '3 mujeres 1 un barón todos mayores de edad', NULL, '5b85f351787ff.png', NULL, NULL, NULL, 1, '2018-10-30'),
(125, 2, 3, 4, 1, 1, 1, 1, 1, 2, 1, 1, 1, 2, 271, 'elena', 'Guachamin', 'persona responsable en casa como en el trabajo. amable honrada', '2601503', NULL, NULL, NULL, NULL, NULL, '1976-04-01', '1713245908', '0998183244', 3, 0, 0, 0, 0, 0, NULL, '500', 'San Migel de Collacoto', '', '1.59', '115 libras', NULL, NULL, 'Básico', 'Excelente', 'Básico', NULL, 1, 'mujeres 23 y 22 hombre 17', NULL, NULL, NULL, '0995114799', NULL, 1, '2018-10-30'),
(127, 2, 1, 2, 1, 2, 1, 1, 1, 2, 1, 1, 1, 1, 278, 'MARTHA   DEL PILAR', 'GUALA SANGUÑA', 'TRABAJADORA HONESTA RESPONSABLE', NULL, 'ARUPOS  Y  ZAMORA', '5b84a824cdd9d.jpeg', '5b84a824ce001.jpeg', NULL, NULL, '1972-11-18', '1712169505', '0991492864', -3, 0, 1, 0, 0, 0, NULL, 'basico', 'AGUA CLARA', '', '155', '142 LIBRAS', NULL, NULL, 'Básico', 'Excelente', 'Básico', NULL, 1, 'MASCULINO  22\r\nMASCULINO20\r\nFEMENINO18', NULL, NULL, NULL, NULL, '7 AÑOS', 1, '2018-10-30'),
(128, 2, 6, 1, 5, 2, 1, 1, 3, 2, 1, 1, 1, 3, 272, 'Mercedes Fernanda', 'Mera Zambrano', 'Honesta , sencilla ,Responsable', NULL, 'Manuela Chuiza y 21 de agosto', NULL, '5b84bafd71f31.jpg', NULL, NULL, '1986-05-02', '1312617473', '0980251398', 4, 1, 1, 0, 0, 0, NULL, 'Sueldo básico', 'Lucha de los Pobres', '', '1,55', '130', NULL, NULL, 'Muy Bien', 'Excelente', 'Excelente', NULL, 1, '1 niña de 14 años / 3 niños de 12 ,10 , 9 años, y los cuida mi Hermana.', NULL, '5b84bc471a23d.jpg', NULL, '0989402282', '1 año', 1, '2018-10-30'),
(129, 2, 4, 1, 1, 2, 4, 1, 1, 6, 1, 1, 3, NULL, 280, 'marianella', 'del gatto', 'una persona, honrada, honesta y trabajadora, que desea trabajar con el fin de prosperar', '0986069604', 'ave la presna con calle luis toufino..', NULL, NULL, NULL, NULL, '1969-08-07', NULL, '0986069604', NULL, 0, 0, 1, 0, 1, NULL, 'a convenir', 'la presna', '', '1.60', '120', NULL, NULL, 'No aplica', 'Muy Bien', 'Muy Bien', NULL, 0, NULL, NULL, NULL, NULL, '0986069604', '2 meses', 1, '2018-10-30'),
(130, 2, 8, 1, 1, 1, 2, 6, 1, 2, 1, 1, 1, 1, 282, 'María Nelly', 'Pillajo Picuasi', 'Soy una persona trabajadora y muy responsable educada', '0993885513', 'Parroquia de iluman', NULL, NULL, NULL, NULL, '1990-01-01', '1004350581', '0993885513', NULL, 0, 0, 1, 0, 0, 'Bachiller', '386', 'Pinsaqui', '', '1 metro 40', '120 libras', NULL, NULL, 'Básico', 'Básico', 'Básico', NULL, 0, NULL, NULL, '5b8575a96ed72.jpg', NULL, '0993885513', NULL, 1, '2018-10-30'),
(131, 2, 13, 2, 1, 2, NULL, 1, 1, 3, 1, 1, 3, 2, 288, 'MARIA MAXIMINA', 'CAMACHO DE DÁVILA', 'Soy una madre luchadora, muy trabajadora y emprendedora', NULL, 'Fernández Madrid morales', NULL, NULL, NULL, NULL, '1961-03-04', '111215634', '0961410185', 7, 0, 1, 1, 0, 0, NULL, '380', 'Pichincha', '', NULL, NULL, NULL, NULL, 'Muy Bien', 'Excelente', 'Excelente', NULL, 1, 'Todos son mayores de edad', NULL, '5b85e1479b628.jpeg', NULL, '0961083448', '15 dias', 1, '2018-10-30'),
(132, 2, 11, 2, 1, 1, 1, 1, 1, 3, 1, 1, 1, 1, 283, 'Rosa Elvira', 'Borja Cabrera', 'responsable y dedicada a mi trabajo, puntual, honesta, desempeño muy bien mis labores de limpieza, mas de 15 años en experiencia.', '023510426', 'Entrada a Llano Grande, calle 25 de Noviembre y virgen del carmen. Conj. Pueblo Blanco 1 Mz 14 casa 11', '5b85e633e2fd2.jpg', '5b85e57caae1c.pdf', NULL, '5b85e57cab002.pdf', '1968-01-28', '1400367957', '0968018325', 2, 0, 0, 1, 0, 0, 'N/A', '386', 'Llano Grande', '', '163', '115', NULL, NULL, 'Muy Bien', 'Muy Bien', 'Muy Bien', NULL, 1, 'Femenino, 27 años / Femenino, 20 años', NULL, '5b85e57cab1ef.docx', NULL, '0988617464', NULL, 1, '2018-10-30'),
(133, 2, 5, 2, 1, 2, 1, 1, 2, 2, 2, 1, 1, 1, 292, 'Luzmila Adriana', 'Arteaga Muñoz', 'Soy una persona responsable y dedicada con los trabajos encomendados.', 'no', 'Real Audiencia y Los escultores', '5b85e9c221449.jpg', NULL, NULL, NULL, '1990-12-17', '0401886643', '0997957658', 1, 0, 0, 1, 0, 0, 'no', '385', 'Cotocollao', '', '1.60', '120', NULL, NULL, 'Muy Bien', 'Muy Bien', 'Muy Bien', NULL, 1, 'Masculino, 3 años, mi hermana', NULL, NULL, NULL, '0989552923', '3 años', 1, '2018-10-30'),
(134, 2, 1, 2, 1, 2, 2, 1, 4, NULL, 1, 1, 1, 1, 293, 'Maria Blanca', 'Vaca Alajo', 'Me identifico como una persona humilde que le gusta trabajar, ser responsable, puntual. Me gusta mucho cuidar niños.', '3283421', 'Comité del pueblo, calle primera nuestra señora la merced N53L', NULL, NULL, NULL, NULL, '1970-11-21', '1712165255', '0999912403', 3, 1, 0, 1, 0, 0, NULL, 'Salario basico', 'Comite del pueblo, la Quintana', '', '1,45', '115', NULL, NULL, 'Básico', 'Muy Bien', 'Muy Bien', NULL, 1, 'Mujer- 24 años\r\nHombre- 22 años\r\nMujer- 19 años', NULL, '5b86d95275992.docx', NULL, '0984851562', '22 años', 1, '2018-10-30'),
(135, 2, 8, 3, 1, 2, 1, 1, 1, 1, 1, 1, 1, 3, 296, 'Blanca Analila', 'salazar Loor', 'honesta \r\nresponsable\r\nsincera\r\nhumilde\r\namigable\r\nrespetuosa\r\npuntual\r\nsolidaria', '2911485', 'solanda sector cuatro superanzana 2 casa 19', '5b870ea2ce27b.docx', NULL, NULL, NULL, '1972-12-23', '0916142193', '0995717684', -2, 0, 1, 1, 0, 0, 'ninguno', '400', 'Solanda', '', '1.63', '1.40', NULL, NULL, 'Básico', 'Excelente', 'Básico', NULL, 1, 'masculino y femenino 17 y 20 nadie los cuida', NULL, '5b870ea2cfca8.docx', NULL, '0939338113', '13 años', 1, '2018-10-30'),
(136, 2, 6, 3, 3, 2, 1, 1, 1, 2, 1, 2, 1, 2, 297, 'PATRICIA', 'TRIVIÑO ZAMBRANO', 'SOY UNA PERSONA HONESTA,RESPONSABLE,DINAMICA,CUMPLO A CABALIDAD LO Q ME ENCOMIENDAN', '3161113', 'valparaiso y antofagasta', '5b8714f46f147.jpg', NULL, NULL, NULL, '1985-05-16', NULL, '0986336531', 1, 0, 0, 1, 0, 0, NULL, NULL, 'la tola', '', '1.60', '165 libras', NULL, NULL, 'Básico', 'Muy Bien', 'Básico', NULL, 1, 'femenino 8 años-cuida mi suegra', NULL, NULL, NULL, NULL, '8 años', 1, '2018-10-30'),
(137, 2, 11, 2, 1, 1, 1, 1, NULL, 3, 5, 2, 1, 3, 295, 'Fanny Patricia', 'de la Cruz Analuca', 'mestiza', '0983912521', 'el triunfo oe10-205 y los criollos', '5b8721024fb2f.jpg', NULL, NULL, NULL, '1970-01-24', '1710995117', '0995511037', 3, 0, 1, 1, 0, 0, 'CURSO DE AUTOSUFICIENCIA LABORAL', 'medio sueldo', 'Reino de Quito', '', '1.65', NULL, NULL, NULL, 'Básico', 'Muy Bien', 'Básico', NULL, 1, 'femenino,25 años \r\nmasculino, 22 años\r\nmasculino. 18', NULL, NULL, NULL, '0998195444', NULL, 1, '2018-10-30'),
(138, 2, 12, 2, 1, 1, 1, 1, 1, 1, 1, 1, 1, 2, 301, 'María Dolores', 'Fueres Perugachi', 'Persona resposable,dedicada al trabajo, honesta y tranquila.', '022586991', 'José Bracamonte 530 lote 1 y Juan Camacho', NULL, NULL, NULL, NULL, '1968-07-01', '1711614600', '0992943115', 3, 0, 1, 1, 0, 0, NULL, '385', 'Miraflores Alto', '', '150', '120', NULL, NULL, 'Básico', 'Excelente', 'Muy Bien', NULL, 1, 'Tres mujeres de 28, 25 y 11 años.\r\nNo hay necesidad que nadie los cuide', NULL, NULL, NULL, '0998420212', NULL, 1, '2018-10-30'),
(139, 2, 3, 1, 1, 2, 2, 1, NULL, 2, 2, 1, 1, 3, 303, 'RUTH VIRGINIA', 'PADILLA YURQUILEMA', 'SOY UNA PERSONA TRABAJADORA, HUMILDE, SOY  RESPETUOSA CON MIS JEFES Y MUY COLABORADORA', NULL, 'MARTIN ICAZA S47A-90', '5b899e83c0de7.jpeg', NULL, NULL, NULL, '1996-04-10', '0605521996', '0980060084', NULL, 0, 0, 1, 0, 0, NULL, 'El basico', 'LA ECUATORIANA', '', '148', NULL, NULL, NULL, 'Básico', 'Básico', 'Básico', NULL, 0, NULL, NULL, NULL, NULL, NULL, '2 AÑOS', 1, '2018-10-30'),
(140, 2, 3, 1, 1, 2, 4, 1, 3, 6, NULL, 1, 3, 3, 304, 'Gloria', 'Sibada', 'Responsable seria honesta y me gusta realizar mi trabajo impecable', NULL, 'Sector Buenaventura de Chillogallo,OE141 S34988 S34R, casa Nro. 17, Provincia Pichincha, Quito Ecuador.', NULL, NULL, NULL, NULL, '1971-04-14', '0131787405', '0978865353', 2, 0, 1, 1, 0, 1, NULL, NULL, 'Buenaventura', '', '1.65', '75', NULL, NULL, 'Muy Bien', 'Excelente', 'Muy Bien', 5, 1, 'Masculino 14\r\nFemenino  19', NULL, '5b89c124edbd8.png', NULL, '0999254996', '7 meses', 1, '2018-10-30'),
(141, 2, 4, 1, 1, 2, 1, 1, 1, 2, 1, 1, 1, 3, 290, 'Marìa Fernanda', 'Flores Camacho', 'emprendedora, puntual, honorable, responsable, sociable, actitud para aprender,', '025155771', 'borbom y pasajeB34 S29 estadio del aucas', NULL, '5b8d8d7a74ba0.jpg', NULL, NULL, '1994-08-09', '1724740905', '0987465479', 2, 1, 0, 0, 0, 0, 'CALLNUM SOLUTION auxiliar de parvularia', '380', 'solanda', '', '1.59', NULL, NULL, NULL, 'Básico', 'Muy Bien', 'Muy Bien', NULL, 1, 'alisse tzetza 6a\r\nelena tzetza 1a\r\nse encarga mi suegra', NULL, '5b8d8a661803d.jpg', NULL, NULL, '24 años', 1, '2018-10-30'),
(142, 2, 8, 4, 1, 2, 1, 1, 1, 2, 1, 1, 1, 3, 308, 'viviana del rocio', 'perugachi olmedo', 'me identifico como una persona responsable honrada respetuosa  en las actividades que siempre he realizado también soy sociable me gusta trabajar en grupo para realizar de la mejor manera el trabajo encomendado', '023190958', 'palmeras', '5b8f2f0347910.jpg', NULL, NULL, NULL, '1979-01-12', '1713732475', '0983351660', 2, 0, 0, 0, 0, 0, 'curso para cajera y de computacion', '450', 'palmeras', '', '1.47', '125', NULL, NULL, 'Básico', 'Muy Bien', 'Básico', NULL, 1, 'masculino tiene 21 años\r\nfemenino tiene 17 años', NULL, NULL, NULL, '0998583173', '5 meses', 1, '2018-10-30'),
(143, 2, 2, 5, 1, 2, 1, 1, 7, 1, 1, 1, 1, 1, 306, 'Rosa Mercedes', 'Cajilema Tene', 'Persona responsable, trabajadora \r\ndedicada en lo que hago, y trata de siempre realizar bien su trabajo', 'No tenemos', 'Calle Teresa Flor y pasaje 3', '5b8f42095a85a.jpg', '5b8f416d8c0ab.jpg', NULL, '5b8f42095aaeb.png', '1966-09-18', '1709791402', '0987089973', 3, 0, 1, 0, 0, 0, 'Corte y confección', 'Básico', 'Barrio San Lorenzo', '', '142', '120', NULL, NULL, 'Muy Bien', 'Excelente', 'Básico', NULL, 1, 'Maculino,25 años, Trabaja \r\nFemenino,19 años, Universidad estudia\r\nFemenino, 17 años, Colegio estudia', NULL, '5b8f416d8e318.jpg', NULL, '0987158135', '1 año', 1, '2018-10-30'),
(144, 2, 6, 2, 1, 1, 1, 1, 1, 1, 1, 2, 1, 3, 313, 'Consuelo del Carmen', 'Campues Pupiales', 'soy una persona amable, responsable con mi trabajo', NULL, 'La Magdalena', '5b97d834a2a99.jpg', '5b97d389e3a5f.jpg', NULL, NULL, '1978-05-20', '100246260', '0984247502', 2, 0, 1, 0, 0, 0, NULL, '180', 'La palestina', '', '1.44', '64 kl', NULL, NULL, 'Básico', 'Muy Bien', 'Excelente', NULL, 1, 'femenino,19 años\r\nfemenino,12 años', NULL, '5b97d389e54b4.jpg', NULL, '0999700757', NULL, 1, '2018-10-30'),
(145, 2, 12, 3, 1, 2, NULL, 5, NULL, 6, 2, 1, 3, 4, 314, 'Raiza Marbella', 'Torrealba Mogollón', 'Persona responsable dinámica, me encantan los niños my eficiente', NULL, 'Estado Lara Carora', NULL, NULL, NULL, NULL, '1979-07-02', '041207871', '0984131020', 2, 0, 1, 1, 0, 0, 'Contador Publico', '400', 'Huachi San Francisco final Calle Carlos Rubira', '', NULL, NULL, NULL, NULL, 'Básico', 'Excelente', 'Muy Bien', NULL, 1, 'Femenino las dos una de 19 años y otra de 9 años y la cuida el padre', NULL, '5b9a791731566.jpg', NULL, NULL, '4 meses', 1, '2018-10-30'),
(146, 2, 4, 2, 1, 2, 1, 1, 3, 6, 1, 1, 3, 1, 315, 'Marianela Josefina', 'Manrique de Chaparro', 'Poseo elevado grado de responsabilidad, cumplo con las tareas del hogar prestando atención a los detalles y al tiempo de ejecución de las tareas. Soy organizada, con altos valores y principios personales.  Poseo habilidad para aprender rápidamente nuevos procesos. Se limpiar Oficinas, Habitaciones. Cuido y ayudo a niños.', '024500471', 'Av Gaspar de Villarroel y Jose Manuel Abascal, Edif. Los Sauces 2, PB, Apto. 103,', '5b9d9f31cf065.jpg', NULL, NULL, NULL, '1965-08-19', '1758949026', '0995321768', 2, 0, 0, 1, 0, 0, 'Servicio y Atención al Cliente', '$386', 'El Batan', '', '1,60', '110', NULL, NULL, 'Básico', 'Muy Bien', 'Básico', NULL, 1, 'Femenino 30 Adulta independiente\r\nFemenino 29 Adulta Independiente', NULL, '5bb167c98eddb.pdf', NULL, '0996727072', '2 anos', 1, '2018-10-30'),
(147, 2, 2, 3, 1, 3, 1, 1, 1, 3, 2, 1, 1, 1, 322, 'Nelly antoñia', 'Lara chiquiano', '400', '3455362', 'Rafael suares y camilo cientuegos', '5b9fd572d2e9a.jpg', '5b9fd572d3ac7.mp4', NULL, NULL, '1976-10-07', '1714474747', '0985412586', 4, 1, 0, 1, 0, 0, NULL, '375', 'La bota', '', '1.54', '120', NULL, NULL, 'Básico', 'Básico', 'Básico', NULL, 1, 'Mayor 24 años hombre segundo 18 años hombre tersero 14 años hombre niña de 9 años', NULL, NULL, NULL, '0989691005', NULL, 1, '2018-10-30'),
(148, 2, 3, 3, 1, 3, 1, 1, 5, 1, 1, 1, 1, 4, 321, 'FLOR MARIA', 'CANDO CORTEZ', 'SOY UNA PERSONA RESPONSABLE, HONESTAD, TRABAJADORA, PUNTUAL Y AMABLE.', '2861689', 'JOAQUIN LARCO', NULL, NULL, NULL, NULL, '2009-04-09', '1207699206', '0994188410', 1, 0, 0, 1, 0, 0, NULL, '386', 'DEAN BAJO', '', '1,50', '112', NULL, NULL, 'Excelente', 'Excelente', 'Excelente', NULL, 1, 'SEXO MASCULINO, 9 AÑOS, LO CUIDA MI ESPOSO YA QUE EL TRABAJA EN UNA QUINTA Y HAY MISMO VIVIMOS.', NULL, NULL, 'NINGUNO', '0980558189', NULL, 1, '2018-10-30'),
(149, 2, 7, 4, 1, 2, 1, 1, 1, 6, 1, 1, 1, 1, 323, 'Fabiola Jacqueline', 'Gallardo Centeno', 'Soy una persona comprometida con mi trabajo, me gustan los desafíos y nuevos retos, tengo facilidad para relacionarme con las persona, me gusta trabajar con niños en edades tempranos (infantes), no tengo problemas para el trabajo bajo presión, soy ordenada, me adapto a todo tipo de circunstancias que se me presenten.', '2484550', 'Ponceano,hermana juana y camilo guachamin', '5b9fdfaa69e07.jpg', '5b9fdfaa6a058.pdf', NULL, NULL, '1967-08-31', '1710289784', '0989058445', 2, 0, 0, 1, 0, 0, 'ECUA-BYTE •	Curso en computación de sistema operativo. Centro de Capacitación Ocupacional Particular a Distancia “JOSE PEDRO VARELA” •	Atención a la primera Infancia. Centro de Capacitación Ocupacional Particular a Distancia “JOSE PEDRO VARELA” •	Curso ju', 'basico', 'poneaco', '', '150', '150', NULL, NULL, 'Básico', 'Muy Bien', 'Muy Bien', NULL, 1, 'Masculino: 23\r\nMasculino: 18', NULL, NULL, NULL, '0988645401', '8 años', 1, '2018-10-30'),
(150, 2, 7, 2, 5, 1, 1, 1, 5, 2, 1, 1, 1, 2, 328, 'DIANA MIREYA', 'VILLACIS REYES', 'TRABAJADORA, LUCHADORA.', '022353619', 'FRANCISCO GALVEZ S877 Y GUILLERMO MILLER', NULL, NULL, NULL, NULL, '1984-09-14', '1720296357', '0994991171 097946692', 2, 0, 0, 1, 0, 0, 'PSICOLOGIA EDUCATIVA DOS SEMESTRES', 'basico', 'SANTA LUCIA', '', '1.65', '120', NULL, NULL, 'Muy Bien', 'Muy Bien', 'Muy Bien', NULL, 1, 'UN NIÑO UNA NIÑA, DE 11 Y 9 AÑOS, LOS CUIDA EL MAYOR.', NULL, NULL, NULL, '0989047223', NULL, 1, '2018-10-30'),
(151, 1, 3, 3, 1, 2, 4, 1, 1, 2, 1, 1, 2, 3, 316, 'mario carlos', 'moreno sandoval', 'Persona con experiecia en servicios generales en el area de limpieza y con experiencia en manejo de maquinas con certificacion y recomendaciones y con predisposicion de aprendizaje rapido y me relaciono bien con las personas.', NULL, 'santo tomas', '5ba0181d0bbf1.jpg', '5ba0181d0be41.jpg', NULL, NULL, '1990-03-21', '817177316-4', '0983009729', 2, 0, 0, 1, 0, 0, 'servicios generales y sociempleabilidad manipulacion alimentos y manejo de piscinas', 'sueldo basico', 'santo tomas', '', '1,70', '57', NULL, NULL, 'Básico', 'Excelente', 'Básico', NULL, 1, 'Masculino,edad 4años y 18meses y quedarian al cuidado de la mama', NULL, '5ba0181d0c07a.jpg', NULL, '0983009729', '4meses', 1, '2018-10-30'),
(152, 2, 9, 4, 1, 2, 2, 1, 1, 3, 1, 1, 1, 1, 330, 'gladys marlene', 'sarmiento zhanay', 'Soy alguien responsable, bastante dinámica, con deseos de superación y mis metas están basadas en el logro de objetivos claros, con el desarrollo de la organización, con alto nivel de desempeño; aprendo rápido y cumplo de manera adecuada con puntualidad, honestidad y responsabilidad en las distintas actividades que realizo.\r\nDispuesta a cumplir con las distintas funciones, obligaciones y normas laborales que tengan establecidas, me presento con gran entusiasmo a su trabajo para formar parte del c', '5149530', 'jose figueroa 0e6-140 y huachi (cotocollao)', NULL, NULL, NULL, NULL, '1960-06-13', '1706091301', '0987394826', 2, 0, 0, 1, 0, 0, NULL, '400', 'cotocollao', '', '1.53', '160 lbs', NULL, NULL, 'Muy Bien', 'Excelente', 'No aplica', NULL, 1, 'son mayores de edad', NULL, NULL, 'hipertensa', '0969079510 (hijo)', '6 anos', 1, '2018-10-30'),
(153, 2, 7, 2, 1, 3, 1, 1, 1, 1, 1, 1, 1, 3, 163, 'Rosa Amada', 'Haro Cachumba', 'Soy una persona puntual, honrado, responsable', '2681489', 'Jose Viteri y Salvador Bravo', '5ba0487164071.jpg', '5ba0487164268.pdf', NULL, '5ba048716447f.pdf', '1962-08-29', '1706897830', '0998057947', 5, 0, 1, 0, 0, 0, 'Primeros auxilios- cuidado de adulto mayor- inyecto logia- terapia física- auxiliar de limpieza Hospitalaria- Que a seres domésticos.', '400', 'Solanda 2', '', '1.52', '63', NULL, NULL, 'Muy Bien', 'Excelente', 'Excelente', NULL, 1, '4 mujeres  38-37-35-20 años\r\n1 Hombre 20 años \r\ntodos son dependientes', NULL, '5ba0487164650.pdf', NULL, '0983964180', NULL, 1, '2018-10-30'),
(154, 2, 11, 5, 5, 2, 1, 1, 1, 3, 1, 1, 1, 2, 331, 'Carmen Cecilia', 'Padilla Pilco', 'Una señora responsable con las actividades delegadas , puntual, honesta, amable. Puedo laborar horas extras. Dispongo de tiempo inmediato. Respetuosa con el entorno de trabajo.', '5103342', 'Pasaje Eloy Alfaro #305 y sexta trasversal', '5ba04559c8112.png', NULL, NULL, '5ba6da0342b23.jpg', '1973-02-05', '1002187886', '0987828729', 2, 0, 1, 1, 0, 0, NULL, '$400.00', 'Barrio La Comuna- Teleferico', '', '150 cm', '126 libras', NULL, NULL, 'Básico', 'Muy Bien', 'Básico', NULL, 1, 'Shirley Nicole Caicedo Padilla; 17 años; estudiante de colegio; cuidado por la hermana mayor.\r\n\r\nGabriela Elizabeth Caicedo Padilla;20 años;estudios superior en instituto; responsable de cuidar a su hermana menor.', NULL, '5ba6da0345646.jpg', 'Ninguna', '0984633402', '4 años', 1, '2018-10-30'),
(155, 2, 7, 2, 1, 3, 1, 1, 1, 3, 1, 1, 1, 4, 336, 'Josefina', 'Sucasi Chungandro', 'Soy una persona responsable, trabajadora, puntual y honesta.', '2081228', 'Calle Quito 1223 y atacazo', NULL, NULL, NULL, NULL, '1955-09-01', '1711614444', '0990513810', 2, 0, 0, 1, 0, 0, 'Primeros auxilios, cuidado de adulto mayor y cuidado de niños, motricidad fina y gruesa.', '$385', 'San Sebastian', '', '1,58', '100', NULL, NULL, 'No aplica', 'No aplica', 'Muy Bien', NULL, 1, 'Dos hijos un varón de 29 años y una mujer de 17', NULL, NULL, NULL, '0962585319', NULL, 1, '2018-10-30'),
(156, 2, NULL, 1, 1, 2, 1, 1, 1, 2, 2, 1, 1, 1, 340, 'Joselyn fanny', 'Gamboa suarez', 'Soy una persona muy responsable \r\nSoy una Hija de Dios Cristiana, soy muy paciente', '023388128', 'San José del CONDADO', NULL, NULL, NULL, NULL, '1991-09-14', '1722172580', '0992788242', 1, 1, 0, 1, 0, 0, NULL, 'Basico', 'El CONDADO', '', '1.63', NULL, NULL, NULL, 'Básico', 'Excelente', 'Básico', NULL, 1, 'Masculino, 7 años, lo cuida mi mama', NULL, '5ba6c3ba44486.jpg', NULL, '0979191261', '2 años', 1, '2018-10-30'),
(157, 2, 6, 2, 5, 1, 3, 1, 1, 7, 1, 2, 1, 1, 339, 'Yadira Samanta', 'Carcelen Folleco', 'Samanta Carcelen', '0980250585\\ 3411993', 'Atucucho calle Carlota Jaramillo', '5ba8ee2f09b2d.png', NULL, NULL, NULL, '1993-05-11', '1722046974', '0980250585', -1, 0, 0, 1, 0, 0, 'Neurociencias en Educacion', '400', 'Atucucho', '', '1.65', '130', NULL, NULL, 'Excelente', 'Excelente', 'Muy Bien', NULL, 1, 'Niña de 5 años \r\nla cuida mi madre', NULL, NULL, NULL, '0980250585', NULL, 1, '2018-10-30'),
(158, 2, 6, 1, 5, 3, 1, 1, 1, 2, 1, 1, 1, 1, 341, 'Treicy Yuliana', 'Cano Imbaquingo', 'HOLA QUE TAL! \r\nMe considero una chica trabajadora muy optimista dispuesta ah sacar el mejor provecho del trabajo que me pongan ah cargo .\r\nTambién por superación y porque tengo 2 niños los cuales mantener y les aseguro que si daré el 100% de mi .', '3500492', 'Comite del Pueblo #1 Ramón Jimenes N64-384 y Mariano Burbano zona 7 diagonal al Centro Cultural', '5ba98aa3ed4af.jpg', NULL, NULL, NULL, '1993-05-05', '1720369261', '0939500312', 2, 1, 1, 1, 0, 0, '-Primeros Auxilios- Danza- Teatro', '380', 'Comité del Pueblo', '', '1.61', '80', NULL, NULL, 'Básico', 'Básico', 'Básico', NULL, 1, 'primer niño tiene 6 años y estudia en la mañana tarde lo cuido yo la madre\r\nel segundo niño esta en la guarderia tiene 2 años lo cuido yo la madre', NULL, NULL, NULL, '0981028700', NULL, 1, '2018-10-30'),
(159, 2, 3, 1, 1, 2, 1, 1, 1, 3, 1, 1, 1, 3, 342, 'Gabriela Nathaly', 'Correa Cruz', 'Soy una persona honorable , responsable puntual me gusta trabajar en grupo', NULL, 'Pasaje 1 S41-11 y av.  Maldonado', '5baa4f5f10169.jpg', NULL, NULL, NULL, '1990-04-14', '1721944542', '0983295266', 3, 1, 0, 1, 0, 0, 'Belleza', '400', 'Aymesa', '', '1.58', '130 kg', NULL, NULL, 'Básico', 'Muy Bien', 'Básico', NULL, 1, 'Femeninas de 12 años 9 años y 3 años y me los cuida mi tía', NULL, '5baa4f5f1050c.jpg', NULL, '0979104231', '5 años', 1, '2018-10-30'),
(160, 1, 13, 3, 1, NULL, NULL, 1, 1, 2, 1, 1, 1, NULL, 343, 'José Luis', 'Machoa Huatatoca', 'Me identificó como mestizo', '0993952153', 'Lucha de los pobres', NULL, NULL, NULL, NULL, '1997-03-20', '2100913116', '0993952153', NULL, 0, 0, 0, 0, 0, NULL, NULL, 'Lucha de los pobres', '', '160', '121', NULL, NULL, 'No aplica', 'Excelente', 'Básico', NULL, 0, NULL, NULL, NULL, NULL, '0993952153', NULL, 1, '2018-10-30'),
(161, 2, 6, 2, 5, 1, 1, 1, NULL, 2, 1, 1, 1, 2, 344, 'RUTH AMPARO', 'MORA CARRASCO', 'como una persona responsable', '022372558', 'Av Francisco de Orellana y pasaje Rumiñahui 36', '5babbde674e0a.jpg', '5babbde675bcb.jpg', NULL, '5babbde675e72.pdf', '1980-05-12', '1715227813', '0984928529', 2, 0, 1, 1, 0, 0, NULL, NULL, NULL, '', NULL, NULL, NULL, NULL, 'No aplica', 'Muy Bien', 'Muy Bien', NULL, 1, 'tienen 3 años y 10 años y los cuida mi madre', NULL, '5babbde6778de.jpg', NULL, '0962857964', NULL, 1, '2018-10-30'),
(162, 2, 5, 3, 1, 1, 1, 1, 1, 2, 1, 2, 1, 1, 345, 'Sonia Priscila', 'Medina Bustamante', 'Una persona muy trabajadora, agil, responsable, inteligente pero sobre todo colaboradora.', '3495175', 'bahamas 391 y pio Xll', '5bad3d461f18d.docx', NULL, NULL, NULL, '1988-12-16', '1722058912', '0988735519', 2, 0, 1, 1, 0, 0, 'Auxiliar de Enfermeria', '250', 'calderon', '', '145', '125', NULL, NULL, 'Básico', 'Excelente', 'Muy Bien', NULL, 1, 'niñas 8 y 3 años  en la mañana van a la escuela y la tarde los cuida mi mamá', NULL, NULL, NULL, '0999083691', NULL, 1, '2018-10-30'),
(163, 2, 13, 2, 1, 1, 1, 1, 1, 3, 1, 1, 1, 3, 354, 'Libia Germania', 'Lema Carpio', 'Soy una persona dinamica energica y trabajo muy bien en lo que me asignen', '02 319097', 'Puengasi', '5bb0d5beed955.jpg', NULL, NULL, NULL, '2018-03-05', '010', '098117543', NULL, 0, 0, 1, 0, 0, NULL, '386', 'Puengasi', '', NULL, NULL, NULL, NULL, 'Excelente', 'Excelente', 'Excelente', NULL, 0, NULL, NULL, NULL, NULL, '0959535742', NULL, 1, '2018-10-30'),
(164, 2, 4, 1, 1, 2, 1, 1, 1, 1, 2, 2, 1, 1, 357, 'Jesus Aurelia', 'Briones Perez', 'una persona responsable, puntual, honesta,y dedicada a su trabajo', NULL, 'N78 Oe5-516 Oe5G rancho bajo', NULL, NULL, NULL, NULL, '1976-08-08', '1204178592', '0994703807', 3, 0, 1, 1, 0, 0, NULL, 'el básico', 'rancho bajo', '', '152 cm', '115 L', NULL, NULL, 'Básico', 'Excelente', 'Básico', NULL, 1, 'femenino:12\r\nmasculino:15\r\nmasculino:18\r\nlos cuida una tia', NULL, NULL, NULL, NULL, '2 años 6 meses', 1, '2018-10-30'),
(165, 2, 5, 2, 1, 3, 2, 1, 1, 2, 1, 1, 1, 3, 358, 'Salvina Antonia', 'Shiguango Calapucha', 'me identifico como persona seria , muy responsable puntual ,honesta , amigable', '0968628340', 'quitumbe detras del quicentro sur', NULL, NULL, NULL, NULL, '1967-12-18', '1500412513', '0999554780', 3, 0, 0, 1, 0, 0, 'Cuidado de niños y adultos  mayores -Primeros auxilios  -Atención al cliente', 'basico', 'quitumbe', '', '1.60 m', '143', NULL, NULL, 'Excelente', 'Excelente', 'Excelente', NULL, 1, 'tengo tres hijos varones , el primero tiene 19 años, el segundo tiene 18 años, el tercero tiene 13 años se cuidan solos', NULL, '5bb0f0351a296.docx', NULL, '0988189935', NULL, 1, '2018-10-30'),
(166, 1, 5, 1, 1, 1, 1, 1, 2, 2, NULL, 1, 1, 1, 363, 'ruben dario', 'valladares carrillo', 'una persona responsable puntual honestad', '4504786', 'calderon', '5bb10d46e091a.jpg', NULL, NULL, NULL, '1997-12-12', '1727277939', '0992162499', NULL, 0, 0, 0, 0, 0, 'asistente de fisioterapia', '470', 'los ecucaplitos', '', '1.65', '70 libras', NULL, NULL, 'Básico', 'Básico', 'Básico', NULL, 0, NULL, NULL, NULL, NULL, NULL, NULL, 1, '2018-10-30'),
(167, NULL, NULL, NULL, 1, NULL, NULL, 1, NULL, NULL, NULL, 1, NULL, 1, 365, NULL, NULL, 'Eficiencia total.. siempre en emprendimiento de adquirir nuevos conocimientos capacitándome', NULL, 'inca', NULL, NULL, NULL, NULL, NULL, NULL, NULL, NULL, 0, 0, 1, 0, 0, NULL, 'Básico', NULL, '', NULL, NULL, NULL, NULL, 'No aplica', 'No aplica', 'No aplica', NULL, 0, NULL, NULL, NULL, NULL, NULL, NULL, 1, '2018-10-30'),
(168, 2, 3, 1, 1, 1, 1, 1, 1, 2, 5, 1, 1, 1, 368, 'Jessica Pillajo', 'Pillajo Luzuriaga', '.', '022036680', 'Quito, Calderón, Barrio Zabala, Los jilgueros y piqueros., Número de casa: N2-172', '5bb1312c703e8.jpg', NULL, NULL, NULL, '1999-04-14', '1753754488', '0982121593', NULL, 0, 0, 1, 0, 0, NULL, '350', NULL, '', '165', '61', NULL, NULL, 'Básico', 'Muy Bien', 'Básico', NULL, 0, NULL, NULL, '5bb1312c707e1.pdf', NULL, '0982463731', NULL, 1, '2018-10-30'),
(169, 2, 9, 1, 4, 2, 1, 1, 1, 7, 1, 2, 1, NULL, 371, 'LESLY DAYANA', 'AMAGUAÑA CAIZA', 'Soy una persona sociable, me adapto muy bien en los diferentes ambientes. me gusta el trabajo con niños y mascota. en caso de presentarse alguna complicación de salud, se como actuar.', NULL, 'EL DORADO', NULL, NULL, NULL, NULL, '1998-06-03', '1754481164', '0981116240', NULL, 0, 0, 1, 0, 0, 'PRIMEROS AUXILIOS  Y ATENCION PREHOSPITALARIA', '200', NULL, '', '166', '152', NULL, NULL, 'Básico', 'Muy Bien', 'Muy Bien', 2, 0, NULL, NULL, NULL, NULL, NULL, '1 año', 1, '2018-10-30'),
(172, 2, 4, 1, 5, 2, 1, 1, 1, 2, 1, 1, 1, 1, 386, 'Karina Fernanda', 'Villegas Oliva', 'Soy una persona responsable en el trabajo que desempeño, puntual, amable. Dispuesta aprender nuevas cosas, sigo instrucciones y realizo mi trabajo con eficacia.', '5127939', 'La josefina', '5bb19ee7e8e23.jpg', NULL, NULL, NULL, '1973-07-25', '17013202278', '0992772329', 1, 0, 0, 1, 0, 0, 'Capacitación en Servicios de limpieza', '400', 'carcelen', '', '1.59', NULL, NULL, NULL, 'Excelente', 'Excelente', 'Muy Bien', NULL, 1, 'Femenino, tiene 22 años ya es independiente.', NULL, '5bb19fa08c54c.docx', NULL, NULL, '1 año y 3 meses', 1, '2018-10-30'),
(173, 1, 1, 1, 1, 2, 1, 1, 1, 2, 4, 1, 1, 1, 387, 'Pedro Antonio', 'Mites Puetate', 'Establecerme y consolidarme en una empresa que me otorgue estabilidad laboral, aplicar mis experiencias y conocimientos en las distintas áreas de\r\nla empresa, y desarrollarme profesionalmente para el buen desempeño de las funciones asignadas', '2483143', 'Eloy Alfaro y Manuel Ambrosi', NULL, NULL, NULL, NULL, '1991-10-27', '1720947124', '0989025403', 1, 0, 0, 1, 0, 1, 'hoteleria y turismo- comidas y bebidas', '450', 'comite del pueblo', '', '1.70', '165', NULL, NULL, 'Básico', 'Muy Bien', 'Básico', 2, 1, 'varon tiene 8 años lo cuida la abuela', '5bb20bf7de553.jpg', '5bb20bf7de847.png', NULL, '0985892590', '5', 1, '2018-10-30'),
(174, 2, 11, 2, 1, 1, 1, 1, 1, 2, 2, 1, 1, 3, 389, 'Erika', 'Santillán', 'Me considero una persona responsable, leal, respetuosa y honesta con facilidad de adaptación y capacidad de trabajar e equipo y mi mayor deseo es tener la oportunidad de comprometerme con una empresa para lograr mis metas.', '023054252', 'Isabel Herreria y Oe13B', NULL, NULL, NULL, NULL, '1994-02-09', '1722780077', '0980294303', 1, 0, 0, 0, 0, 0, NULL, '380', 'Chillogallo', '', '158', '120', NULL, NULL, 'Básico', 'Muy Bien', 'Básico', NULL, 1, 'Sexo: masculino Edad: 3 años Lo cuida mi madre cuando ya sale de la escuela', NULL, NULL, NULL, NULL, NULL, 1, '2018-10-30'),
(175, 2, 5, 2, 2, 2, 4, 1, 1, 2, 1, 2, 1, 3, 391, 'Jenny luciana', 'Acosta velasco', 'Muy trabajadora super atenta responsable me gusta la seriedad se realizar las labores encomendadas', '3060437', 'Carlos arboleda oe3 211', '5bb2252e36ab1.jpg', '5bb22627b2ccb.jpg', NULL, NULL, '1980-12-12', '0502632722', '0987397087', 2, 0, 1, 1, 0, 0, 'Cosmetologa', '200', 'Solanda', '', '1.60', '120', NULL, NULL, 'Básico', 'Excelente', 'Excelente', NULL, 1, 'Niño de 3 años yniña de 8 lo cuida su padre', NULL, '5bb22627b444b.jpg', NULL, '0983554361', '3', 1, '2018-10-30'),
(176, 2, NULL, 1, 1, 2, 1, 1, 4, 2, 2, 1, 1, 4, 397, 'Johanna Katherin', 'Cuzco Chariguaman', 'Me identifico soy amabla responsable puntual decidida', '023806815', 'Cumbaya, Lumbisi alfonso lamiña', NULL, NULL, NULL, NULL, '1998-11-10', '1751072081', '0987459601', NULL, 0, 0, 1, 0, 0, NULL, '365', 'Cummbaya', '', NULL, NULL, NULL, NULL, 'Básico', 'Muy Bien', 'Básico', NULL, 0, NULL, NULL, '5bb22da88b473.jpg', NULL, '0962595877', '12 años', 1, '2018-10-30'),
(177, 2, 12, 1, 1, 1, 1, 1, 1, 2, 1, 1, 1, 1, 394, 'LILIANA MARIELA', 'HIPO CHICAIZA', 'MUY TRABAJADORA Y SOCIABLE', '023388677', 'SANTA ROSA DE SINGUNA VIA A NONO CALLE E', '5bb22df285e3e.jpg', '5bb22df286085.jpg', NULL, NULL, '1996-06-29', '1726027475', '0990470220', 1, 1, 0, 1, 0, 0, 'COSTURERA', NULL, 'SANTA ROSA DE SINGUNA', '', '1.46 CM', NULL, NULL, NULL, 'Muy Bien', 'Excelente', 'Excelente', NULL, 1, 'MUJER \r\n4 AÑOS \r\nLOS CUIDA MI MAMA MIENTRAS TRABAJO', NULL, '5bb22df28695e.docx', NULL, '0989156769', NULL, 1, '2018-10-30'),
(178, 2, 11, 1, 5, 2, NULL, 1, 1, 2, 1, 3, 2, 3, 401, 'Leyzer Gabriela', 'Muñoz Rengifo', 'soy una persona Honesta, Respetuosa, Responsable, Trabajadora y muy puntual.', NULL, 'chillogallo', NULL, NULL, NULL, NULL, '1981-02-12', '52231857', '0969059206', 3, 0, 0, 1, 0, 0, 'MANIPULACION DE ALIMENTOS', 'lo asigando al cargo', 'Chillogallo', '', '1.57', '60k', NULL, NULL, 'Excelente', 'Excelente', 'Excelente', NULL, 1, 'son adultos', NULL, NULL, NULL, NULL, 'mensual', 1, '2018-10-30'),
(179, 2, 13, 1, 5, 2, 1, 1, 1, NULL, 2, 1, 1, 1, 402, 'SYLVIA GRACE', 'MERIZALDE QUIROZ SYLVIA GRACE', 'Soy una persona que busca un trabajo estable, si es posible puertas adentro, se realizar las tareas del hogar,', NULL, 'Isla Seymour N41-144', NULL, NULL, NULL, '5bb23aab5f7aa.docx', '0026-06-17', '1705034070', '0984439631', NULL, 0, 0, 1, 0, 1, NULL, NULL, 'Jipijapa', '', '1.50', '150 LIBRAS', NULL, NULL, 'Muy Bien', 'Excelente', 'Muy Bien', NULL, 0, NULL, NULL, NULL, NULL, NULL, NULL, 1, '2018-10-30'),
(180, 2, NULL, 1, 5, 1, 1, 1, 1, 7, 1, 1, 1, 3, 403, 'Dayana Karina', 'Delgado Galárraga', 'Soy una persona proactiva con alto sentido de la responsabilidad y el respeto.', '2681728', 'Calle Jacinto Escobar Oe-468 y pasaje s22', NULL, NULL, NULL, NULL, '1990-10-14', '1712759065', '0984012157', NULL, 0, 0, 1, 0, 1, 'Idioma Inglés CEC- Escuela Politècnica Nacional/ Hoteleria y Turismo Centro de Capacitación consejo Provincial de Pichincha', '400', 'Solanda', '', '1.59', '145', NULL, NULL, 'Muy Bien', 'Excelente', 'Muy Bien', 1, 0, NULL, NULL, NULL, NULL, '0998871246', NULL, 1, '2018-10-30'),
(181, 2, 13, 1, 1, 2, 1, 1, 1, 2, 4, 1, 1, 1, 409, 'Andrea Nathaly', 'Abad Klevél', 'Soy una persona honesta, responsable,amigable y muy paciente', NULL, 'Juan Garcia Lemus y Francisco Garcia', '5bb247f34cd4c.jpg', NULL, NULL, NULL, '1993-03-13', '1724597404', '0992525572', NULL, 0, 0, 1, 0, 0, 'secretariado', '500', 'Carcelen', '', '1.64', '120 libras', NULL, NULL, 'Básico', 'Muy Bien', 'Básico', NULL, 0, NULL, NULL, NULL, NULL, NULL, '5 meses', 1, '2018-10-30'),
(182, 2, 6, 1, 3, 2, NULL, 1, 1, 6, NULL, 2, 1, 1, 417, NULL, 'sosa', 'bueno soy un persona  muy dispuesta a trabajar muy duro y aprender mucho de cada persona', NULL, 'carapungo', NULL, NULL, NULL, NULL, '1996-05-07', '1724007917', '0995826483', NULL, 0, 0, 1, 0, 0, NULL, '250', 'carapungo', '', '150', '1125', NULL, NULL, 'Excelente', 'Muy Bien', 'Muy Bien', NULL, 0, NULL, NULL, NULL, NULL, NULL, '3 años', 1, '2018-10-30'),
(183, 2, 4, 1, 1, 2, 1, 1, 1, 2, 2, 1, 1, 1, 418, 'Evelyn gardenia', 'Jarrin poveda', 'Ser una persona honesta, responsable  en todo lo que me manden', NULL, 'av. Carlos mantilla barrio nueva vida 3', NULL, NULL, NULL, NULL, '1992-10-27', '1722659354', '0998279924', NULL, 0, 0, 1, 0, 0, NULL, '400', 'San jose de moran', '', '1.64', '160libras', NULL, NULL, 'Básico', 'Básico', 'Básico', NULL, 0, NULL, NULL, '5bb252166c70f.jpg', NULL, '0987607279', '2años', 1, '2018-10-30'),
(184, NULL, NULL, 2, 1, 1, 1, 1, 1, 3, 1, 1, 1, 3, 421, 'Silvía alexandra', 'Cabrera alajo', 'Me identifico una persona responsable, respetuosa, honrada y con muchas ganas de trabajar.', '3075186', 'San Martin', NULL, NULL, NULL, NULL, NULL, '1711295970', '0995644989', 3, 0, 0, 1, 0, 0, NULL, 'Básico', 'Barrio el hospital N 1', '', NULL, NULL, NULL, NULL, 'Muy Bien', 'Excelente', 'Excelente', NULL, 1, 'Femenino 29 años mayor de edad                      masculino 25 años mayor de edad                        masculino 16 años menor de edad', NULL, NULL, NULL, '0982209867', NULL, 1, '2018-10-30'),
(185, 2, NULL, 1, 1, 2, 3, 1, 1, 2, 3, 1, 1, 1, 425, 'Mabel Yulissa', 'Plaza Colobon', 'me identifico como una persona paciente, responsable, respetuosa,competente en todo lo que se me asigne con referencia al trabajo', '022036770', 'San Miguel de Anages N53-92 y Pasaje V', '5bb26aab013ba.jpg', NULL, NULL, NULL, '1983-04-24', '1726732967', '0996333829', 1, 1, 0, 0, 0, 0, NULL, 'basico', 'el inca', '', '165', '180', NULL, NULL, 'No aplica', 'Básico', 'No aplica', NULL, 1, 'femenino, edad 18.', NULL, '5bb2697681e0f.pdf', NULL, '0960752877', '12 años', 1, '2018-10-30'),
(186, 2, 7, 1, 1, 2, 1, 1, 1, 7, 4, 1, 1, 1, 428, 'Ana Cristina', 'Pantoja Vallejos', 'Responsable, Amable, Puntual.', NULL, 'Pomasqui', NULL, NULL, NULL, NULL, '1994-08-15', '1716860125', '0981215322', NULL, 0, 0, 0, 0, 0, NULL, '386', 'SAN RAFAEL ALUGULLA', '', '1,50', '50', NULL, NULL, 'Básico', 'Muy Bien', 'Básico', NULL, 0, NULL, NULL, NULL, NULL, '0980088818', '6 años', 1, '2018-10-30'),
(187, 2, 8, 4, 1, 3, 1, 1, 5, 7, 1, 1, 1, 1, 430, 'VERÓNICA ALEXANDRA', 'HERRERA PORTERO', 'DINÁMICA PROACTIVA PUNTUAL CREATIVA', '022531185', 'AV MARISCAL SUCRE', NULL, NULL, NULL, NULL, '1975-05-01', '1705229068', '0982443886', NULL, 0, 1, 0, 0, 1, NULL, '400', NULL, '', '1.60', '130 LBS', NULL, NULL, 'Básico', 'Muy Bien', 'Básico', 2, 1, '16  Y 24 AÑOS', NULL, NULL, NULL, NULL, NULL, 1, '2018-10-30'),
(189, 2, 4, 2, 5, 2, 1, 1, NULL, NULL, 1, 1, 1, 1, 351, 'Maria Patricia', 'Igma caraguachi', 'soy una persona responsable humilde puntual', '3460234', 'San Juan de calderon la pradera', NULL, NULL, NULL, NULL, '1982-08-05', '1716995129', '0981522094', 3, 0, 0, 1, 0, 0, NULL, '368', 'san juan calderon', '', NULL, NULL, NULL, NULL, 'Básico', 'No aplica', 'No aplica', NULL, 1, 'el primero 19 años masculino\r\nel segundo 17 masculino \r\nla tercera 9 femenino y el hermano mayor la cuida', NULL, NULL, NULL, '0991207751', '16 años', 1, '2018-10-30'),
(190, 1, 2, 3, 1, 2, 1, 1, 1, 2, 1, 1, 3, 1, 443, 'Manuel Esteban', 'Garcia Herrera', 'Soy una persona responsable, honesta, puntual, trabajador, sociable, con experiencia en distintas areas.', NULL, 'Zabala. Calle de los carpinteros y atahualpa sector calderon', NULL, NULL, NULL, NULL, '1992-10-01', '131964659', '0984421129', NULL, 0, 0, 0, 0, 0, 'Electricidad basica 110v y 220v, construccion, detective.', '380', 'Zabala', '', '1.80', '205', NULL, NULL, 'Básico', 'Excelente', 'Básico', NULL, 0, NULL, NULL, '5bb2b69f4e984.jpg', NULL, '0996464428', 'Un año y seis meses', 1, '2018-10-30'),
(191, 2, 11, 1, 1, 2, 1, 1, NULL, 2, 1, 1, 1, 4, 444, 'Karla Pamela', 'Moya Tituaña', 'responsable, honesta, trabajadora y alegre', '022340124', 'conocoto, marqueza de solanda', '5bb2bb140048d.png', NULL, NULL, NULL, '1999-02-01', '1725077497', '0987259434', NULL, 0, 0, 0, 0, 0, 'auxiliar de enfermería', '400', 'conocoto', '', '1.65', NULL, NULL, NULL, 'No aplica', 'Básico', 'Básico', NULL, 0, NULL, NULL, '5bb2bb1400a4a.jpg', NULL, '0998640592', '1 año', 1, '2018-10-30'),
(192, 2, 8, 2, 1, 2, 1, 1, 5, 3, 2, 1, 1, 1, 449, 'Mónica Azucena', 'Flores Farinango', 'Honesta humilde,honrada trabajadora,leal,optimista, tranquila', NULL, 'Cayambe  av.Natalia Jarrin', '5bb39692d91de.jpg', NULL, NULL, NULL, '1976-01-10', '1713341251', '0988206508', 2, 0, 1, 0, 0, 0, 'Panadería', '400 o sueldo básico', 'STA Laura de Changala', '', '1.56', '150 libras', NULL, NULL, 'Básico', 'Básico', 'Básico', NULL, 1, 'Masculino,20 años estudiante  y el otro, masculino 17 años estudiante', NULL, NULL, 'Ninguna', '0961014733', '1 año', 1, '2018-10-30'),
(193, 2, 1, 3, 1, 2, NULL, 1, NULL, 6, 1, 1, 3, 1, 454, 'ANANYILIS MARILIN', 'ARAY BERMÚDEZ', 'Me identifico como una persona amable responsable capacitada para trabajar en equipo humilde sencilla y sobre todo muy respetuosa', NULL, 'La Guaira Estado Vargas Venezuela', NULL, NULL, NULL, NULL, '1978-10-31', 'V-14906170', '09929460370987320595', 1, 1, 1, 0, 0, 0, 'Curso de Atención al cliente, valoración aduanera, asistente administrativo, asistente bancarios y servicios de seguridad en una empresa de lineas aereas', 'Lo convenido', 'Carcelén bajo', '', '1,65', NULL, NULL, NULL, 'Muy Bien', 'Muy Bien', 'Muy Bien', NULL, 1, 'Tengo una niña de 12 años y la tengo en Venezuela', NULL, NULL, NULL, '0987320595', 'Una Semana', 1, '2018-10-30'),
(194, 2, 1, 1, 1, 2, 3, 1, NULL, 2, 2, 2, NULL, 1, 456, 'Francesca Naomi Jules', 'Eustache', 'Soy una persona alegre, trabajadora, puntual y siempre dispueta a aprender mas.', NULL, 'Calle A oe6-36, camino a libertad', NULL, NULL, NULL, NULL, '1990-11-21', '1756585020', '0958707915', NULL, 1, 0, 0, 0, 0, NULL, NULL, 'Colinas del norte', '', '1,70 cm', '150', NULL, NULL, 'Básico', 'Excelente', 'Básico', NULL, 1, NULL, NULL, NULL, NULL, NULL, '2 años', 1, '2018-10-30'),
(195, 2, 12, 1, 1, 1, 1, 1, 1, 6, 4, 2, 1, 1, 458, 'Sofía Anahí', 'Lemos Jaramillo', 'Responsable, respetuosa, cariñosa con los niños/as, paciente, creativa, empática', '0981701640', 'González Suárez 555', NULL, NULL, NULL, NULL, '1988-06-29', '1713718227', '0981701640', NULL, 0, 0, 0, 0, 0, NULL, '400', 'González Suárez', '', '1.56', '45', NULL, NULL, 'Muy Bien', 'Muy Bien', 'Básico', NULL, 0, NULL, NULL, NULL, NULL, NULL, NULL, 1, '2018-10-30'),
(196, 2, 2, 2, 1, 1, 1, 1, 3, 2, 1, 1, 1, 3, 427, 'VERONICA PAOLA', 'BUENDIA RIVADENEIRA', 'Soy una persona amable, honrada , respetuosa y con ganas de aprender y trabajar.', '2681144', 'Solanda sector#4 Manuel Monteros y Esteban Riera S22-09', '5bb519127a112.docx', NULL, NULL, NULL, '1981-10-12', '1716312028', '0983436176', 3, 0, 1, 1, 0, 0, NULL, 'El sueldo básico.', 'Solanda', '', '1.49', '125 libras', NULL, NULL, 'Básico', 'Muy Bien', 'Básico', NULL, 1, 'Niña, 14 años bajo cuidado de abuelita.\r\nNiña, 12 años bajo cuidado de abuelita.\r\nNiña, 10 años bajo cuidado de abuelita.', NULL, '5bb513e0899de.docx', NULL, '0995823497', NULL, 1, '2018-10-30'),
(198, 2, 3, 2, NULL, 2, NULL, 1, 1, 2, 2, 1, 1, 3, 461, NULL, 'valdez maldonado', '444', NULL, 'lago agrio', NULL, NULL, NULL, NULL, '2018-10-04', NULL, '0988829796', -4, 0, 0, 1, 0, 0, NULL, NULL, 'camal metropolitano', '', NULL, NULL, NULL, NULL, 'Muy Bien', 'Muy Bien', 'Muy Bien', NULL, 1, NULL, NULL, NULL, NULL, '0997972617', NULL, 1, '2018-10-30'),
(199, 2, NULL, 4, 1, 1, 1, 1, 1, 6, 1, 1, 1, 1, 462, 'Irma Ellis', 'Mendoza Velez', 'Soy una persona responsable, ágil, puntual, comprometida con sus labores, eficaz, eficiente y muy amable con las personas.', '3510884', 'Urb. Sierra Hermosa 2 Calle 1 Calle A casa 48', '5bb6169fd7740.docx', NULL, NULL, NULL, '1965-06-17', '1304917485', '0983119546', 2, 0, 1, 1, 0, 0, NULL, '386', 'Llano Grande', '', '1,54', '121', NULL, NULL, 'Excelente', 'Excelente', 'Excelente', NULL, 1, 'Mujer tiene 24 años\r\nVarón tiene 22 años', NULL, '5bb6169fd7a33.pdf', 'Hipertensión', '0983278866', NULL, 1, '2018-10-30'),
(201, 1, 4, 1, 1, 3, 1, 1, 1, 6, 2, 1, 1, 3, 465, 'tania rocio', 'toapanta chiluisa', 'soy una joven carismatica, amigable, responsable, y me esfuerzo por realizar bien mi trabajo', '3662702', 'La Argelia', NULL, NULL, NULL, NULL, '2018-08-05', '1723651863', '0962661696', NULL, 0, 0, 1, 0, 1, NULL, '500', 'La Argelia', '', '1.50 cm', '100 libras', NULL, NULL, 'Muy Bien', 'Excelente', 'Muy Bien', 5, 0, NULL, NULL, NULL, NULL, '0995034500', NULL, 1, '2018-10-30'),
(202, 2, 9, 1, 1, 2, 1, 1, 1, 2, 1, 1, 1, 3, 442, 'Jazmin Anabel', 'Carrion Estevez', 'Asendosa, Amable, Soñadora, Carismática, Responsable, Solidaria, Honesta, Leal, Trabajadora, Luchadora, Amistosa, Organizada, Risueña, Cariñosa, Fuerte, Sensible, Enojona', '02-259447', 'Manuel Jarrin E3-12 y Archer Harman', '5bb6be466c415.jpg', NULL, NULL, NULL, '1997-06-10', '1726601485', '0983031387', NULL, 0, 0, 1, 0, 0, 'Curso de Gastronomía', 'Basico', 'El Recreo', '', '1.46', '112,2', NULL, NULL, 'Muy Bien', 'Básico', 'Básico', NULL, 0, NULL, NULL, NULL, NULL, '0984908340', '3 años', 1, '2018-10-30');
INSERT INTO `curriculum` (`id`, `sexo_id`, `signo_zodiaco_id`, `estado_civil_id`, `horario_trabajo_id`, `vivienda_id`, `raza_id`, `ciudad_id`, `tipo_sangre_id`, `estudios_id`, `religion_id`, `tipo_trabajo_id`, `pais_id`, `sector_vivienda_id`, `user_id`, `nombre`, `apellido`, `biografia`, `telefono`, `direccion`, `imagen`, `servicio`, `carnet`, `certificado`, `fecha_nacimiento`, `cedula`, `celular`, `hijos`, `madre_soltera`, `ligadura`, `horas_libres`, `discapacidad`, `conducir`, `capacitacion`, `aspiracion_salarial`, `barrio`, `video`, `estatura`, `peso`, `tipo_discapacidad`, `porcentaje_discapacidad`, `nivel_cocina`, `nivel_limpieza`, `nivel_plancha`, `licencia_id`, `tiene_hijos`, `detalle_Hijos`, `licenciasimagenes`, `cedulasimagenes`, `otra_enfermedad`, `otrocelular`, `tiempoarriendo`, `estado`, `fecha_suscripcion`) VALUES
(203, 2, 8, 1, 1, 3, 1, 1, 1, 1, 1, 1, 1, 1, 474, 'Angelica  Jeanneth', 'Martinez Vaca', '1984 01 05', NULL, 'Rancho Alto MZ 35 LT 8', '5bbe5193cd204.png', '5bba8f87796f6.jpg', NULL, NULL, '1984-01-05', '171636738-6', '0993020876', 3, 1, 1, 1, 0, 0, 'ninguno', '387', 'Rancho Alto MZ 35 LT 8', '', '165 cm', '145 lb', NULL, NULL, 'Básico', 'Básico', 'Básico', NULL, 1, 'Masculino 16 años 2 femeninos de 10 y 6 mis padres', NULL, '5bba91d3488bc.jpg', NULL, '0958861571', NULL, 1, '2018-10-30'),
(204, 2, 12, 2, 1, 2, 1, 1, 5, 3, 1, 1, 1, 2, 467, 'Luz Marina', 'Jimenez Jimenez', 'Una persona responsable puntual y honrada', '02-2520-436', 'Hermanos Pazmiño y 6 de Diciembre', '5bb7ea1d82202.jpg', '5bb7ea1d8242b.jpg', NULL, '5bb7ea1d8265e.jpg', '1987-06-30', '172204183', '0993056247', 2, 0, 0, 0, 0, 0, 'Hugo Guillermo González', '400', 'El Belen', 'cbedpIWYHFs', '1.55', '124', NULL, NULL, 'Básico', 'Muy Bien', 'Básico', NULL, 1, 'uno de 13 años estudia y el otro de 2 años en la guardería', NULL, '5bb7d387b0cb9.jpg', NULL, '0988723568', '5 años', 1, '2018-10-30'),
(205, 2, 12, 2, 1, 1, 1, 1, NULL, 3, 1, 1, 1, 1, 482, 'CARMEN BEATRIZ', 'TUALOMBO CHASI', 'SOY UNA PERSONA HONESTA, ME GUSTA TRABAJAR Y DE BUEN CARACTER', NULL, 'San Lorenzo pasaje 4 oe10 lote y Teresa Flor', '5bbe6b99305cd.jpeg', NULL, NULL, NULL, '1991-07-07', '0202104410', '0967703096', 1, 0, 0, 1, 0, 0, NULL, '386.00', 'San Lorenzo', '', NULL, '140', NULL, NULL, 'Muy Bien', 'Muy Bien', 'Muy Bien', NULL, 1, '9 años, mi esposo y mi suegra se quedan al cuidado de mi niño', NULL, NULL, NULL, '0959256228', NULL, 1, '2018-10-30'),
(206, 2, 1, 1, 1, 2, NULL, 1, 3, 1, 1, 1, 1, 3, 484, 'Gina alexandra', 'Caicedo quijano', 'Soy tranquila y no me gustan las injusticias', 'No', 'S26 cusubamba oe3-157 s26a pb solanda', NULL, '5bbf90bfc3dc7.jpg', NULL, NULL, '1991-11-29', '2200245831', '0990961067', 3, 1, 1, 1, 1, 0, 'De primeros ausilio', '380', 'Turubamba alto', '', '167', '170', 'Fisica', '51', 'Básico', 'Muy Bien', 'Muy Bien', NULL, 1, '12  mujer y el de 10 es hombre y de 4 es mujer y se quedan solos', NULL, NULL, NULL, '0988641760', 'Un mini departamento', 1, '2018-10-30'),
(207, 1, 6, 4, 1, 2, 1, 1, 1, 3, 2, 2, 1, 3, 485, 'Alex Javier', 'Puma Morales', 'Soy una. Persona.  Proactiva cumplo con las  obligaciones que se me asigne con responsabilidad.porello pudo tomarme en cuenta gracias', '5148510', 'Sector el recreo José peralta y delfín triviño', NULL, '5bbfc717c0ec6.jpg', NULL, NULL, '1980-05-13', 'Pah123555', '0983575250', 3, 0, 0, 1, 0, 1, 'Electrónica', '530 o según el acuerdo', 'Villaflora', '', '169', '140lbr', NULL, NULL, 'Básico', 'Excelente', 'Básico', 2, 1, 'Masculino edad 14 la madre los cuida\r\nMasculino edad 14 la madre los cuida\r\nFemenino edad 10 la madre los cuida', NULL, '5bbfc717c122c.jpg', NULL, '0979267654', 'Mis familia arrienda por cuatro años yo  acabo de llegar del extrajero', 1, '2018-10-30'),
(208, 2, 13, 4, 1, 2, 1, 1, 1, 6, 1, 1, 1, 3, 487, 'JEIMY NATALIA', 'JARAMILLO ALVARADO', 'RESPONSABLE\r\nHONESTA \r\nTRABAJADORA\r\nHONRADA\r\nPACIENTE\r\nTOLERANTE', NULL, 'la magdalena alta', NULL, NULL, NULL, NULL, '1979-02-25', '1103743942', '0995405870', 2, 1, 0, 1, 0, 0, 'relaciones humanas, servicio al cliente', '$400.00', 'los libertadores', '', '1.45', '110 libras', NULL, NULL, 'Básico', 'Muy Bien', 'Muy Bien', NULL, 1, 'un varon(18 años)  una niña(12 años)\r\nsu abuelita cuida a la niña', NULL, NULL, NULL, '0983584042', '3 años', 1, '2018-10-30'),
(209, 2, 8, 1, 1, 3, 1, 1, 2, 1, 1, 1, 1, 3, 490, 'Viviana', 'Sillo', 'Cabello negro. Alta. Ojos negros. Ni. Tan flaca', '024520936', 'Trebolest. Del. Sur,', NULL, NULL, NULL, NULL, '1989-11-23', '1717618365', '0998494500', 3, 1, 0, 1, 0, 0, NULL, '487', 'Quitumbe', '', '127sentimetro', '120libras', NULL, NULL, 'No aplica', 'Básico', 'Básico', NULL, 1, 'Mujeres 11años y 6 años 4 años', NULL, NULL, NULL, '0998494500', NULL, 1, '2018-10-30'),
(210, 2, 11, 5, 1, 1, 1, 1, 1, 2, 1, 3, 1, 1, 492, 'Ana Rocio', 'Arce Moreno', 'Soy una persona tranquila, muy responsable con mis deberes y obligaciones, respetuosa y puntual.', '022427286', 'Carapungo Etapa "E" alto- Isla Santay', NULL, NULL, NULL, NULL, '1974-02-01', '1752005429', '09877295341', 1, 0, 0, 0, 0, 0, 'curso de enfermería en la cruz roja ecuatoriana', '400-500', 'Carapungo', '', '165', NULL, NULL, NULL, 'Muy Bien', 'No aplica', 'Excelente', NULL, 1, 'Masculino,19 años, vive en otro país', NULL, NULL, NULL, '0982946705', NULL, 1, '2018-10-30'),
(211, 2, 11, 3, 1, 1, 1, 1, 1, 6, 1, 1, 1, 3, 495, 'Mujer', 'Cevallos Vaca', 'Hábil, responsable, puntual', '023190962', 'Calle Constantino Fernandez S5-166 Antigua via a Collacoto', '5bc7c9114729c.PNG', NULL, NULL, NULL, '1984-01-25', '0802754341', '0982700764', 2, 0, 0, 0, 0, 0, 'Egresada de la Universidad Central del Ecuador', NULL, 'Barrio Futuro Libre', '', '1.50 cm', '112 libras', NULL, NULL, 'Básico', 'Muy Bien', 'Básico', NULL, 1, 'El mayor tiene 15 años y es sexo Masculino .\r\nEl segundo tiene 12 años y es sexo Masculino.. y ya se cuidan solos.', NULL, '5bc7c911475ac.PNG', NULL, '0982700764', NULL, 1, '2018-10-30'),
(212, 2, 11, 2, 1, 1, 1, 1, 1, 1, 1, 1, 1, 1, 497, 'Cecilia del Carmen', 'Chuquin Hernandez', 'una persona responsable con un gran sentido del humor', '023450831', 'AV la bota', NULL, NULL, NULL, NULL, '1966-01-24', '1709182040', '0998990728', 4, 0, 1, 0, 0, 0, 'corte y confeccion', '350.00', 'comite del pueblo', '', '155', '165', NULL, NULL, 'Básico', 'Excelente', 'Básico', NULL, 1, 'femenino 30 - femenino 25 - masculino 17 - femenino 9', NULL, NULL, NULL, NULL, NULL, 1, '2018-10-30'),
(213, 2, NULL, 1, 1, 2, 1, 1, 1, 6, 1, 2, 1, 4, 498, 'Maria Fernanda', 'Olivo Morales', 'soy una persona humilde amable respetuosa con las personas', '0983279844', 'puente 7 barrio hospitalaria', '5bcdf840ec870.jpg', '5bcdf840ed902.jpg', NULL, NULL, '1996-05-05', '1752008312', '0983279844', -1, 1, 0, 1, 0, 0, 'no tengo capacitación', '350$', 'puente 7', '', '1.55 de altura', NULL, NULL, NULL, 'Básico', 'No aplica', 'No aplica', NULL, 1, 'mi hijo es hombre tiene 2 años y esta en guarderia', NULL, NULL, NULL, '0987105788', '2 años', 1, '2018-10-30'),
(214, 2, 4, 3, 1, 1, 1, 1, NULL, 4, 1, 1, 1, 3, 500, 'MARIA ANGELICA', 'MAISANCHE CHINE', 'Soy una persona responsable,organizada.puntual,honrada que cumplo con las obligaciones encomendadas.', '2974-187', 'Guamani La Victoria Alta', NULL, NULL, NULL, NULL, '1959-07-23', '1801666056', '0984310611', 1, 0, 1, 0, 0, 0, 'Centro de Formacion Cristo Salvador', '386', 'La Victoria Alta', '', NULL, NULL, NULL, NULL, 'Muy Bien', 'Muy Bien', 'Muy Bien', NULL, 1, 'Masculino-16', NULL, NULL, NULL, '0983188331', NULL, 1, '2018-10-30'),
(215, 2, 2, 2, 1, 1, 1, 1, 1, 2, 2, 1, 1, 2, 505, 'María Soledad', 'Arboleda Llamuco', 'Me considero una persona honesta, solidaria, responsable y jovial. Dispuesta a colaborar en lo que se pueda. Siempre aspiro a tener mejores conocimientos y aprender siempre. Me propongo siempre nuevos retos que me dejen una nueva enseñanza y compartir así mis conocimientos. Me gusta trabajar en grupo para obtener mejores resultados.', '023161060', 'La Tola ríos y concepción n4-25', NULL, NULL, NULL, NULL, '1975-10-02', '1712879921', '0992506154', NULL, 0, 0, 1, 0, 0, 'Enfermería y primeros auxilios. Computación básica. Atención al cliente', '391', 'La tola', '', '155', '150', NULL, NULL, 'Muy Bien', 'Muy Bien', 'Muy Bien', NULL, 0, NULL, NULL, '5bce9757aabd9.jpg', NULL, '0983562405', NULL, 1, '2018-10-30'),
(216, 2, 3, 1, 1, 1, 1, 1, 2, NULL, 2, 1, 1, 1, 506, 'DAMARIS ABIGAIL', 'TULCAN REALPE', 'me identifico una persona humilde, trabajadora, honesta, solidaria y capaz de ayudar a las personas necesitadas,  soy capaz de captar con facilidad las tareas que ponga a desempeñar.', NULL, 'COMITE DEL PUEBLO ZONA6 IGNACIO CABEZAS Y MARIANO CHICA', NULL, NULL, NULL, NULL, '2018-04-07', '1725028631', '0969777036', NULL, 0, 0, 1, 0, 0, NULL, '500', 'COMITE DEL PUEBLO', '', NULL, NULL, NULL, NULL, 'No aplica', 'No aplica', 'Básico', NULL, 0, NULL, NULL, NULL, NULL, NULL, NULL, 1, '2018-10-30'),
(217, 2, NULL, 2, 1, 1, NULL, 1, 1, 2, NULL, 1, 1, 1, 512, 'Luz Leovina', 'Uyaguari Buri', 'Soy una persona dinámica que le gusta colaborar en las actividades encomendadas a mi cargo.', '2 497 086', 'San Enrique de Velasco , callee E N74-73', NULL, NULL, NULL, NULL, '1987-05-15', '1103754907', '0985936544', 3, 0, 0, 1, 0, 0, NULL, '390', 'San Enrique de Velasco', '', NULL, NULL, NULL, NULL, 'Muy Bien', 'Excelente', 'Excelente', NULL, 1, 'Tres varones', NULL, NULL, NULL, '09952829215', NULL, 1, '2018-10-30'),
(218, 2, 2, 2, 1, 1, 1, 1, 1, 2, 1, 1, 1, 3, 514, 'Daisy Maribel', 'Briones Arcos', 'Soy una mujer casada con una hija adolescente lo cual tengo experiencia en la limpieza y cuidado de personas soy responsable y puntual', '24505808', 'Av. Arturo Yanez Conjunto Ciudad Serrana', '5bd07af0c2521.JPG', NULL, NULL, NULL, '1981-10-08', '1718623232', '0990708915', 1, 0, 0, 0, 0, 0, NULL, '385', 'San José de Cutuglagua', '', '1.56', '135', NULL, NULL, 'Básico', 'Muy Bien', 'Muy Bien', NULL, 1, 'Femenino tiene 14años', NULL, NULL, NULL, '0987283784', NULL, 1, '2018-10-30'),
(219, 2, 13, 1, 1, 2, 3, 1, 1, NULL, 1, 1, 1, 1, 520, 'Janila Bellanire', 'Castillo Quiñonez', 'Mujer afrodescendiente trabajadora, que cumple sus metas a través de mucho esfuerzo', NULL, 'Amagasí del inca', '5bd0c3bd4a200.png', NULL, NULL, '5bd0c3bd4af43.pdf', '1995-01-20', '1726896176', '0996792586', 3, 1, 1, 1, 0, 0, NULL, '400', 'Amagasí del inca', '', '162', '135', NULL, NULL, 'Muy Bien', 'Excelente', 'Muy Bien', NULL, 1, 'Dos hombres y una mujer, de 1 a 10 años, los cuida la abuela', NULL, NULL, NULL, NULL, '1 año', 1, '2018-10-30'),
(220, 2, 4, 2, 1, 2, 1, 1, 1, 3, 1, 1, 1, 1, 521, 'Norma  Guadalupe', 'Yanez  Yanez', 'Trabajadora y muy responsable con mis obligaciones', '025102257', 'Ángel ludeña y flavio alfaro', '5bd0db26e0e2e.jpg', NULL, NULL, NULL, '1989-07-24', '1724073687', '0991847257', 2, 0, 0, 1, 0, 0, NULL, '386', 'En san Carlos', '', '1.50', '120', NULL, NULL, 'Muy Bien', 'Muy Bien', 'Básico', NULL, 1, 'Una de 7 años \r\nY una de 2 años  y me las cuida una tía', NULL, NULL, NULL, '0995363855', '4 años', 1, '2018-10-30'),
(221, 2, 13, 1, 1, 2, 3, 1, 3, 7, 2, 1, NULL, 3, 450, 'Dieunise', 'Paul', 'trabajadora , cumplo mis palablas ,honrada , respetosa , etc...', NULL, 'caupicho  HB3', '5bd35f75e2a67.jpg', '5bd35f75e2d4f.jpg', NULL, NULL, '1984-03-02', '1756345292', '0983957585', 1, 1, 0, 1, 0, 0, 'cosmetologia ,guardia de securidad privada ,cocinera , ninñera', '450', 'caupicho', '', '1.77', NULL, NULL, NULL, 'Muy Bien', 'Excelente', 'Excelente', NULL, 1, 'es una niña , tiene 7 años', NULL, NULL, NULL, '0987072267', '8 años', 1, '2018-10-30'),
(222, 1, 6, 3, 1, 2, 3, 1, 2, 4, 1, 2, 1, 1, 523, 'TATIANA IVONE', 'PADILLA OÑATE', 'COMO UNA PERSONA SOLIDARIA Y MUY CARIÑOSA Y ATENTA', '025156079', 'MANUELA ESPEJO OBISPO CUERO CAICEDO', NULL, NULL, NULL, NULL, '1989-05-01', '1722936448', '0997865457', 3, 0, 1, 1, 0, 0, 'MANIPULACION DE ALIMENTOS', 'el basico', 'CIUDAD BICENTENARIO', '', '1.80', NULL, NULL, NULL, 'Básico', 'Excelente', 'Básico', NULL, 1, 'DOS MUJERES DE 13 Y DE 7 AÑOS Y UN HOMBRE DE 5 AÑOS  SE QUEDAN CON LA HERMANA MAYOR', NULL, NULL, 'IPO HITEROIDISMO', '0958911885', '4 AÑOS', 1, '2018-10-30'),
(223, 2, NULL, 4, 5, 2, 1, 1, 1, 6, NULL, 1, 1, 3, 522, 'ROSA MARIA', 'GUAMAN PEREZ', 'SOY UNA PERSONA MUY REPONSABLE, PUNTUAL, PACIENTE CON GANAS DE TRABAJAR Y SUPERARME .', NULL, 'NUEVOS HORIZONTES N1 SECTOR SAN MARTIN', NULL, NULL, NULL, NULL, '1975-10-20', '1712718558', '0979749899', 3, 0, 0, 1, 0, 1, 'CURSO DE BELLEZA , CURSO DE COSTURA, CURSO DE AUXILIAR DE ENFERMERIA, INYECTOLOGIA Y ORATORIA, CURSO DE CONDUCCION', '400', 'SAN MARTIN DE PORRES', '', NULL, NULL, NULL, NULL, 'Básico', 'Muy Bien', 'Muy Bien', 5, 1, '24 MUJER\r\n17 MUJER\r\n9 MUJER\r\nMI HIJA LA MAYOR LOS CUIDA', NULL, NULL, NULL, NULL, '5 AÑOS', 1, '2018-10-30'),
(224, 2, 4, 2, 5, 1, 1, 1, 1, 3, 1, 1, 1, 3, 525, 'Amparo del rocio', 'Tibanquiza', 'Soy una persona responsable, me gusta trabajar, soy honesta,carismatica y sociable', '0992708080', 'Ferroviaria Alta naranjito y pasaje luisa', '5bd7300e14b51.jpg', '5bd7300e14dcc.jpg', NULL, NULL, '1969-07-31', '1711365203', '0992708080', 1, 0, 1, 1, 0, 0, 'Cuidado del adulto mayor', '500', 'Ferroviaria alta', '', '1m 55', '175', NULL, NULL, 'Básico', 'Muy Bien', 'Básico', NULL, 1, 'una señorita de 14, el papá le cuida', NULL, '5bd7300e1500a.jpg', NULL, '2618546', NULL, 1, '2018-10-30'),
(225, 1, 13, 3, 1, 2, 1, 1, 1, 2, 1, 1, 1, 4, 527, 'JONATHAN FABRICIO', 'SUÁREZ CAIZA', '•	Soy una persona honesta, comprometida, responsable y dedicada a mis labores, con buena actitud para el trabajo en equipo y con facilidad para relacionarme en grupo y con capacidad de trabajo a presión.\r\n•	Participe como supervisor y coordinador de operaciones, de los cuales estuve asignado en diferentes puntos operativos.\r\n•	Estoy apto para trabajar en cualquier área, ya que mi predisposición y mi buena actitud me lo permite.', '6010617', 'Sangolquí, Av. El Inca  y calle shuaras lote #4', '5bd7895d74ee2.png', NULL, NULL, '5bd7895d7517f.pdf', '1991-03-11', '1723157358', '0984727074', 1, 0, 0, 1, 0, 1, '•	Primeros Auxilio (CRUZ ROJA ECUATORIANA) •	Charlas Ambientales (EMASEO) •	Excelencia servicio al cliente (Dk Management Services) •	Seguridad y Salud en el Trabajo (CISHT) •	Manejo de equipos contra incendio (CUERPO DE BOMBEROS) •	Trabajo en alturas', NULL, 'El muelle', '', '1.70 CM', '143 LB', NULL, NULL, 'No aplica', 'Excelente', 'No aplica', 2, 1, 'FEMENINO\r\n6 AÑOS\r\nMI HERMANA QUEDA A CARGO DE MI HIJA', '5bd7895d75335.jpg', '5bd75c11f26da.jpg', NULL, '0984578151', '7 AÑOS', 1, '2018-10-30'),
(226, 2, 4, 2, 1, 2, 1, 1, 1, 2, 1, 1, 1, 3, 529, 'Mayra', 'Zambrano zambrano', 'Soy una persona honrada trabajadora responsable integra puntual cumplo con mis obligaciones', NULL, 'angamarca y cristobal de palacio', '5bd7d7200566e.jpg', NULL, NULL, NULL, '1987-08-06', '1723852453', '0963058886', 1, 0, 0, 1, 0, 0, NULL, '386', 'Mena 2', '', '1.5', '120 libras', NULL, NULL, 'Básico', 'Básico', 'Básico', NULL, 1, 'Femenina 12 años mi madre', NULL, NULL, NULL, '0962786815', '3 años', 1, '2018-10-30'),
(227, 2, 3, 2, 3, 1, 1, 1, 1, 3, 2, 2, 1, 3, 517, 'Gloria Clemencia', 'Moreno Rodriguez', 'Me identifico como una persona responsable, a pesar de mi edad me encuentro en optimas condiciones para desempeñar cualquier tipo de labor domestico.', '3653509', 'Julian Charro', '5be0bab06e798.jpg', '5be0bab06f304.jpg', NULL, NULL, '1966-04-17', '0911008209', '0989618496', 2, 0, 0, 0, 0, 0, NULL, NULL, 'Guamaní', '', '160', '140', NULL, NULL, 'Básico', 'Muy Bien', 'Muy Bien', NULL, 1, 'masculino 19 años\r\nmasculino 18 años \r\nnadie', NULL, NULL, NULL, NULL, NULL, 1, '2018-10-30'),
(228, 2, 8, 1, 1, 2, 1, 1, NULL, 2, 1, 1, 1, 3, 531, 'Sara  patricia', 'Quinatoa  moyano', 'Amable.respetuosa.humilde.', '0980518991', 'Guajalo', NULL, NULL, NULL, NULL, '1998-01-02', '0202332292', '0980518991', NULL, 0, 0, 1, 0, 0, NULL, 'Basico', 'guajalo', '', '1.60', NULL, NULL, NULL, 'Básico', 'Muy Bien', 'Básico', NULL, 0, NULL, NULL, NULL, NULL, '0980316767', NULL, 1, '2018-10-30'),
(229, 2, 2, 2, 1, 1, 1, 1, 1, 2, 1, 1, 1, 2, 538, 'Enih Fabricia', 'Narvaez Grijalva', 'solaguilamujersana', 'se daño', 'Fernardez de Recalde N24-86 y La gasca', NULL, NULL, NULL, NULL, NULL, '1709814410', '0992191125', 2, 0, 1, 0, 0, 0, NULL, '386', 'Pambachupa', '', '1,50', '120 libras', NULL, NULL, 'Muy Bien', 'Muy Bien', 'Excelente', NULL, 1, 'una hija de 19 y un hijo de 17 años viven conmigo y estudian los dos', NULL, NULL, NULL, '0991401347', NULL, 1, '2018-10-30'),
(230, 2, 9, 4, 1, 2, 2, 1, NULL, 3, 2, 2, 1, 3, 539, 'Luzmila', 'Jimbiquiti', 'Soy positiva. Amable . Responsable . Respetuosa. Colaboradora.', NULL, 'Arcenio Andrade y Profeta Joel.', NULL, NULL, NULL, NULL, '1982-06-11', '1600493751', '0983117745', 4, 0, 1, 0, 0, 0, NULL, '300', 'Santa Barbara Media.', '', '1.55', '100', NULL, NULL, 'Básico', 'Muy Bien', 'Muy Bien', NULL, 1, '4 hombre. 3 años. 5 años. 7 años .15 años.\r\nLes cuida la tia.', NULL, '5be7822600c8c.jpg', NULL, NULL, '4años', 1, '2018-10-30'),
(231, 2, 6, 2, 1, 2, 1, 1, 1, 2, 1, 1, 1, 1, 547, 'Fani Rebeca', 'Pardo Hernandez', 'Soy a mi consideración una persona responsable, honesta , colaboradora y comprensiva.', '2497482', 'Jaime Roldos Oe10 N87-37', '5be9f92e8117b.PNG', '5be9f92e81465.jpg', NULL, NULL, '1977-05-17', '1103535876', '0997173338', 2, 0, 0, 0, 0, 0, 'Curso de Gastronomía,nutrición y Sanidad además de un curso de Belleza.', '385', 'Jaime Roldos', '', '1.60', '119', NULL, NULL, 'Básico', 'Muy Bien', 'Básico', NULL, 1, 'Varón (16 años) y mujer (14 años), los cuida la tia.', NULL, '5be9f92eb5987.PNG', NULL, '0984812051', '15 años', 1, '2018-10-30'),
(232, 2, 4, 4, 1, 3, 1, 1, 1, 3, 1, 1, 1, 1, 545, 'Rocio del PIlar', 'Caiza Valenzuela', 'Responsable muy ordenada y cumplo con las ordenes dadas', '3398496', 'OE5-268', '5bea1701e1a74.jpg', '5bea1701e1ceb.jpg', NULL, '5bea1701e1f32.jsf', '1979-08-22', '171293780-2', '0958877353', 2, 1, 1, 0, 0, 0, 'auxliar  de enfermeria', '385-450', 'El condado', '', '1.56', '168lb', NULL, NULL, 'No aplica', 'No aplica', 'No aplica', NULL, 1, '16 hijo \r\n7 hija \r\nse quedan con los abuelos', NULL, '5bea17020317e.docx', NULL, '0987462934', NULL, 1, '2018-10-30'),
(233, 2, 13, 1, 1, 2, 1, 1, 1, 6, 1, 1, 3, 3, 550, 'ana mercedes', 'zambrano rojas', 'dinamica,proactiva y polifuncional', NULL, 'jhon harman 275e ferroviaria', '5bea2dd7a8fe2.jpg', NULL, NULL, NULL, '1979-03-20', '09947463', '0961553716', -2, 1, 1, 1, 0, 0, 'taller de vendedores. apoyo logistico', '400', 'ferroviaria baja', '', '1.69', '63 kilos', NULL, NULL, 'Muy Bien', 'Muy Bien', 'Muy Bien', NULL, 1, 'hembra 1 año y varon 5 años mi hermana lo cuida', NULL, NULL, NULL, NULL, '7 meses', 1, '2018-10-30'),
(234, 2, 4, 2, 3, 1, 1, 1, 1, 6, 2, 2, 1, 2, 541, 'VERONICA MARINA', 'GARCIA PEREIRA', 'Mi principal objetivo es desempeñarme, ofrecer y desarrollar todas mis capacidades, consiguiendo un excelente resultado en la labor y el área asignada, sustentada en los más altos principios y valores humanos; y  conseguir un crecimiento tanto personal como  profesional.', '023151186', 'JUAN SOTO OE14-18 Y PEDRO DE ZUMARRAGA', NULL, NULL, NULL, NULL, '1985-08-02', '1720386687', '0995949856', 1, 0, 0, 0, 0, 0, 'ASISTENTE CONTABLE', '400', 'SAN JUAN', '', '159', NULL, NULL, NULL, 'Básico', 'Muy Bien', 'Básico', NULL, 1, 'FEMENINO 7 AÑOS CUIDA ABUELA', NULL, '5beacc8c6cc04.docx', NULL, '0995645021', NULL, 1, '2018-10-30'),
(235, 2, 4, 1, 5, 3, 2, 1, 1, 2, 1, 3, 1, 2, 553, 'Mishel Carolina', 'Sandoval Gilo', 'Soy una joven de 19 años hábil con muchas ganas de salir adelante y formarme académicamente en el área de parvularia y para eso necesito apoyo economico para lograr mis objetivos y aprender nuevas cosas.', '022052064', 'TUMBACO, ARENAL Y SAN FRANCISCO DE LA TOLA GRANDE', NULL, NULL, NULL, NULL, '1999-08-04', '1754462883', '0983281457', NULL, 0, 0, 1, 0, 0, NULL, '386.00', 'TOLA GRANDE', '', '1.63', '90 lb', NULL, NULL, 'Básico', 'Muy Bien', 'No aplica', NULL, 0, NULL, NULL, '5beb134941714.docx', NULL, '0987067133', NULL, 1, '2018-10-30'),
(236, 2, 8, 1, 1, 2, 1, 1, 3, 6, 1, 1, 3, 3, 554, 'sobeida coromoto', 'rodriguez marquez', 'responsable y trabajo en equipo', NULL, 'jonh harman', '5beb93ae4675d.jpg', NULL, NULL, NULL, '1969-12-18', '098662890', '0984056839', 3, 1, 1, 1, 0, 0, 'pros grado en educacion', NULL, 'ferroviaria baja', '', NULL, NULL, NULL, NULL, 'Básico', 'Muy Bien', 'Excelente', NULL, 1, '18 hembra, 19 varon y  29 hembra', NULL, NULL, NULL, NULL, '7 meses', 1, '2018-10-30'),
(237, 2, 11, 1, 5, 3, 1, 1, 1, 2, 1, 1, 1, 1, 557, 'JOHANNA MARIBEL ALMEIDA PONCE', 'ALMEIDA PONCE', 'UNA PERSONA AGIL CON FACILIDAD DE PALABRA, HONRADA, PUNTUAL, RESPONSABLE', '022426489', 'ETAPA E CALLE GALO PLAZA LASSO E ISLA BALTRA CASA N° OE10-75', '5beca5c0189f5.jpg', NULL, NULL, NULL, '1991-01-21', '1720540887', '0958820481', 2, 1, 0, 1, 0, 0, 'ASISTENTE CONTABLE', '400', 'CARAPUNGO', '', '1.48', '130 LIBRAS', NULL, NULL, 'Básico', 'Básico', 'Básico', NULL, 1, 'FEMENINO 10AÑOS\r\nFEMENINO 8 AÑOS\r\nLOS CUIDA MI MADRE MIENTRAS TRABAJO', NULL, NULL, NULL, NULL, NULL, 1, '2018-10-30'),
(238, 2, 1, 2, 1, 1, 1, 1, 3, 2, 1, 1, 1, 1, 563, 'giovanna del pilar', 'Bauz Achig', 'Yo me identifico como una persona trabajadora, activa y dispuesta a realizar las tareas del hogar con eficiencia, tengo experiencia por que he trabajado en Madrid España durante 20 años y ahora que he regresado a Ecuador deseo trabajar como empleada de hogar y seguir desempeñando las tareas con responsabilidad como lo he venido haciendo en el extranjero.', '2013085', 'galo plaza lazo N15 398', '5beef4a164dd6.jpg', NULL, NULL, NULL, '1967-11-13', '1709919524', '0983532815', 3, 0, 0, 1, 0, 0, NULL, NULL, 'carapungo', '', '1,50', '145', NULL, NULL, 'Excelente', 'Excelente', 'Excelente', NULL, 1, 'hijos de: 30 años , 23 años, 20 años no tengo pequeños', NULL, '5beef4a165124.jpg', NULL, '0963084577', NULL, 1, '2018-10-30'),
(239, 1, NULL, 1, 5, 2, NULL, 1, NULL, 2, NULL, 1, NULL, 1, 564, 'ACHARAF', 'IDRISSOU', 'muy simple', NULL, NULL, NULL, NULL, NULL, NULL, '1993-10-10', 'EB', NULL, NULL, 0, 0, 1, 0, 0, NULL, 'a convenir', NULL, '', NULL, NULL, NULL, NULL, 'No aplica', 'No aplica', 'No aplica', NULL, 0, NULL, NULL, NULL, NULL, NULL, NULL, 1, '2018-10-30'),
(240, 2, 3, 5, 1, 2, 1, 1, 2, 3, 1, 1, 1, 1, 568, 'Rosa Etelbina', 'Quishpe', 'Soy una persona responsable, dispuesta a aplicar mis conocimientos de la mejor manera soy honesta y me gusta colaborar con las personas, solidaria, humilde y trabajadora.', '022493492', 'Puruhanta N69-165 y Machala', NULL, NULL, NULL, NULL, '1968-03-25', '1709159899', '0967612247', 4, 0, 0, 0, 0, 0, NULL, '386', 'Mena del Hierro', '', '1,48', '165', NULL, NULL, 'Excelente', 'Excelente', 'Excelente', NULL, 1, '3 varones 29 años, 26 años y 23 años\r\n1 mujer 21 años\r\nYa se cuidan solos', NULL, NULL, NULL, NULL, '7 años', 1, '2018-10-30'),
(241, 2, 5, 2, 5, 1, 1, 1, 5, 3, 2, 1, 1, 3, 572, 'Mercedes Argentina', 'Zambrano Bolaños', 'Mujer carismatica y alegre, 100% manaba', '2665631', 'Av. Tnte. Hugo Ortiz y Antonio Rodriguez', '5bf5964d2b5fe.jpg', NULL, NULL, NULL, '1970-12-15', '0914488432', '0978994170', 3, 0, 1, 1, 0, 0, NULL, '380', 'El Calzado', '', '150', '110', NULL, NULL, 'Excelente', 'Excelente', 'Excelente', NULL, 1, 'Masculino 30\r\nMasculino 18\r\nFemenino 16', NULL, '5bf5964d2b932.jpg', NULL, NULL, NULL, 1, '2018-10-30'),
(242, 2, 4, 2, 1, 2, 1, 1, 1, 3, 1, 1, 1, 1, 570, 'Rosa Miriam', 'Castro Bravo', 'Mujer trabajadora responsable honrada dispuesta a trabajar con horario disponibles  de lunes a viernes o fines de semana', '2293969', 'La Prensa N 70-60 y Ezequiel Márquez', '5bf7fe83b772e.jpg', '5bf7fe83b842d.jpg', NULL, NULL, '1973-08-10', '1711359255', '0996392472', 2, 0, 0, 1, 0, 0, 'Computación, atención al cliente', '387', 'San José del condado', '', '156', '130', NULL, NULL, 'Básico', 'Básico', 'Básico', NULL, 1, '12 años femenino\r\n6 años  masculino les cuida mi mamá mientras yo trabajo', NULL, '5bf7fe83b992a.docx', NULL, '0983889618', '5 años', 1, '2018-10-30'),
(243, 1, 7, 2, 5, 2, 1, 1, 1, 6, NULL, 1, 3, 1, 575, 'oswaldo alfonso', 'jimenez olfila', 'activo, sociable, metodico, meticuloso', NULL, 'amagasi del inca', NULL, NULL, NULL, NULL, '1971-09-22', '1759123274', '0958687379', 2, 0, 0, 1, 0, 0, 'logistica y operaciones de almacenaje', '500', 'las orquideas', '', '1,78', '180', NULL, NULL, 'Muy Bien', 'Muy Bien', 'Muy Bien', NULL, 1, 'varon 13 años y hembra 5. la madre', NULL, '5bfcbf6309e38.jpg', NULL, NULL, '5 meses', 1, '2018-10-30'),
(244, 2, 2, 1, 1, NULL, 1, 1, 1, 2, 2, 2, 1, 3, 576, NULL, 'Zari', 'Me identifico como una joven con ganas de superar de seguir adelante, con muchas ganas de trabajar. soy muy eficaz, honrada.', '022609464', NULL, NULL, NULL, NULL, NULL, '1994-10-06', NULL, '0984777414', NULL, 0, 0, 0, 0, 0, NULL, '400', 'Las palmeras', '', NULL, NULL, NULL, NULL, 'Básico', 'Básico', 'Básico', NULL, 0, NULL, NULL, NULL, NULL, NULL, NULL, 1, '2018-10-30'),
(245, 2, 13, 1, 1, 2, 2, 1, NULL, 4, 1, 1, 1, 3, 582, 'MARIA DELIA', 'GUAMAN CUNUHAY', 'SOY UNA PERSONA AMABLE, EDUCADA Y MUY HONESTA', NULL, 'ATACOCHA Y TUMBABIRO', '5c058342e08d6.jpeg', NULL, NULL, NULL, '1979-02-28', '0502780018', '0995507145', 1, 1, 0, 1, 0, 0, NULL, 'El basico', 'LA ARGELIA', '', NULL, NULL, NULL, NULL, 'No aplica', 'Muy Bien', 'Básico', NULL, 1, '17 AÑOS', NULL, NULL, NULL, '0995710197', '3 MESES', 1, '2018-10-30'),
(246, 2, 3, 1, 5, 2, NULL, 1, 2, 3, 1, 1, 1, 4, 583, 'Tania Elizabeth', 'Arregui Yatriza', 'Me identifico una persona responsable honesta cumplidora en mis labores.', '4511576', 'Tumbaco-Quito', '5c05ac34b8136.jpg', NULL, NULL, '5c05ac34b8431.png', '1974-01-26', '1600294506', '0978998414', 5, 1, 0, 1, 0, 0, 'Manicurista', '$400', 'Santa Rosa', '', '1,56', '156', NULL, NULL, 'Básico', 'Excelente', 'Muy Bien', NULL, 1, 'Femenino 24 años\r\nFemenino 22 años\r\nFemenino 15 años\r\nFemenino  13 años\r\nFemenino  10 años\r\nLes cuida la hermana de 22 años', NULL, NULL, NULL, '0995405196', '4 años', 1, '2018-10-30'),
(247, 2, 11, 2, 1, 1, NULL, 1, 3, 3, NULL, 1, 1, 4, 588, 'Maria Rosa', 'Tayango', 'Entre mis habilidades puedo decir que aprendo rapido, trabajo muy bien en equipo', NULL, NULL, NULL, '5c13ef76ab353.doc', NULL, NULL, '1962-02-12', NULL, '0967543761', NULL, 0, 0, 1, 0, 0, NULL, '390', NULL, '', '1 55', NULL, NULL, NULL, 'Básico', 'Excelente', 'Muy Bien', NULL, 0, NULL, NULL, NULL, NULL, '0980357136', NULL, 1, '2018-10-30'),
(248, NULL, NULL, NULL, NULL, 1, NULL, 1, NULL, NULL, NULL, NULL, NULL, NULL, 25, NULL, NULL, 'nuevo nuevo', NULL, 'nuevo nuevo', NULL, NULL, NULL, NULL, NULL, NULL, NULL, NULL, 0, 0, 0, 0, 0, NULL, NULL, NULL, '', NULL, NULL, NULL, NULL, 'No aplica', 'No aplica', 'No aplica', NULL, 0, NULL, NULL, NULL, NULL, NULL, NULL, 1, '2018-12-19'),
(249, 2, NULL, 1, 1, 1, 1, 1, 1, 1, 2, 1, 1, 3, 591, 'Fanny Melinda', 'Remache Rojas', 'Me considero una persona responsable. Honesta y con muchas ganas de trabajar me gusta ayudar a quien lo necesita soy amable y son tranquila si necesitan mi ayuda estoy para su servicio, tengo muchos valores y principios inculcados, soy educada y atenta en todo lo que hago, me gusta ser de utilidad y soy muy servicial.', NULL, 'Oswaldo Hurtado lote 98', '5c1bb1d2c8dae.jpg', '5c1bb1d2c9793.jpg', NULL, NULL, '1979-04-10', '1715575807', '0985343258', 4, 1, 1, 1, 0, 0, NULL, '400', 'Oasis del sur', '', '1,48', '130', NULL, NULL, 'Muy Bien', 'Muy Bien', 'Excelente', NULL, 1, 'Masculino 6\r\nMasculino 20\r\nMasculino 22\r\nFemenina 18', NULL, '5c1bb1d2cb6d9.jpg', NULL, '0968769446', NULL, 1, '2018-12-20'),
(250, 2, 7, 2, 3, 3, 1, 1, 3, 2, 2, 2, 1, 1, 592, 'Michelle Estefania', 'Recalde Cholca', 'Mestiza amable puntual onrada onesta', '3388761', 'Planada transversal a7 Oe16-26', NULL, '5c27f63ec6e45.jpg', NULL, NULL, '1995-09-05', '1725458143', '0987143748', 2, 0, 0, 1, 0, 0, 'Costura', '300', 'Colinas del norte', '', '156.5', '55.7kg', NULL, NULL, 'Básico', 'Muy Bien', 'Muy Bien', NULL, 1, 'Mujeres de un año y tres meses y dos años imedio', NULL, '5c27f63ec9509.jpg', NULL, '0968380724', NULL, 1, '2018-12-29'),
(251, 2, 1, 1, 1, 2, 4, 1, 1, 2, 2, 1, 3, 1, 596, 'FRANCIA JOSEFINA', 'PRADO MEDINA', 'Francia', '02 2501804', 'Av. América y San Gabriel oe3-243', '5c2e2dd32ec14.rtf', NULL, NULL, NULL, '1968-11-15', '1759106063', '0999079043', 1, 1, 1, 1, 0, 0, 'Todos de computación, Word, Excel, poder point', '500$', 'Pichincha', '', '1.67', '63', NULL, NULL, 'Básico', 'Excelente', 'Básico', NULL, 1, '12 años ñocuida mi hermana y mama', NULL, '5c2e2b1e72eea.jpg', 'ninguna', '099 9079043', '1 año', 1, '2019-01-03'),
(252, 2, 7, 2, 1, 1, 1, 1, 1, 6, 1, 1, 1, 1, 597, 'MIRIAN CARMEN', 'VAYAS GUAQUIPANA', 'SOY MUY POSITIVA DE BUENA VIBRA Y SONRIENTE', NULL, 'TERESA FLOR OE10D', NULL, NULL, NULL, NULL, '1996-09-12', '0250069572', '0963082958', 1, 0, 0, 1, 0, 0, 'AUXILIAR DE ENFERMERIA', 'El basico', 'SAN VICENTE', '', '145', NULL, NULL, NULL, 'Muy Bien', 'Excelente', 'Muy Bien', NULL, 1, 'MI ESPOSO QUE ES TAXISTA LE CUIDA', NULL, NULL, NULL, NULL, NULL, 1, '2019-01-03'),
(253, 2, 12, 1, 1, 2, 3, 1, 1, 1, 1, 1, 1, 1, 599, 'Mónica Valeria', 'Folleco Suárez', 'soy una persona trabajadora,honesta y resposable', NULL, 'Carcelen', '5c2ed79a838b5.jpg', NULL, NULL, NULL, '1991-07-21', '1720509353', '0968248837', 2, 1, 0, 1, 0, 0, NULL, 'el Basico', 'Barrio la Jossefina', '', '1.73', '160', NULL, NULL, 'Básico', 'Excelente', 'Básico', NULL, 1, 'mi hijo de 7 meses y mi hija de 7 años \r\nme los cuida mi mamá', NULL, NULL, NULL, NULL, '3 años', 1, '2019-01-04'),
(254, 2, 5, 3, 5, 2, 3, 1, 3, 3, 1, 1, 1, 3, 602, 'Beatriz soraida', 'Vasquez gaspar', 'Excelente persona muy buena cocinera', '304-2786', 'S41 oe5177', NULL, NULL, NULL, NULL, '1989-12-09', '0802911859', '0984222459', 3, 0, 0, 1, 0, 0, NULL, '394', 'Ciudadela Ibarra', '', '1,65cm', '75kg', NULL, NULL, 'Excelente', 'Muy Bien', 'Muy Bien', NULL, 1, '11 femenino\r\n9 femenino \r\n5 masculino', NULL, NULL, NULL, '0962824867', '4', 1, '2019-01-07'),
(255, 2, 5, 2, 1, 1, 1, 1, 5, 2, 2, 1, 1, 1, 608, 'Sandra Ximena', 'Narvaez Cadena', 'Persona Honesta, responsable, respetuosa, con buen carácter, realizo mis tareas con entuciasmo en un buen ambiente.', NULL, 'La Concordia N5-302 y Giovanni Calles', NULL, NULL, NULL, NULL, '1977-12-21', '1714471743', '0987182374', 2, 0, 0, 0, 0, 1, 'Artesanal en belleza', '394', 'Calderón', '', '150', '140', NULL, NULL, 'Muy Bien', 'Muy Bien', 'Básico', 2, 1, '22 años\r\n17 años', NULL, NULL, NULL, NULL, NULL, 1, '2019-01-08'),
(256, 2, 7, 2, 1, 1, 1, 1, 3, 2, 1, 1, 1, 3, 610, 'JENNY ALEXANDRA', 'MIÑO PEREZ', 'MUJER TRABAJADORA, HONESTA, PUNTUAL, SERVICIAL, DE CARACTER AMABLE, AMANTE DEL HOGAR Y LA FAMILIA.', '024500686', 'CALLE E7 S41-18 Y CALLE S42', '5c35120c6a6aa.jpg', '5c35120c6a917.jpg', NULL, '5c35120c6dc76.pdf', '1968-09-04', '1710561711', '0999180815', 3, 0, 1, 1, 0, 0, 'PRIMEROS AUXILIOS,', '394', 'BALCON DEL SUR', '', '1.55', '140', NULL, NULL, 'Básico', 'Muy Bien', 'Excelente', NULL, 1, 'FEMENINO 27 AÑOS,\r\nMASCULINO 20 AÑOS,\r\nMASCULINO 18 AÑOS.', NULL, '5c350ca06562b.jpg', NULL, '0989197643', NULL, 1, '2019-01-08'),
(257, 2, 8, 2, 1, 1, 1, 1, 1, 2, 1, 1, 1, 3, 615, 'Maria Ximena', 'Ramirez Bravo', 'Me caracterizo por ser una persona responsable y comprometida en sus labores y mucho mas en mi trabajo.', '4527345', 'El Beaterio, calle A, lote 47', '5c36826e7afdc.jpg', NULL, NULL, NULL, '1983-11-18', '1104214992', '0983502473', 3, 0, 1, 1, 0, 0, 'Cursos en limpieza', '394.00', 'El Beaterio', '', '158', '130.8', NULL, NULL, 'Muy Bien', 'Excelente', 'Muy Bien', NULL, 1, 'Dos niñas de 17 y 13 años y un niño de 4 años. Después del colegio se quedan juntos.', NULL, NULL, NULL, '0979371822', NULL, 1, '2019-01-09'),
(258, 2, 1, 4, 4, 1, 1, 1, NULL, 2, 1, 2, 1, 2, 606, 'Ana Belen', 'Teran Fernandez', 'soy trabajadora soy honrada soy puntual me gusta trabajar', NULL, 'sevilla y vizcaya', '5c3750154cdca.jpg', '5c3750154d090.pdf', NULL, NULL, '1980-10-30', '1717595621', '0996020550', 1, 1, 0, 1, 0, 0, 'curso de relaciones humanas y liderasgo , turismo para todos', '290', 'la floresta', '', '1.60', '160', NULL, NULL, 'Básico', 'Excelente', 'Muy Bien', NULL, 1, 'tengo una señorita de 15 años', NULL, '5c3750154e182.pdf', NULL, NULL, NULL, 1, '2019-01-10'),
(259, 2, 8, 2, 1, 2, 1, NULL, 1, 4, 1, 1, 1, 3, 627, 'Maria Lupe', 'Mera Chilagano', 'Persona muy responsable, honrada.', '023052040', 'Cdla Ibarra, francisco de becerra, pasaje s37b, casa oe9-176', '5c3e92e0226c2.jpg', NULL, NULL, '5c3e92e023286.pdf', '1973-01-09', '1711163756', '0960121588', 4, 0, 1, 1, 0, 0, NULL, '393', 'Cdla Ibarra', '', '155', '150', NULL, NULL, 'Muy Bien', 'Muy Bien', 'Muy Bien', NULL, 1, '28 años-mujer, 26 años mujer, 14 años - hombre, 6 años hombre(al menor lo cuida mi hija de 26 años que estudia)', NULL, '5c3e92e024df6.zip', NULL, NULL, '2 años', 1, '2019-01-15'),
(260, 2, 11, 1, 3, 1, 2, 1, 1, 2, 2, 2, 1, 2, 629, 'NELLY ALEXANDRA', 'GUAMINGA GUAPI', 'UNA MUJER CAPAZ DE TRABAJAR EN LAS ACTIVIDADES QUE ME PROPONGAN', NULL, NULL, NULL, NULL, NULL, NULL, '1998-02-19', '0605604768', '0979769215', NULL, 0, 0, 0, 0, 0, NULL, NULL, 'SAN SEBASTIAN SECTOR CUMANDA', '', '1.45', NULL, NULL, NULL, 'Básico', 'Básico', 'No aplica', NULL, 0, NULL, NULL, NULL, 'NINGUNA', '0993577769', NULL, 1, '2019-01-17'),
(261, 2, 3, 4, 3, 1, 1, 1, 1, 7, 2, 2, 1, 1, 635, NULL, 'Monar Orta', 'me indentifico como  una persona reponsable honesta y sobre todo con ganas de seguir adelante', '023382826', 'colinas del norte perimetral derecha OE6-143', '5c473f9787762.jpg', NULL, NULL, NULL, '1988-03-25', '1721537866', '0982561883', 2, 1, 0, 1, 0, 0, NULL, '190', 'caminos a la libertad', '', '1.45', NULL, NULL, NULL, 'Muy Bien', 'No aplica', 'Básico', NULL, 1, 'hija 2 años hijo 8 años \r\nasisten a  la guarderia y escuela si llegara a demorar mi hemanas y cuñada pasan en casa', NULL, NULL, NULL, NULL, NULL, 1, '2019-01-22'),
(262, 2, 12, 5, 3, 3, 1, 1, 3, 2, 2, 2, 1, 2, 631, 'Rocio del Carmen', 'Flores Davila', 'Soy una persona responsable ,puntual trabaja en equipo', '2956223', 'Los RiosN2-103 y concepcion', '5c4fcc2dee3d0.jpg', '5c4fcc2dee61c.jpg', NULL, '5c4fcc2dee7dc.jpg', '1967-07-14', '1724307697', '0998713283', NULL, 0, 1, 0, 0, 0, 'Auxiliar de Enfermeria', '394', 'La Tola', '', '1.60', '137', NULL, NULL, 'Muy Bien', 'Excelente', 'Excelente', NULL, 0, NULL, NULL, '5c4fcc2dee9e2.jpg', NULL, '0987753917', NULL, 1, '2019-01-29'),
(263, 2, 1, 3, 1, 2, 1, 1, NULL, 1, 1, 2, 1, 4, 459, 'Norma Vicenta', 'Perez Cueva', 'Me identifico como una persona seria,honesta,amable y responsable con el trabajo', NULL, 'Rio Paute N29-226 Los Pinos de Miranda', NULL, NULL, NULL, NULL, '1980-10-25', '1715914253', '0980736252', -3, 0, 1, 0, 0, 0, NULL, '350', 'Miranda Alto', '', NULL, NULL, NULL, NULL, 'No aplica', 'No aplica', 'No aplica', NULL, 1, '1 varon 22 años\r\n1 varon 15 años\r\n1 mujer 13 años', NULL, '5c50aab3d65c3.jpg', NULL, '0980736252', '1 año', 1, '2019-01-29'),
(264, NULL, 8, 1, 1, 2, 1, 1, 1, 3, 1, 1, 1, 3, 641, 'HEYDIS NORAIDA', 'MEDINA VALDEZ', 'como buena persona honrrada trabajadora discreta rrespetuosa', '0992174279', 'sur comite del pueblo CAE13 MARIANO ALMEIDA', NULL, NULL, NULL, NULL, '2019-01-15', '0992174279', '0992174279', 1, 1, 0, 1, 0, 0, NULL, 'el vacico', 'comite del pueblo', '', NULL, '65', NULL, NULL, 'Muy Bien', 'Muy Bien', 'Muy Bien', NULL, 1, 'masculino tiene 11anos vive en esmeraldas con mis papa', NULL, NULL, 'ninguna', '0993092867', '2 anos', 1, '2019-01-30'),
(265, 1, NULL, NULL, 1, 1, 1, 1, 1, 3, NULL, 1, NULL, NULL, 648, 'Cesar David Cabrera Morocho', NULL, 'Persona responsable , honesta y muy dedicada a las actividades encomendadas.', '023040113', 'Cdla Ibarra Calle Oswaldo Hurtado y Calle A', '5c59ea0a4159e.jpg', NULL, NULL, NULL, '1989-09-05', '1724129315', NULL, NULL, 0, 0, 1, 0, 0, NULL, '400', 'Barrio Los Pinos', '', NULL, '140', NULL, NULL, 'No aplica', 'Muy Bien', 'No aplica', NULL, 0, NULL, NULL, '5c59ea0a418da.docx', NULL, NULL, NULL, 1, '2019-02-05'),
(266, 2, 13, 1, 1, 1, 1, 2, 1, 1, 1, 1, 1, 1, 650, 'Maria Magdalena', 'Delgado Mero', 'Soy una mujer responsable,honesta de buenos principios.', '3172042', 'sauces 6 mz 297 v 7', '5c5cec4becde0.jpg', NULL, NULL, NULL, '1973-02-25', '1807318007', '0980568392', 3, 1, 1, 1, 0, 0, NULL, '390', 'sauces', '', '1.55', '130', NULL, NULL, 'Excelente', 'Excelente', 'Excelente', NULL, 1, 'Hombre 24 \r\nMujer 21\r\nMujer 15', NULL, '5c5cebd09fdf0.jpg', NULL, '0981149101', NULL, 1, '2019-02-07'),
(267, 2, 9, 1, 1, 1, 1, 1, 1, 2, 1, 1, 1, 3, 653, 'ROSA  GABRIELA', 'ILAQUIZE TASIGCHANA', 'SOY UNA PERSONA HONESTA Y PUNTUAL  QUE ME GUSTA TRABAJAR  EN TODAS LAS AREAS QUE NECESITEN  Y ESTEN DISPONIBLES', '3118268', 'VALLES DEL SUR', NULL, NULL, NULL, NULL, '1995-06-09', '1725181638', NULL, 1, 1, 0, 1, 0, 0, NULL, '395', 'SAN MARTIN DE PORRES', '', '140', '30', NULL, NULL, 'Básico', 'Básico', 'Básico', NULL, 1, 'MASCULINO TIENE 3 AÑOS LO CUIDA MIENTRAS TRABAJO MI MAMA', NULL, NULL, NULL, '0998149212', NULL, 1, '2019-02-08'),
(268, 2, 2, 3, 1, 2, 1, 1, 1, 2, 1, 1, 1, 3, 658, 'gabriela mercedes', 'altamirano yanque', 'soy una persona capacitada para realizar un trabajo de gran excelencia', NULL, 'solanda #4', NULL, NULL, NULL, NULL, '1988-10-16', '1721417838', '0984370796', 2, 0, 1, 1, 0, 0, NULL, '394.00', 'solanda', '', '145', '125', NULL, NULL, 'Básico', 'Excelente', 'Excelente', NULL, 1, '15 años \r\n7 años\r\nse quedan al cuidado de mi madre', NULL, NULL, NULL, NULL, '12 años', 1, '2019-02-13'),
(269, 2, 6, 1, 1, 2, 1, 1, 1, 2, 1, 1, 1, 3, 661, 'Johanna elizabeth', 'Vargas guano', 'Soy una persona responsable  con la capacidad de desempeñarme  n la area q me impongan y haci demostrar mis conocimientos.', '2663642', 'Chilibulo y mariscal sucre (Hosp.sur)', NULL, NULL, NULL, NULL, '1993-04-26', '1724188758', '0983026555', 1, 1, 0, 1, 0, 0, 'Atencion al cliente . Limpieza hospitalaria', '400', 'Hospital del sur', '', '1.50', '110', NULL, NULL, 'Básico', 'Excelente', 'Básico', NULL, 1, 'Masculino.4 años cuida la abuelita', NULL, '5c6de97eb298f.jpg', NULL, '0997833617', '2 años', 1, '2019-02-20'),
(270, 2, 5, 4, 3, 2, 1, 1, 1, 3, 2, 2, 1, 3, 662, 'maria del  carmen', 'ontaneda flores', 'responsamble honrrada respetuosa . discreta', '023122458', 'amaluza', '5c7010025fa08.JPG', '5c701360291c6.jpg', NULL, '5c70136029b0a.jpg', '1975-12-13', '1103244867', '0987359407', 2, 0, 1, 1, 0, 0, 'costura.computacion .relaciones  humanas', '395', 'altos  del recro', '', '149', '148', NULL, NULL, 'Básico', 'Muy Bien', 'Básico', NULL, 1, '15 años estudia colegio\r\n11 años estudia  escuela', NULL, '5c7010026290a.docx', NULL, '0960348760', '10 años', 1, '2019-02-22'),
(271, 2, 11, 2, 1, 3, 1, 1, 3, 7, 1, 2, 1, 2, 664, 'Mónica Jeannet del Pilar', 'Muñoz Torres', 'Soy una positiva dinámica,responsable , trabajadora, cumplo ordenes a cavalidad, son amigable y cordial', '022613964', 'Paute S6-33 y Upano', '5c75abf72a70f.jpg', NULL, NULL, NULL, '1960-01-21', '1706084603', '0992571243', 3, 0, 1, 1, 0, 1, 'Primeros auxilios, Computación', '360', 'Chimbacalle', '', '1.55', '110', NULL, NULL, 'Muy Bien', 'Excelente', 'Excelente', 2, 1, 'Masculino  34\r\nFemenino 25\r\nFemenino 18', NULL, NULL, 'Hipertensión arterial', '0984005480', NULL, 1, '2019-02-26'),
(272, 2, 12, 3, 1, 2, 1, 1, 5, 3, 1, 1, 1, 2, 665, 'Blanca Alexandra', 'Carvajal Mena', 'trabajadora,responsable,aseada,ordenada,correcta,puntual,buena presencia,comedida,de buenas aspiraciones,paciente,eficiente,atenta,luchadora.', NULL, 'SAN JOSE DE MOJAS calle principal: Francisco Matis  casa S3-307', NULL, '5c75e96b2808b.docx', NULL, NULL, '1977-07-18', '1713883377', '0983255959', 2, 0, 0, 0, 0, 0, NULL, '$ 394.00', 'San Jose de Monjas', '', '1.60 cm', '140 libras', NULL, NULL, 'Básico', 'Excelente', 'Básico', NULL, 1, 'masculino 23\r\nfemenino 24', NULL, NULL, NULL, '0998396373', '8 años', 1, '2019-02-26'),
(273, 2, 2, 2, 5, 1, 1, 1, 1, 2, 1, 1, 1, 3, 670, 'Enith itsmenia', 'Yaguana Yaguana', 'Hola me llamo Enith tengo 44 me gustra trabajar ser responsable en mi trabjo dispongo de tiempo y m gusta trabajar', '23042412', 'S41 calle 9 y Ermel Fiallos', '5c7784cf674ce.jpg', '5c950ea055ff4.jpg', NULL, NULL, '1974-09-27', '1713892360', '0997508075', 1, 1, 0, 1, 0, 0, 'Cursos de Belleza ;Corte y Confeccion ,Atencion al Cliente', '$370', 'Las Orquideas', '', '1,47', '103', NULL, NULL, 'Excelente', 'Excelente', 'Excelente', NULL, 1, 'Tengo un joven de 24 años y mi hijo vive en Cuenca', NULL, '5c95104a5366c.jpg', NULL, NULL, NULL, 1, '2019-02-28'),
(274, 2, 6, 1, 5, 3, 1, 1, 1, 2, 2, 1, 1, 1, 672, 'Diana Gisella', 'Obando Guiz', 'una persona muy responsable,dedicada al trabajo que le encomienden y sobre todo puntual.', '2821176', 'Calderon, av. atahualpa y cacha. E1-163', '5c954a324c947.jpg', '5c954a324cf67.jpg', NULL, '5c954a324d161.pdf', '1998-05-07', '1753716156', '0962673144', 1, 1, 0, 1, 0, 0, 'Cursos de primeros auxilios basicos en la cruz roja ecuatoriana', 'sueldo básico con los beneficios de la ley', 'Barrio Collas', '', '1metro 54 cm', '65 libras', NULL, NULL, 'Básico', 'Excelente', 'Básico', NULL, 1, 'Masculino, 4 años mi cuñado por la mañana y la tarde se va a la escuela', NULL, '5c954a324d301.jpg', NULL, '0997984266', NULL, 1, '2019-02-28'),
(275, 2, 8, 1, 1, 3, 1, 1, 3, 2, 1, 1, 1, 1, 674, 'Maria Guadalupe', 'Cortes Garcia', 'Soy guapa,alegre,extrovertida,fiel,tabajadora,responsable,puntual,comprometida con mi trabajo,compañera acolitadora,respetuosa,dinamica y sobre todo honrrada.buena hija,hermana y madre', NULL, 'De las avellanas y pasaje 5 de agosto', '5c784036560f9.jpg', '5c78403656375.jpg', NULL, NULL, '1976-01-12', '1712529898', '0989026034', 2, 1, 1, 1, 0, 0, 'Manejo de quimicos e higiene personal,induccion al area de practicas de limpieza,productos quimicos de limpieza,buenas practicas de manufacturacion,entrenamiento en manejo de jardines,seguridad contra incendios y evacuacion', '380', 'Esmeraldas', '', '165', '130', NULL, NULL, 'Muy Bien', 'Excelente', 'Básico', NULL, 1, 'De 21 mujer\r\nDe 18 varon', NULL, '5c784036565b3.jpg', NULL, '0961706686', NULL, 1, '2019-02-28'),
(276, 2, 12, 2, 1, 1, 1, 1, 1, 1, 1, 1, 2, 1, 675, 'Blanca Herly', 'Duque', 'Persona responsable con ganas de trabajar para salir adelante', '022820091', 'Conjunto jardin de marianitas 1 casa 41', NULL, NULL, NULL, NULL, '1956-11-06', '1752066454', '0999321894', NULL, 0, 0, 0, 0, 0, NULL, '$385', 'Marianitas', '', '1.69', '148', NULL, NULL, 'Básico', 'Básico', 'Muy Bien', NULL, 0, NULL, NULL, NULL, NULL, NULL, NULL, 1, '2019-02-28'),
(277, 2, 4, 2, 1, 2, NULL, 1, NULL, NULL, 1, 1, 1, 4, 678, 'NARCIZA LOURDES', 'ALCIVAR BRAVO', 'Vincularme a un lugar de trabajo que me permita crecer personalmente, así como poner al servicio del mismo mis conocimientos y habilidades.\r\nSoy responsable, humilde, honesta, tolerante, solidaria.', NULL, 'CONOCOTO, AMABLE ARAUZ E4-55 Y JOSE DE AZCASUBI', '5c79e9ec3493f.jpg', NULL, NULL, NULL, '1964-08-20', '1725597320', '0987328729', NULL, 0, 0, 1, 0, 0, NULL, '394', 'CONOCOTO', '', NULL, NULL, NULL, NULL, 'Muy Bien', 'Excelente', 'Excelente', NULL, 1, '2 mayores de edad', NULL, NULL, NULL, '0995770990', NULL, 1, '2019-03-01'),
(278, 1, 5, 1, 1, 1, 1, 1, 1, 2, 2, 1, 1, NULL, 679, 'CARLOS LEONEL', 'TUL FLORES', 'HONESTO Y ORDENADO', '022602798', 'LOMA DE PUENGASI CALLE EL CONDE #S6-616', NULL, NULL, NULL, NULL, '1998-12-08', '1721269718', '0987182806', 2, 0, 0, 1, 0, 0, 'PRIMEROS AUXILIOS', '395', 'LOMA DE PUENGASI', '', '1.70', NULL, NULL, NULL, 'Básico', 'Básico', 'Básico', NULL, 1, 'LO CUIDA LA ABUELA Y AL OTRO NIÑO LO CUIDA LA MAMA', NULL, '5c8009659fbf4.docx', NULL, '0986712356', NULL, 1, '2019-03-06'),
(279, 2, 1, 1, 1, 2, 1, 1, NULL, 3, 1, 1, 1, 1, 680, 'Joselyn', 'Rugel', 'Yo soy una persona muy responsable amable trabajadora', NULL, 'Cárceln bajo calle k mz c pasaje 1', NULL, NULL, NULL, NULL, '1993-11-01', '1751103647', '0992090986', 3, 0, 0, 1, 0, 0, NULL, 'Basico', 'Carcelen', '', NULL, NULL, NULL, NULL, 'No aplica', 'Excelente', 'Básico', NULL, 1, 'Niña estudia\r\n Niño estudia \r\nNiña guardetia', NULL, NULL, NULL, '0998900486', '1 año', 1, '2019-03-06'),
(280, 2, 4, 2, 5, 2, 1, 1, 1, 6, 1, 1, 1, 3, 681, 'Gladys Patricia', 'Guachi Ninacuri', 'Soy una persona honrada, carismatica, con conocimientos en camararia y limpieza atencion al cliente me gusta imponerme metas y cumplirlas a cabalidad y estoy dispuesta a aprender cosas nuevas', '032878221', 'E1B 162 y E1', NULL, NULL, NULL, NULL, '1986-08-05', '1804162319', '0979933299', 1, 0, 0, 1, 0, 0, 'Ingles computacion', '400', 'El conde', '', '1,50', '120', NULL, NULL, 'Muy Bien', 'Muy Bien', 'Muy Bien', NULL, 1, 'Masculino 1 y 9 meses mi madre', NULL, NULL, 'Ninguna', '0959839940', '3 años', 1, '2019-03-07'),
(281, 2, 9, 2, 3, 3, 1, 1, NULL, 1, 1, 2, 1, 3, 682, 'Fanny Leticia', 'Gómez Arango', 'Responsable ágil honrada', NULL, NULL, '5c825dbe8d1c1.jpg', NULL, NULL, NULL, '1084-06-07', '1715560700', '0939563377', NULL, 0, 1, 0, 0, 0, NULL, NULL, NULL, '', '1.49', NULL, NULL, NULL, 'Básico', 'Muy Bien', 'Básico', NULL, 0, NULL, NULL, NULL, NULL, NULL, NULL, 1, '2019-03-08'),
(282, 2, 6, 2, 1, 2, 1, 1, 3, 1, 1, 1, 1, 1, 683, 'Soledad Agueda', 'Quishpi Quishpi', 'Me considero una persona muy eficiente, honesta y honrada', '2396642', 'Misión Geodésica y Pasaje H', '5c82a6f7369d3.jpg', '5c869607a2c77.pdf', NULL, '5c869607a2eee.pdf', '1980-05-11', '1717360331', '0993538142', 2, 0, 1, 1, 0, 0, NULL, 'Salario básico (394)', 'San Francisco', '', '155 cm', '96 lb', NULL, NULL, 'Básico', 'Muy Bien', 'Muy Bien', NULL, 1, 'Primer hijo: 18 años, masculino \r\nSegundo hijo: 7 años, femenino, es cuidada por el hermano mayor', NULL, '5c869607a30b3.pdf', NULL, '0998277356', '7', 1, '2019-03-08'),
(283, 2, 11, 2, 1, 3, 1, 1, 3, 2, 1, 1, 1, 1, 685, 'WENDY SABRINA', 'LOPEZ RECALDE', 'HONESTA RESPONSABLE DE MIS TAREAS  HONRADA CAPAS DE HACER LO QUE ME ENCOMIENDEN', NULL, 'PARROQUIA CALDERON COOP LUZ Y VIDA  MZ 20 LOT 528', NULL, NULL, NULL, NULL, '1994-01-26', '1726192303', '0983180334', 1, 0, 0, 1, 0, 0, NULL, '390', 'COOP LUZ Y VIDA', '', '1.40', NULL, NULL, NULL, 'Básico', 'Muy Bien', 'Básico', NULL, 1, 'MUJER  6 AÑOS', NULL, '5c853dd73b96b.jpg', NULL, NULL, NULL, 1, '2019-03-10'),
(284, 2, 12, 2, 1, 2, 1, 1, 1, 1, 1, 1, 1, 4, 686, 'Blanca Lucila', 'Lima Farinango', 'Mujer responsable, puntual, alegre, inteligente', '2391799', 'Puembo centro/ Vía a San Jose', '5c868a6d9f5a7.jpg', NULL, NULL, NULL, '1978-07-08', '10002536751', '0984636702', 3, 0, 0, 1, 0, 0, 'ninguno', '$397', 'Puembo', '', '1.58', '180 lbs', NULL, NULL, 'Básico', 'Excelente', 'No aplica', NULL, 1, 'Femenino de 17 años estudia en tercer año de bachillerato, femenino 19 años trabaja medio tiempo, masculino 3 años le cuida su abuela y hermanas', NULL, '5c868a6d9f97f.docx', 'ninguna', '0998827094', '2 años', 1, '2019-03-11'),
(285, 2, 5, 2, 5, 2, 1, 1, 1, 3, 1, 1, 1, 3, 688, 'Emerida del Rosario', 'Sulca Vega', 'Persona honesta, honorable, confiable y dedicada al trabajo. Capáz de realizar cualquier actividad encomendada con la mejor predisposición.', NULL, 'General Pintag S9-218 y Gatazo', '5c86de76e2247.jpg', '5c86de76e245c.jpg', NULL, NULL, '1970-11-28', '1710833540', '0984145157', 2, 0, 0, 1, 0, 0, NULL, '$394', 'La Magdalena', '', '1.60', '143.3 lb', NULL, NULL, 'Muy Bien', 'Excelente', 'Excelente', NULL, 1, 'Femenino: 29 años, casada.\r\nMasculino: 21 años, estudios universitarios.', NULL, '5c86dcabc313f.jpg', NULL, '0961226106', '12 años', 1, '2019-03-11'),
(286, 2, 9, 1, 3, 2, 1, 1, 1, 7, 1, 2, 1, 1, 693, 'Patricia Yolanda', 'Garcia Cueva', 'Persona proactiva, educada con valores. Aspiro trabajar en el área de estudios para lo que me estoy capacitando.', '023379091', 'Conjunto SUPIRROSA casa 32', '5c8be8f9a714c.jpeg', '5c8be8f9a7fd4.pdf', NULL, '5c8be8f9a81a6.pdf', '1969-06-17', '1710462068', '0961791061', 2, 1, 1, 1, 0, 0, 'Congreso internacional de educación inicial', 'De acuerdo a las horas trabajadas', 'Mitad del mundo. San Antonio de Pichincha', '', '163cm', '140', NULL, NULL, 'Muy Bien', 'Básico', 'Básico', NULL, 1, 'Hija de 21 años, vive sola\r\nHijo de 15 años, estudia en la tarde', NULL, '5c8be8f9a8380.jpg', NULL, NULL, '4', 1, '2019-03-13'),
(287, 2, 11, 5, 1, 2, 1, 1, 1, 3, 1, 2, 1, 3, 694, 'Maria Elizabeth', 'Andrade Acosta', 'Disciplinada, responsable , puntual, honesta , me gusta hacer mi trabajo y mantener siempre lo correcto', '023182124', 'Av. Profeta Zacarias y pasaje C ultima casa color naranja de dos pisos y portón negro', '5c8a991979381.jpg', NULL, NULL, NULL, '1975-09-05', '1713178786', '0958829531', 2, 1, 1, 1, 0, 0, NULL, '394', 'Santa Barbara Alta', '', '155', '200 libras', NULL, NULL, 'Muy Bien', 'Excelente', 'Excelente', NULL, 1, 'Masculino, 6 años \r\nMasculino, 2 años \r\nCuida de ellos mi hermana', NULL, NULL, NULL, '0984113248', '2 años', 1, '2019-03-14'),
(288, 2, 3, 2, 1, 1, 1, 1, 1, 3, 1, NULL, 1, 3, 696, 'Lucia Bolaños', 'Bolaños Morales', 'Aver me considero una persona tranquila, alegre, callada, también me gusta la música clásica, la de relajación, así también como la de QUEEN, me gusta colaborar, me gusta el orden, la puntualidad,a sobre todo me encantan las plantas es todo lo que puedo contar. A un libro se lo conoce por su contenido no por su pasta gracias', '2683097', 'Guajalo MZ AH Lote 57', NULL, NULL, NULL, NULL, '1967-03-22', '1709275638', '0987784492', 4, 0, 0, 1, 0, 0, NULL, 'las horas laboradas', 'Guajalo', '', '151', '150', NULL, NULL, 'No aplica', 'Excelente', 'Básico', NULL, 1, '1) Baron 33 - 2)Mujer 28 - 3) Baron 19 - 4)Mujer 16', NULL, NULL, NULL, '0967936300', NULL, 1, '2019-03-17');
INSERT INTO `curriculum` (`id`, `sexo_id`, `signo_zodiaco_id`, `estado_civil_id`, `horario_trabajo_id`, `vivienda_id`, `raza_id`, `ciudad_id`, `tipo_sangre_id`, `estudios_id`, `religion_id`, `tipo_trabajo_id`, `pais_id`, `sector_vivienda_id`, `user_id`, `nombre`, `apellido`, `biografia`, `telefono`, `direccion`, `imagen`, `servicio`, `carnet`, `certificado`, `fecha_nacimiento`, `cedula`, `celular`, `hijos`, `madre_soltera`, `ligadura`, `horas_libres`, `discapacidad`, `conducir`, `capacitacion`, `aspiracion_salarial`, `barrio`, `video`, `estatura`, `peso`, `tipo_discapacidad`, `porcentaje_discapacidad`, `nivel_cocina`, `nivel_limpieza`, `nivel_plancha`, `licencia_id`, `tiene_hijos`, `detalle_Hijos`, `licenciasimagenes`, `cedulasimagenes`, `otra_enfermedad`, `otrocelular`, `tiempoarriendo`, `estado`, `fecha_suscripcion`) VALUES
(289, 1, 8, 2, 1, 2, 1, 1, 7, 2, 1, 1, 1, 1, 701, 'carlos mesias', 'hernandez sanguña', 'por el internet', '2479816', 'barrio ponceano', NULL, NULL, NULL, NULL, '0031-04-23', '1711955730', '0983395480', -1, 0, 0, 0, 0, 0, 'limpieza en conquito', 'basico mas beneficios', 'ponceano', '', '1.60', '168', NULL, NULL, 'Básico', 'Básico', 'No aplica', NULL, 1, '10 años mujer', NULL, NULL, NULL, '0983395480', '2 años', 1, '2019-03-20'),
(290, 1, 1, 1, 1, 2, 1, 1, 3, NULL, 1, 1, 1, 3, 706, 'Diego Vinicio', 'Moreno Cordova', 'buen compañero me adapto fácilmente trabajo ah cualquier hora que me indiquen', '023694437', 'guamani alto calle francisco campos y leopoldo chavez', NULL, NULL, NULL, NULL, '1985-11-19', '1720960234', '0960977046', NULL, 0, 0, 1, 0, 0, 'curso básico de electricidad', '400', 'guamani', '', '1.58', '61.5', NULL, NULL, 'Básico', 'Muy Bien', 'Básico', NULL, 0, NULL, NULL, NULL, NULL, '0992549981', '2 años', 1, '2019-03-25'),
(291, 2, 9, 1, 5, 2, 1, 1, NULL, 2, 1, NULL, 1, 1, 707, 'MONICA PATRICIA', 'CORNEJO HARO', 'TRABAJADORA PUNTUAL ORDENADA', NULL, 'COMITE DEL PUEBLO CALLE AGUSTIN YEROVI N58-163 Y REPUBLICA DE GRANADA', NULL, NULL, NULL, NULL, '1979-06-11', '1715119705', '0958855058', 3, 0, 1, 1, 0, 0, 'COMPUTACION', '500', 'Comite del Pueblo', '', NULL, NULL, NULL, NULL, 'No aplica', 'No aplica', 'No aplica', NULL, 1, 'femenino 22años  indipendiente\r\nmasculino 16años  con su hermana y padre\r\nmasculino 13años con su hermana y padre', NULL, '5c9a6f5d5d073.pdf', NULL, '0989700450', '20 años', 1, '2019-03-26'),
(292, NULL, NULL, NULL, NULL, NULL, NULL, NULL, NULL, NULL, NULL, 2, 1, NULL, 714, NULL, NULL, '1974091820110617', NULL, 'calixtomuzoS6219 y clemente pulupa', NULL, NULL, NULL, NULL, NULL, '1713292637', NULL, NULL, 0, 0, 1, 0, 0, NULL, NULL, NULL, '', NULL, NULL, NULL, NULL, 'No aplica', 'No aplica', 'No aplica', NULL, 0, NULL, NULL, NULL, NULL, NULL, NULL, 1, '2019-03-28'),
(293, 2, 1, 2, 5, 3, 1, 1, 1, 2, 1, 1, 1, 2, 717, 'AMPRAODELPILAR', 'SIMBAÑA NASEVILLLA', 'ME CONSIDERO UNA PERSONA PROACCTIVA RESPONSABLE Y TRABAJADORA', '023151404', 'TOCTIUCO LA CHORRERA RAMIRES DE ORELLLA', '5c9e16d5c9b3e.jpg', NULL, NULL, NULL, '1991-12-25', '1721149530', NULL, -2, 1, 1, 1, 0, 0, 'TENGO UN CURSO DE CAPASITASION EN EL INSTITUTO SUDEN BANK', 'salari basico', 'EN SANJUAN', '', '1.50', '160', NULL, NULL, 'Básico', 'Muy Bien', 'Básico', NULL, 1, 'MI PRIMERA NENA TIENE 8 AÑOS Y EL SEGUNDO 2 AÑOS Y MIENTRAS TRABAJO LES CUIDA MI MAMA', NULL, NULL, NULL, NULL, NULL, 1, '2019-03-29'),
(294, 2, 13, 2, 5, 2, 1, 1, 3, 2, 2, 1, 1, 1, 718, 'Fernanda', 'González', 'Una persona responsable integra y con muy buenos valores me gusta trabajar y esforzarme al máximo x mi ideales', '000000', 'Carcelen', '5c9e62ba0bdea.jpg', '5c9e62ba0c049.jpg', NULL, NULL, '1990-03-03', '0929438703', '0978878055', NULL, 0, 0, 1, 0, 0, NULL, '100', 'Carcelen Bajo', '', '154 cm', '90 kilo', NULL, NULL, 'Muy Bien', 'Excelente', 'Muy Bien', NULL, 0, NULL, NULL, '5c9e62ba0cc18.jpg', NULL, '0987845551', '14 año', 1, '2019-03-29'),
(295, 2, 8, 2, 1, 2, 1, 1, 3, 3, 1, 1, 1, 1, 715, 'MIRYAN PAULINA', 'SUQUILLO SIMBAÑA', 'Una persona seria, cumplidora, responsable,honrada, humilde. trabajadora, alegre', '2829705', 'calixtomuzoS6219 y clemente pulupa', '5ca23c6ce4133.JPG', '5ca23c6ce6473.pdf', NULL, NULL, '1973-01-14', '1713292603', '0998159794', NULL, 0, 0, 1, 0, 0, 'Auxiliar de Enfermería', 'El básico', 'Llano Grande', '', '150', '149.914', NULL, NULL, 'Básico', 'Básico', 'Básico', NULL, 0, NULL, NULL, '5ca23c6ce78e3.docx', NULL, '0995819300', '2 años', 1, '2019-04-01'),
(296, 2, 12, 1, 1, 2, 1, 1, 3, 2, 1, 2, 3, 1, 721, 'anllelica maria', 'rodriguez graca', 'Honesta,respetuosa, respondable, amigable, me gusta hacer bien mi trabajo', NULL, 'calle museo solar y pucara', '5ca2607000441.jpg', NULL, NULL, NULL, '1996-07-18', '061520327', '0962688186', 1, 0, 0, 0, 0, 0, NULL, 'sueldo minimo', 'san antonio de pichincha, mitad del mundo', '', '1.62 cm', '70 kg', NULL, NULL, 'Básico', 'Excelente', 'Muy Bien', NULL, 1, 'niña, 10 meses, me la cuida una tia', NULL, '5ca260700093a.jpg', NULL, NULL, '1 año', 1, '2019-04-01'),
(297, 2, 13, 2, 5, 1, 1, 1, 1, 2, 1, 1, 1, 3, 722, 'Gladys Marina', 'Gomez Muñoz', 'Gladys Gomez', '023082691', 'Guajalo taura y macuchi S22-67', NULL, NULL, NULL, NULL, '1981-02-21', '1716858665', '0992675624', 3, 0, 1, 1, 0, 0, 'Cursos de belleza y buenas practicas de manyfactura', 'Basico mas horas extras', 'Mirador Bajo', '', '1,62', '126', NULL, NULL, 'Básico', 'Excelente', 'Básico', NULL, 1, 'Hombre16 años- Mujer14 años- Hombre 9años', NULL, NULL, 'Ninguna', '0992789670', NULL, 1, '2019-04-01'),
(298, 2, 8, 1, 3, 1, 1, 1, 1, 2, 5, 2, 1, 3, 725, 'SASKIA SHANTAL', 'Alquinga Tequiz', 'Quiero Trabajar con Ganas ,Soy Responsable, Carismática Y puntual', '0993006746', 'vilcabamba y catacocha(san bartolo alto)', '5ca3e16f51da1.jpg', NULL, '5ca3e316a276b.jpg', NULL, '1999-12-30', '1750576249', '0993006746', NULL, 0, 0, 1, 1, 0, 'Escuela peluqueria y cosmetologia majirel', '450$', 'Oriente quiteño', '', '1,51', '170', 'Auditiva', '44%', 'Básico', 'Básico', 'Básico', NULL, 0, NULL, NULL, '5ca3e316a2efd.jpg', NULL, '0993006746', NULL, 1, '2019-04-02'),
(299, 2, 2, 1, 1, 2, 4, 1, 1, 6, 1, 1, 3, 1, 727, 'Adriana Briceida', 'Salazar Moreno', 'Señora responsable de buen carácter, amable y honrada', NULL, 'Carcelen bajo, av Juan Vallauri 86 Edf Huggues apto 1', '5ca4c479da3be.jpg', NULL, NULL, NULL, '1978-09-30', '139388202', '0993122385', 1, 0, 0, 1, 0, 0, NULL, '225 o $996', 'Carcelen Bajo', '', NULL, NULL, NULL, NULL, 'Básico', 'Excelente', 'Muy Bien', NULL, 1, 'Masculino 18 años se cuida solo', NULL, NULL, NULL, NULL, '6 meses', 1, '2019-04-03'),
(300, 2, NULL, 2, 5, 2, 1, 1, 1, 3, 2, 1, 1, 3, 728, 'María Josefina', 'Remache Nono', 'Me caracterizo por ser una persona puntual, cortés, respetuosa, responsable en las obligaciones dentro del trabajo trato de cumplir todo lo planificado para cualquier eventualidad que se presente.\r\nSoy una persona que escucha las opiniones de su trabajo realizado para poder mejorar los errores que puedo cometer, lo tomo como motivación para superar  la labor mal ejercienda para poder llegar a la meta propuesta por cada una de las autoridades.', '02-3051212', 'Av. LuisDuque Oe11 S38b', '5ca4ed9bbe48f.gif', '5ca4ed9c116b8.gif', NULL, NULL, '1976-05-16', '1724709652', '0998541907', 2, 0, 1, 1, 0, 0, 'Capacitaciones dentro de mi trabajo laboral para el mejor funcionamiento y limpieza de productos e insumos que se utilizan para ejercer la labor de limpieza.', 'Los beneficion otorgados por la Ley. Básico, Acegurarce , etc.', 'Chillogallo, Ciudadela Ibarra', '', '152cm', NULL, NULL, NULL, 'No aplica', 'No aplica', 'No aplica', NULL, 1, 'Por lo general uno esta en 6to Curso Pronto a culminar su bachillerato (18) - El otro esta en un Instituto Tecnológico ( 21)', NULL, '5ca4ed9c22b3f.gif', NULL, '0984004393', '5 años', 1, '2019-04-03'),
(301, 2, 11, 2, 5, 1, 1, 1, 1, 1, 1, 1, 1, 1, 735, 'Amada Hiralda', 'Guarnizo Silvestre', 'me caracterizo por ser una persona  de buena actitud responsable,honesta,respetuosa,amable,puntual,entregada a su trabajo.', '3396898', 'Pisuli barrio La Paz Condado Alto', '5cad511f3703d.jpg', NULL, NULL, NULL, '1975-02-10', '1715681050', '0989236196', 2, 0, 0, 1, 0, 0, 'curso de belleza', 'el basico y  los beneficios de ley.', 'La Paz', '', '1.50', '120', NULL, NULL, 'Básico', 'Muy Bien', 'Muy Bien', NULL, 1, 'Sexo femenino, edad 21 años \r\nSexo femenino, edad 12 años \r\nNo necesitan de cuidado.', NULL, NULL, 'ninguna', '0989236196', NULL, 1, '2019-04-09'),
(302, 2, 6, 4, 1, 2, 1, 1, 2, 4, 1, 1, 1, 3, 738, 'Jiny', 'Vélez Farias', 'Soy una persona muy activa, proactiva me gusta tener un buen ambiente laborar tengo buen trato hacia las personas soy muy responsable honesta y trabajadora.', NULL, NULL, NULL, NULL, NULL, NULL, '1966-05-14', NULL, NULL, 3, 0, 1, 0, 0, 0, NULL, '390', NULL, '', NULL, NULL, NULL, NULL, 'Excelente', 'Excelente', 'Excelente', NULL, 1, 'Femenino 35-Femenino28-Masculino 24', NULL, NULL, NULL, NULL, '1año', 1, '2019-04-12'),
(303, 1, 9, 1, 1, 2, 1, 1, 5, 2, 2, 1, 3, 3, 740, 'ROMULO JOSE', 'AMAYA AGUILAR', 'TENGO EXPERIRNCIA EN SERVICIOS GENERALES, LIMPIEZA, TRABAJO BAJO PRESION, DEJO TODO COMPLETO', NULL, 'CALLE ALONSO GOMEZ S9-103 CON AV. ANA PAREDES', NULL, NULL, NULL, NULL, '1971-05-27', '112968690', '0962581698', 2, 0, 0, 1, 0, 0, 'SEGURIDAD Y VIGILANCIA', '400', 'CHIMBACALLE', '', '1.71', NULL, NULL, NULL, 'No aplica', 'Excelente', 'No aplica', NULL, 1, 'MASCULINOS 5 Y 9 AÑOS, LOS CUIDA SU ABUELA', NULL, NULL, NULL, '0968859575', '2 MESES', 1, '2019-04-13'),
(304, 2, 13, 3, 1, 2, 1, 1, 1, 2, 2, 1, 1, 3, 741, 'deis viviana', 'culchan almeida', 'honesta,responsable, amable , puntual a mi trabajo,sociable,trabajadora,', '0989582059', 'mercado las cuadras', '5cb4a04a28526.jpg', NULL, NULL, NULL, '1997-12-01', '1753366218', '0989582059', -1, 0, 0, 1, 0, 0, 'cajera bancaria y cajera comercial', '400', 'chillogallo', '', '152', '54 libras', NULL, NULL, 'Excelente', 'Excelente', 'Muy Bien', NULL, 1, 'mujer de 5 años', NULL, NULL, NULL, '0969081386', '2 años', 1, '2019-04-15'),
(305, 2, NULL, 1, 1, 2, 1, 1, 1, 1, 1, 1, 1, 3, 742, 'Margoth Alexandra', 'ESPINOSA FREIRE', 'soy gordita ,pequeña  de color trigueña pelo lacio , y largo me gusta hacer las cosas soy pasifica no me gusta pelear soy divertida me gusta pasar tiempo com mis hijos me gusta hacer bromas', '0983121239', 'maternidad i', NULL, NULL, NULL, NULL, '1984-01-18', '1718551805', '0983121239', 3, 1, 0, 1, 0, 0, NULL, '350', 'ciudadela ibarra', '', '1.50', NULL, NULL, NULL, 'Básico', 'Muy Bien', 'Muy Bien', NULL, 1, 'hombre edad 16\r\nmujer edad 14\r\nmujer edad 8 \r\nles cuida la abuelita', NULL, NULL, NULL, NULL, '5', 1, '2019-04-15');

-- --------------------------------------------------------

--
-- Table structure for table `curriculum_aptitudes`
--

CREATE TABLE IF NOT EXISTS `curriculum_aptitudes` (
  `curriculum_id` int(11) NOT NULL,
  `aptitudes_id` int(11) NOT NULL,
  PRIMARY KEY (`curriculum_id`,`aptitudes_id`),
  KEY `IDX_893D2D1D5AEA4428` (`curriculum_id`),
  KEY `IDX_893D2D1D8D156021` (`aptitudes_id`)
) ENGINE=InnoDB DEFAULT CHARSET=utf8 COLLATE=utf8_unicode_ci;

-- --------------------------------------------------------

--
-- Table structure for table `curriculum_enfermedades`
--

CREATE TABLE IF NOT EXISTS `curriculum_enfermedades` (
  `curriculum_id` int(11) NOT NULL,
  `enfermedades_id` int(11) NOT NULL,
  PRIMARY KEY (`curriculum_id`,`enfermedades_id`),
  KEY `IDX_A93EEB825AEA4428` (`curriculum_id`),
  KEY `IDX_A93EEB823035D395` (`enfermedades_id`)
) ENGINE=InnoDB DEFAULT CHARSET=utf8 COLLATE=utf8_unicode_ci;

--
-- Dumping data for table `curriculum_enfermedades`
--

INSERT INTO `curriculum_enfermedades` (`curriculum_id`, `enfermedades_id`) VALUES
(43, 8),
(48, 8),
(88, 8),
(172, 8),
(260, 8),
(288, 4),
(298, 8);

-- --------------------------------------------------------

--
-- Table structure for table `curriculum_idiomas`
--

CREATE TABLE IF NOT EXISTS `curriculum_idiomas` (
  `curriculum_id` int(11) NOT NULL,
  `idiomas_id` int(11) NOT NULL,
  PRIMARY KEY (`curriculum_id`,`idiomas_id`),
  KEY `IDX_C5466C605AEA4428` (`curriculum_id`),
  KEY `IDX_C5466C608D1F41D1` (`idiomas_id`)
) ENGINE=InnoDB DEFAULT CHARSET=utf8 COLLATE=utf8_unicode_ci;

--
-- Dumping data for table `curriculum_idiomas`
--

INSERT INTO `curriculum_idiomas` (`curriculum_id`, `idiomas_id`) VALUES
(8, 1),
(8, 3),
(12, 3),
(13, 3),
(14, 3),
(15, 3),
(16, 3),
(17, 3),
(18, 3),
(19, 3),
(20, 3),
(21, 3),
(22, 3),
(23, 3),
(24, 3),
(25, 3),
(26, 3),
(27, 3),
(28, 3),
(29, 3),
(30, 3),
(31, 3),
(33, 3),
(35, 3),
(36, 3),
(37, 3),
(38, 3),
(39, 3),
(40, 3),
(41, 1),
(41, 3),
(42, 3),
(43, 1),
(43, 3),
(46, 1),
(46, 3),
(47, 1),
(47, 3),
(48, 3),
(49, 3),
(50, 3),
(51, 3),
(52, 3),
(53, 3),
(54, 1),
(54, 3),
(55, 3),
(57, 3),
(58, 3),
(59, 3),
(60, 3),
(61, 3),
(63, 3),
(64, 3),
(65, 3),
(66, 3),
(67, 3),
(68, 3),
(69, 3),
(70, 3),
(71, 3),
(72, 3),
(74, 3),
(75, 3),
(77, 3),
(78, 3),
(79, 3),
(81, 3),
(82, 3),
(83, 3),
(85, 3),
(86, 3),
(87, 3),
(88, 3),
(89, 3),
(90, 3),
(91, 3),
(92, 3),
(93, 3),
(94, 3),
(96, 3),
(97, 3),
(99, 3),
(100, 3),
(101, 3),
(102, 3),
(103, 3),
(105, 3),
(106, 1),
(106, 3),
(107, 3),
(108, 3),
(109, 3),
(111, 3),
(112, 3),
(113, 3),
(114, 3),
(115, 3),
(116, 3),
(118, 3),
(119, 3),
(121, 3),
(122, 3),
(123, 3),
(124, 3),
(125, 3),
(127, 3),
(128, 3),
(129, 3),
(130, 3),
(131, 3),
(132, 3),
(133, 3),
(134, 3),
(135, 3),
(136, 3),
(137, 3),
(139, 3),
(140, 3),
(141, 3),
(142, 3),
(143, 3),
(144, 3),
(145, 3),
(146, 3),
(147, 3),
(149, 3),
(151, 3),
(152, 3),
(153, 3),
(154, 3),
(155, 3),
(156, 3),
(157, 3),
(158, 3),
(159, 3),
(160, 3),
(161, 3),
(162, 3),
(163, 3),
(164, 3),
(165, 3),
(166, 3),
(168, 3),
(169, 1),
(172, 3),
(173, 3),
(174, 3),
(175, 3),
(176, 3),
(177, 3),
(178, 3),
(180, 1),
(180, 3),
(181, 3),
(182, 1),
(183, 3),
(184, 3),
(185, 3),
(186, 3),
(187, 1),
(189, 3),
(190, 3),
(191, 3),
(193, 3),
(194, 2),
(194, 3),
(195, 1),
(195, 3),
(196, 3),
(198, 3),
(201, 1),
(201, 3),
(202, 3),
(203, 3),
(204, 3),
(205, 3),
(206, 3),
(207, 3),
(208, 3),
(209, 3),
(210, 3),
(211, 3),
(212, 3),
(213, 3),
(214, 3),
(215, 3),
(216, 3),
(217, 3),
(218, 3),
(219, 3),
(220, 3),
(221, 2),
(221, 3),
(223, 3),
(224, 3),
(225, 3),
(226, 3),
(227, 3),
(228, 3),
(229, 3),
(230, 3),
(231, 3),
(232, 3),
(233, 3),
(234, 3),
(235, 3),
(236, 3),
(237, 3),
(238, 3),
(239, 1),
(239, 2),
(239, 3),
(240, 3),
(241, 3),
(242, 3),
(243, 1),
(243, 3),
(244, 3),
(245, 3),
(246, 3),
(249, 3),
(250, 3),
(251, 3),
(252, 3),
(253, 3),
(254, 3),
(255, 1),
(255, 3),
(256, 3),
(258, 3),
(259, 3),
(260, 3),
(261, 3),
(262, 3),
(263, 3),
(264, 3),
(265, 3),
(266, 3),
(267, 3),
(268, 3),
(269, 3),
(270, 3),
(271, 3),
(272, 3),
(273, 3),
(274, 3),
(275, 3),
(279, 3),
(280, 1),
(281, 3),
(282, 3),
(283, 3),
(284, 3),
(285, 3),
(286, 3),
(287, 3),
(289, 3),
(290, 3),
(291, 3),
(293, 3),
(294, 1),
(295, 3),
(296, 3),
(297, 3),
(298, 3),
(299, 3),
(300, 3),
(301, 3),
(302, 3),
(303, 3),
(304, 3),
(305, 3);

-- --------------------------------------------------------

--
-- Table structure for table `curriculum_intereses`
--

CREATE TABLE IF NOT EXISTS `curriculum_intereses` (
  `curriculum_id` int(11) NOT NULL,
  `intereses_id` int(11) NOT NULL,
  PRIMARY KEY (`curriculum_id`,`intereses_id`),
  KEY `IDX_EA267BAD5AEA4428` (`curriculum_id`),
  KEY `IDX_EA267BAD2ECFAD6C` (`intereses_id`)
) ENGINE=InnoDB DEFAULT CHARSET=utf8 COLLATE=utf8_unicode_ci;

--
-- Dumping data for table `curriculum_intereses`
--

INSERT INTO `curriculum_intereses` (`curriculum_id`, `intereses_id`) VALUES
(8, 4),
(12, 3),
(12, 4),
(12, 5),
(13, 2),
(13, 3),
(13, 4),
(13, 5),
(14, 2),
(14, 5),
(15, 3),
(15, 4),
(15, 5),
(16, 3),
(16, 4),
(16, 5),
(17, 5),
(18, 2),
(18, 3),
(18, 4),
(18, 5),
(19, 3),
(19, 5),
(20, 2),
(21, 3),
(22, 3),
(22, 4),
(22, 5),
(23, 3),
(23, 5),
(25, 3),
(25, 4),
(25, 5),
(26, 5),
(27, 2),
(27, 3),
(27, 4),
(27, 5),
(28, 3),
(28, 5),
(29, 3),
(29, 4),
(29, 5),
(31, 2),
(31, 5),
(32, 3),
(32, 4),
(32, 5),
(33, 3),
(33, 5),
(35, 4),
(35, 5),
(36, 5),
(36, 6),
(37, 5),
(38, 3),
(38, 4),
(38, 5),
(40, 3),
(40, 4),
(40, 5),
(40, 6),
(41, 2),
(41, 4),
(41, 6),
(42, 6),
(43, 4),
(43, 5),
(46, 2),
(46, 3),
(46, 4),
(46, 5),
(47, 2),
(47, 5),
(47, 6),
(48, 3),
(49, 5),
(50, 3),
(50, 4),
(50, 5),
(51, 4),
(51, 5),
(52, 3),
(52, 5),
(53, 5),
(54, 2),
(54, 3),
(54, 4),
(54, 5),
(55, 2),
(55, 3),
(55, 4),
(55, 5),
(55, 6),
(57, 3),
(57, 4),
(57, 5),
(58, 2),
(58, 3),
(58, 4),
(58, 5),
(59, 2),
(59, 5),
(59, 6),
(60, 2),
(60, 3),
(60, 4),
(60, 5),
(60, 6),
(61, 3),
(62, 2),
(62, 3),
(62, 4),
(62, 5),
(62, 6),
(63, 5),
(64, 3),
(64, 4),
(64, 5),
(65, 3),
(65, 4),
(65, 5),
(66, 5),
(67, 3),
(67, 4),
(67, 5),
(68, 5),
(69, 3),
(69, 4),
(69, 5),
(70, 3),
(70, 5),
(71, 5),
(72, 5),
(74, 5),
(75, 3),
(75, 5),
(77, 5),
(78, 5),
(79, 5),
(80, 3),
(80, 4),
(80, 5),
(81, 5),
(82, 2),
(82, 3),
(82, 5),
(83, 3),
(83, 5),
(84, 5),
(85, 3),
(85, 4),
(85, 5),
(86, 3),
(87, 4),
(87, 5),
(88, 3),
(88, 5),
(89, 4),
(90, 3),
(90, 4),
(90, 5),
(91, 5),
(92, 5),
(93, 2),
(93, 3),
(93, 4),
(93, 5),
(93, 6),
(94, 3),
(95, 2),
(95, 3),
(95, 4),
(95, 5),
(96, 3),
(96, 4),
(96, 5),
(97, 3),
(97, 4),
(97, 5),
(99, 3),
(99, 4),
(99, 5),
(100, 3),
(100, 4),
(100, 5),
(101, 2),
(101, 5),
(102, 3),
(103, 5),
(105, 3),
(106, 2),
(106, 3),
(106, 4),
(106, 5),
(107, 3),
(107, 4),
(107, 5),
(108, 5),
(109, 3),
(109, 5),
(110, 4),
(110, 5),
(111, 3),
(111, 5),
(112, 2),
(112, 3),
(112, 4),
(112, 5),
(113, 5),
(115, 5),
(116, 2),
(116, 3),
(116, 4),
(116, 5),
(118, 3),
(118, 4),
(118, 5),
(119, 3),
(119, 4),
(119, 5),
(121, 4),
(121, 5),
(121, 6),
(123, 3),
(123, 5),
(124, 2),
(124, 3),
(124, 5),
(125, 5),
(127, 3),
(127, 5),
(127, 6),
(128, 2),
(128, 3),
(128, 4),
(128, 5),
(129, 3),
(129, 5),
(130, 3),
(131, 2),
(131, 3),
(131, 4),
(131, 5),
(132, 3),
(132, 4),
(133, 2),
(133, 3),
(134, 2),
(134, 3),
(134, 4),
(134, 5),
(135, 3),
(136, 3),
(136, 4),
(136, 5),
(136, 6),
(137, 3),
(137, 4),
(137, 5),
(138, 3),
(138, 4),
(138, 5),
(139, 3),
(139, 5),
(140, 3),
(140, 4),
(140, 5),
(141, 3),
(141, 4),
(141, 5),
(142, 3),
(142, 4),
(142, 5),
(143, 3),
(144, 3),
(144, 4),
(144, 5),
(145, 3),
(145, 4),
(145, 5),
(146, 3),
(146, 4),
(146, 5),
(147, 3),
(147, 5),
(148, 3),
(148, 4),
(149, 3),
(149, 4),
(149, 5),
(149, 6),
(150, 2),
(150, 3),
(150, 5),
(151, 5),
(151, 6),
(152, 3),
(152, 5),
(153, 2),
(153, 3),
(153, 4),
(153, 5),
(154, 5),
(155, 3),
(155, 4),
(155, 5),
(155, 6),
(156, 5),
(157, 2),
(157, 3),
(157, 4),
(157, 5),
(158, 3),
(158, 4),
(158, 5),
(159, 5),
(160, 5),
(161, 5),
(162, 5),
(163, 3),
(163, 4),
(163, 5),
(164, 5),
(165, 2),
(165, 3),
(165, 4),
(165, 5),
(166, 5),
(167, 4),
(167, 5),
(168, 4),
(168, 5),
(169, 4),
(172, 2),
(172, 3),
(172, 4),
(172, 5),
(172, 6),
(173, 5),
(173, 6),
(174, 3),
(174, 4),
(174, 5),
(174, 6),
(176, 2),
(176, 3),
(176, 4),
(176, 5),
(177, 4),
(178, 3),
(178, 4),
(178, 5),
(179, 3),
(180, 4),
(180, 5),
(181, 4),
(182, 4),
(183, 3),
(183, 4),
(184, 3),
(185, 3),
(185, 4),
(185, 5),
(185, 6),
(186, 4),
(186, 5),
(186, 6),
(187, 4),
(187, 5),
(187, 6),
(190, 3),
(190, 4),
(190, 5),
(190, 6),
(191, 4),
(192, 5),
(193, 6),
(194, 3),
(194, 4),
(194, 5),
(195, 4),
(196, 4),
(196, 5),
(198, 3),
(198, 4),
(198, 5),
(198, 6),
(199, 2),
(199, 3),
(199, 4),
(199, 5),
(201, 3),
(201, 4),
(201, 5),
(202, 2),
(202, 3),
(202, 4),
(203, 3),
(203, 5),
(204, 5),
(205, 3),
(205, 4),
(205, 5),
(206, 3),
(206, 5),
(207, 5),
(207, 6),
(208, 4),
(209, 5),
(210, 3),
(210, 4),
(211, 5),
(212, 3),
(212, 4),
(212, 5),
(213, 3),
(213, 4),
(213, 5),
(214, 5),
(215, 3),
(215, 4),
(215, 5),
(216, 3),
(216, 4),
(216, 5),
(217, 2),
(217, 3),
(217, 5),
(218, 3),
(218, 4),
(218, 5),
(219, 2),
(219, 3),
(219, 4),
(219, 5),
(220, 3),
(220, 5),
(221, 2),
(221, 3),
(221, 5),
(222, 3),
(223, 2),
(223, 3),
(223, 4),
(223, 5),
(223, 6),
(224, 4),
(224, 5),
(225, 5),
(226, 2),
(226, 3),
(226, 4),
(226, 5),
(227, 3),
(227, 4),
(227, 5),
(228, 5),
(229, 5),
(230, 4),
(230, 5),
(230, 6),
(231, 2),
(231, 3),
(231, 4),
(231, 5),
(232, 2),
(232, 3),
(232, 4),
(232, 5),
(233, 2),
(233, 3),
(233, 4),
(233, 5),
(234, 4),
(234, 5),
(235, 3),
(235, 4),
(235, 5),
(236, 3),
(236, 4),
(236, 5),
(237, 2),
(237, 3),
(237, 5),
(238, 3),
(239, 5),
(240, 2),
(240, 3),
(240, 5),
(241, 3),
(241, 5),
(242, 5),
(243, 5),
(243, 6),
(244, 4),
(244, 5),
(244, 6),
(245, 3),
(245, 5),
(246, 2),
(246, 3),
(246, 4),
(246, 5),
(247, 3),
(247, 4),
(247, 5),
(248, 3),
(249, 3),
(249, 5),
(250, 5),
(251, 3),
(251, 4),
(251, 5),
(252, 3),
(252, 4),
(252, 5),
(253, 3),
(253, 4),
(253, 5),
(254, 2),
(254, 3),
(254, 4),
(254, 5),
(255, 3),
(255, 4),
(255, 5),
(256, 5),
(257, 3),
(257, 5),
(258, 4),
(258, 5),
(259, 2),
(259, 3),
(259, 5),
(260, 6),
(261, 2),
(261, 4),
(261, 5),
(261, 6),
(263, 3),
(263, 4),
(263, 5),
(265, 5),
(266, 2),
(266, 3),
(266, 4),
(266, 5),
(267, 4),
(267, 5),
(268, 3),
(268, 4),
(268, 5),
(268, 6),
(270, 3),
(270, 4),
(270, 5),
(271, 2),
(271, 3),
(271, 4),
(271, 5),
(271, 6),
(272, 5),
(273, 2),
(273, 3),
(273, 4),
(273, 5),
(274, 4),
(274, 5),
(275, 3),
(275, 4),
(275, 5),
(275, 6),
(276, 3),
(276, 5),
(278, 5),
(279, 5),
(280, 4),
(280, 5),
(281, 3),
(281, 5),
(282, 3),
(282, 4),
(282, 5),
(283, 3),
(283, 4),
(283, 5),
(284, 5),
(285, 2),
(285, 3),
(285, 4),
(285, 5),
(286, 4),
(286, 5),
(287, 2),
(287, 3),
(287, 5),
(288, 5),
(289, 5),
(290, 5),
(290, 6),
(291, 3),
(291, 4),
(291, 5),
(291, 6),
(293, 5),
(294, 2),
(294, 3),
(294, 4),
(294, 5),
(294, 6),
(295, 5),
(296, 4),
(296, 5),
(297, 4),
(297, 5),
(298, 5),
(299, 3),
(299, 4),
(301, 2),
(301, 3),
(301, 4),
(301, 5),
(302, 2),
(302, 3),
(302, 5),
(303, 5),
(304, 2),
(304, 3),
(304, 5),
(305, 3),
(305, 4);

-- --------------------------------------------------------

--
-- Table structure for table `curriculum_responsabilidades`
--

CREATE TABLE IF NOT EXISTS `curriculum_responsabilidades` (
  `curriculum_id` int(11) NOT NULL,
  `responsabilidades_id` int(11) NOT NULL,
  PRIMARY KEY (`curriculum_id`,`responsabilidades_id`),
  KEY `IDX_6554A1735AEA4428` (`curriculum_id`),
  KEY `IDX_6554A173CABEC292` (`responsabilidades_id`)
) ENGINE=InnoDB DEFAULT CHARSET=utf8 COLLATE=utf8_unicode_ci;

--
-- Dumping data for table `curriculum_responsabilidades`
--

INSERT INTO `curriculum_responsabilidades` (`curriculum_id`, `responsabilidades_id`) VALUES
(8, 2),
(8, 3),
(12, 1),
(12, 2),
(12, 3),
(13, 1),
(13, 2),
(13, 3),
(15, 4),
(16, 1),
(16, 2),
(16, 3),
(16, 4),
(18, 2),
(18, 3),
(19, 3),
(20, 1),
(20, 2),
(20, 3),
(21, 2),
(22, 1),
(22, 2),
(22, 3),
(22, 4),
(24, 2),
(24, 3),
(24, 4),
(25, 2),
(25, 3),
(26, 3),
(27, 1),
(27, 2),
(27, 3),
(27, 4),
(28, 2),
(29, 1),
(29, 2),
(29, 3),
(29, 4),
(31, 1),
(31, 2),
(31, 3),
(31, 4),
(32, 1),
(32, 3),
(32, 4),
(33, 1),
(33, 3),
(33, 4),
(35, 3),
(36, 1),
(37, 2),
(37, 3),
(38, 1),
(38, 2),
(38, 3),
(38, 4),
(39, 2),
(39, 3),
(39, 4),
(40, 1),
(40, 2),
(41, 1),
(43, 3),
(46, 1),
(46, 2),
(46, 3),
(46, 4),
(47, 1),
(47, 2),
(47, 3),
(47, 4),
(48, 3),
(50, 2),
(50, 3),
(52, 3),
(54, 1),
(54, 2),
(54, 3),
(54, 4),
(55, 2),
(55, 3),
(55, 4),
(57, 2),
(58, 4),
(60, 1),
(60, 2),
(60, 3),
(60, 4),
(61, 4),
(62, 2),
(62, 3),
(63, 3),
(63, 4),
(64, 1),
(64, 2),
(64, 3),
(65, 1),
(65, 2),
(65, 3),
(66, 3),
(67, 1),
(67, 2),
(67, 3),
(69, 1),
(69, 2),
(69, 3),
(69, 4),
(70, 1),
(71, 3),
(75, 1),
(75, 2),
(76, 1),
(77, 1),
(77, 2),
(77, 4),
(80, 1),
(80, 3),
(80, 4),
(81, 1),
(81, 2),
(81, 3),
(81, 4),
(82, 1),
(82, 2),
(82, 3),
(83, 4),
(84, 1),
(84, 3),
(84, 4),
(85, 1),
(85, 2),
(85, 3),
(85, 4),
(86, 3),
(87, 2),
(87, 3),
(87, 4),
(88, 3),
(88, 4),
(89, 2),
(90, 2),
(90, 3),
(90, 4),
(91, 1),
(91, 2),
(91, 3),
(93, 1),
(93, 3),
(93, 4),
(96, 1),
(96, 2),
(96, 3),
(96, 4),
(99, 1),
(100, 1),
(100, 2),
(100, 3),
(100, 4),
(101, 1),
(101, 2),
(101, 3),
(101, 4),
(103, 1),
(103, 2),
(103, 3),
(103, 4),
(106, 1),
(106, 3),
(106, 4),
(107, 1),
(107, 2),
(107, 3),
(108, 3),
(109, 1),
(109, 2),
(109, 3),
(109, 4),
(110, 1),
(110, 2),
(110, 3),
(110, 4),
(111, 1),
(111, 2),
(111, 3),
(111, 4),
(112, 1),
(112, 2),
(112, 3),
(112, 4),
(113, 4),
(114, 1),
(114, 2),
(114, 3),
(116, 2),
(116, 3),
(118, 1),
(118, 2),
(118, 3),
(119, 1),
(119, 3),
(121, 2),
(121, 3),
(122, 3),
(123, 3),
(124, 1),
(124, 2),
(124, 3),
(127, 1),
(127, 3),
(128, 2),
(128, 3),
(129, 1),
(129, 3),
(129, 4),
(130, 4),
(131, 2),
(131, 3),
(131, 4),
(132, 1),
(132, 2),
(132, 3),
(132, 4),
(133, 3),
(134, 1),
(134, 2),
(134, 3),
(135, 4),
(136, 1),
(136, 2),
(136, 3),
(137, 1),
(137, 2),
(137, 3),
(137, 4),
(138, 1),
(138, 2),
(138, 3),
(139, 1),
(140, 1),
(140, 2),
(140, 3),
(140, 4),
(141, 2),
(141, 3),
(142, 2),
(142, 3),
(143, 3),
(144, 2),
(144, 3),
(144, 4),
(145, 2),
(145, 3),
(146, 1),
(146, 2),
(146, 3),
(147, 3),
(148, 1),
(148, 2),
(148, 3),
(149, 2),
(149, 3),
(150, 1),
(150, 2),
(150, 3),
(153, 1),
(153, 2),
(153, 3),
(153, 4),
(154, 1),
(154, 2),
(154, 3),
(154, 4),
(155, 2),
(155, 3),
(155, 4),
(156, 1),
(156, 2),
(156, 3),
(157, 1),
(157, 2),
(157, 3),
(158, 1),
(158, 2),
(158, 3),
(159, 1),
(160, 1),
(162, 1),
(162, 4),
(164, 4),
(165, 2),
(165, 3),
(165, 4),
(166, 1),
(168, 1),
(168, 2),
(168, 3),
(169, 1),
(169, 2),
(169, 3),
(169, 4),
(172, 4),
(173, 1),
(174, 1),
(174, 2),
(174, 3),
(175, 1),
(175, 3),
(176, 1),
(176, 3),
(177, 3),
(178, 1),
(178, 2),
(178, 3),
(178, 4),
(179, 4),
(180, 1),
(180, 3),
(181, 3),
(182, 3),
(183, 3),
(184, 3),
(184, 4),
(186, 1),
(186, 2),
(186, 3),
(186, 4),
(189, 1),
(189, 2),
(189, 3),
(190, 1),
(190, 3),
(190, 4),
(191, 1),
(191, 2),
(191, 3),
(191, 4),
(192, 2),
(193, 4),
(194, 2),
(194, 3),
(195, 2),
(196, 1),
(196, 2),
(196, 3),
(198, 1),
(198, 2),
(198, 3),
(198, 4),
(199, 2),
(199, 3),
(199, 4),
(201, 3),
(202, 1),
(202, 2),
(202, 3),
(203, 1),
(203, 3),
(205, 1),
(205, 2),
(205, 3),
(206, 1),
(206, 2),
(206, 3),
(206, 4),
(207, 1),
(208, 2),
(210, 1),
(210, 2),
(210, 3),
(210, 4),
(211, 4),
(212, 3),
(213, 2),
(213, 3),
(214, 1),
(214, 2),
(214, 3),
(215, 1),
(215, 2),
(215, 3),
(215, 4),
(217, 1),
(218, 1),
(218, 3),
(218, 4),
(219, 1),
(219, 2),
(219, 3),
(219, 4),
(220, 2),
(220, 3),
(221, 2),
(221, 3),
(221, 4),
(222, 4),
(223, 1),
(223, 2),
(223, 3),
(223, 4),
(224, 2),
(224, 4),
(226, 1),
(226, 2),
(226, 3),
(226, 4),
(227, 3),
(227, 4),
(228, 1),
(228, 2),
(228, 3),
(228, 4),
(229, 3),
(230, 1),
(230, 2),
(230, 3),
(230, 4),
(231, 2),
(231, 3),
(233, 1),
(233, 2),
(233, 3),
(233, 4),
(234, 1),
(234, 2),
(234, 3),
(236, 1),
(236, 2),
(236, 3),
(236, 4),
(238, 2),
(241, 1),
(241, 2),
(241, 3),
(241, 4),
(242, 3),
(242, 4),
(243, 3),
(244, 1),
(244, 2),
(244, 3),
(249, 1),
(249, 2),
(249, 3),
(249, 4),
(250, 2),
(250, 3),
(251, 2),
(251, 3),
(251, 4),
(252, 1),
(252, 2),
(252, 3),
(253, 2),
(253, 3),
(253, 4),
(254, 1),
(254, 2),
(254, 3),
(254, 4),
(255, 2),
(255, 3),
(257, 2),
(257, 3),
(257, 4),
(258, 1),
(258, 2),
(258, 3),
(260, 1),
(261, 1),
(261, 2),
(261, 3),
(261, 4),
(264, 2),
(264, 3),
(266, 1),
(266, 2),
(266, 3),
(266, 4),
(267, 2),
(267, 3),
(268, 2),
(268, 3),
(269, 3),
(270, 1),
(270, 2),
(270, 3),
(271, 1),
(271, 2),
(271, 3),
(271, 4),
(273, 1),
(273, 2),
(273, 3),
(273, 4),
(274, 2),
(276, 3),
(277, 1),
(277, 2),
(277, 3),
(277, 4),
(278, 3),
(280, 2),
(281, 1),
(281, 3),
(282, 1),
(282, 3),
(283, 2),
(283, 3),
(283, 4),
(284, 3),
(285, 1),
(285, 2),
(285, 3),
(285, 4),
(286, 1),
(286, 2),
(286, 3),
(287, 1),
(287, 3),
(289, 1),
(290, 1),
(293, 1),
(293, 2),
(293, 3),
(294, 1),
(294, 2),
(294, 3),
(295, 3),
(296, 1),
(296, 3),
(296, 4),
(297, 1),
(297, 2),
(297, 3),
(298, 1),
(298, 4),
(299, 2),
(299, 3),
(299, 4),
(301, 1),
(301, 2),
(301, 3),
(304, 2),
(304, 3),
(305, 3),
(305, 4);

-- --------------------------------------------------------

--
-- Table structure for table `enfermedades`
--

CREATE TABLE IF NOT EXISTS `enfermedades` (
  `id` int(11) NOT NULL AUTO_INCREMENT,
  `nombre` varchar(255) COLLATE utf8_unicode_ci DEFAULT NULL,
  PRIMARY KEY (`id`)
) ENGINE=InnoDB  DEFAULT CHARSET=utf8 COLLATE=utf8_unicode_ci AUTO_INCREMENT=9 ;

--
-- Dumping data for table `enfermedades`
--

INSERT INTO `enfermedades` (`id`, `nombre`) VALUES
(3, 'Epilepsia'),
(4, 'Diabetes'),
(5, 'Cáncer'),
(6, 'Asma'),
(7, 'Enfermedades contagiosas'),
(8, 'Alérgic@ a algo');

-- --------------------------------------------------------

--
-- Table structure for table `estado_civil`
--

CREATE TABLE IF NOT EXISTS `estado_civil` (
  `id` int(11) NOT NULL AUTO_INCREMENT,
  `nombre` varchar(100) COLLATE utf8_unicode_ci DEFAULT NULL,
  PRIMARY KEY (`id`)
) ENGINE=InnoDB  DEFAULT CHARSET=utf8 COLLATE=utf8_unicode_ci AUTO_INCREMENT=6 ;

--
-- Dumping data for table `estado_civil`
--

INSERT INTO `estado_civil` (`id`, `nombre`) VALUES
(1, 'Soltero/a'),
(2, 'Casado/a'),
(3, 'Unión libre'),
(4, 'Divorciado/a'),
(5, 'Viudo/a');

-- --------------------------------------------------------

--
-- Table structure for table `estudios`
--

CREATE TABLE IF NOT EXISTS `estudios` (
  `id` int(11) NOT NULL AUTO_INCREMENT,
  `nombre` varchar(255) COLLATE utf8_unicode_ci NOT NULL,
  PRIMARY KEY (`id`)
) ENGINE=InnoDB  DEFAULT CHARSET=utf8 COLLATE=utf8_unicode_ci AUTO_INCREMENT=8 ;

--
-- Dumping data for table `estudios`
--

INSERT INTO `estudios` (`id`, `nombre`) VALUES
(1, 'Primaria terminada'),
(2, 'Bachiller'),
(3, 'Secundaría incompleta'),
(4, 'Primaria incompleta'),
(5, 'Secundaría en curso'),
(6, 'Superior'),
(7, 'Superior en curso');

-- --------------------------------------------------------

--
-- Table structure for table `experiencia`
--

CREATE TABLE IF NOT EXISTS `experiencia` (
  `id` int(11) NOT NULL AUTO_INCREMENT,
  `user_id` int(11) DEFAULT NULL,
  `cargo` varchar(255) COLLATE utf8_unicode_ci DEFAULT NULL,
  `empresa` varchar(255) COLLATE utf8_unicode_ci DEFAULT NULL,
  `fechaInicio` date DEFAULT NULL,
  `fechaFin` date DEFAULT NULL,
  `motivo_salida` varchar(255) COLLATE utf8_unicode_ci DEFAULT NULL,
  `imagen` varchar(300) COLLATE utf8_unicode_ci DEFAULT NULL,
  `telefono` varchar(20) COLLATE utf8_unicode_ci DEFAULT NULL,
  PRIMARY KEY (`id`),
  KEY `IDX_DD0E3034A76ED395` (`user_id`)
) ENGINE=InnoDB  DEFAULT CHARSET=utf8 COLLATE=utf8_unicode_ci AUTO_INCREMENT=508 ;

--
-- Dumping data for table `experiencia`
--

INSERT INTO `experiencia` (`id`, `user_id`, `cargo`, `empresa`, `fechaInicio`, `fechaFin`, `motivo_salida`, `imagen`, `telefono`) VALUES
(1, 17, 'Jefe de Marketing', 'Universidad Israel', '2011-04-01', '2017-01-01', 'Renuncia Voluntaria', NULL, NULL),
(2, 17, 'Niñera', NULL, '2018-01-01', '2018-01-01', NULL, NULL, NULL),
(3, 27, 'Empleada domestica', 'Prohogar', '2016-09-01', '2018-09-01', 'Renuncia', NULL, NULL),
(4, 30, 'Auxiliar de servicios generales', 'Prohogar', '2016-03-01', '2018-01-01', NULL, NULL, NULL),
(5, 31, 'profesor', 'cec', '2011-01-01', '2011-04-01', 'otro trabajo', NULL, NULL),
(6, 31, 'nuevo cargo', 'otro', '2012-05-01', '2014-07-01', NULL, NULL, NULL),
(7, 33, 'LIMPIEZA', 'PROHOGAR', '2016-03-01', '2018-01-01', 'ACTUALIDAD', NULL, NULL),
(8, 33, 'COSTURERA', 'FAMILIA TOAPANTA', '2016-01-01', '2016-01-01', 'ME HIZO ENOJAR LA JEFA', NULL, NULL),
(9, 36, 'niñera', 'casa', '2017-10-01', '2018-05-01', 'la señora dejo de trabajar para quedarse cn el hijito', NULL, NULL),
(10, 48, 'Auxiliar de limpieza', 'Bio limpiezq', '2016-10-01', '2018-02-01', NULL, NULL, NULL),
(12, 50, 'LIDER DE EQUIPO DE LIMPIEZA', 'SOCIEDAD BIBLICA INTERNACIONAL', '2009-05-01', '2015-08-01', 'RECORTE DE PERSONAL', NULL, NULL),
(13, 50, 'MANEJO DE ALIMENTOS', 'UNIDAD EDUCATIVA PARTICULAR MI PEQUEÑO JESUS', '2015-09-01', '2017-07-01', 'MOTIVOS DE SALUD ( DECAÍDA)', NULL, NULL),
(14, 53, 'polifuncional', 'coral hipermarket', '2017-10-01', '2018-05-01', 'recorte de personal', NULL, NULL),
(15, 58, 'IMPULSADORA', 'PROMOGAZA', '2016-02-01', '2017-01-01', 'Operación y recuperación de mi hija', NULL, NULL),
(16, 58, 'IMPULSADORA', 'PROMOGAZA', '2016-02-01', '2017-01-01', 'Operación y recuperación de mi hija', NULL, NULL),
(17, 59, 'empleada domestica', 'busco trabajo tiempo completo al norte de quito', '2018-01-01', '2018-01-01', 'tengo todos los documentos en reagla 0989134774', NULL, NULL),
(18, 66, 'Auxiliar de ventas y mantenimiento; Limpieza del Local; Ayudante y ubicación de productos', 'Agropecuaria   Andrade', '2017-05-01', '2017-12-01', 'Cambio de Domicilio', NULL, NULL),
(19, 66, 'Auxiliar de Geriatría; Limpieza de sus habitaciones; Atención a la tercera edad.', 'Residencia de la tercera edad', '2014-01-01', '2016-12-01', 'Cambio de Domicilio', NULL, NULL),
(20, 66, 'Camarera; Manipulación y Elaboración de Alimentos; Limpieza del Local.', 'Bar Escolar', '2017-01-01', '2017-05-01', 'Cambio de administración', NULL, NULL),
(21, 70, 'Limpieza y recepción Edificio', 'Arq. Marcelo Salazar', '2005-11-01', '2012-10-01', 'Motivos personales', NULL, NULL),
(22, 72, 'LAVAR PLANCHAR LA ROPA COCINAR Y LIMPIEZA', 'PAULINA  SANCHEZ', '2016-08-01', '2018-02-01', 'SE ACABO EL TRABAJO', NULL, NULL),
(26, 72, 'DEPENDIENTE DE FARMACIA', 'DIFARE SA', '2012-04-01', '2015-05-01', 'POR ENFERMEDAD DE MI ABUELIA', NULL, NULL),
(27, 72, 'VENDEDORA DE ZAPATOS', 'CREACIONES MARCELO', '2004-01-01', '2007-01-01', 'EMBARAZO', NULL, NULL),
(28, 75, 'Empaque', 'H&H "Bodega del TIA"', '2017-12-01', '2018-01-01', 'Termino de Produccion', NULL, NULL),
(29, 78, 'Ejecutiva de Ventas .', 'Renacer Farma', '2017-08-01', '2017-10-01', NULL, NULL, NULL),
(30, 80, 'Auxiliar de limpieza y mantenimiento', 'Auxilemp (Banco general rumilahui)', '2007-03-01', '2010-09-01', 'Se dio de baja la empresa por que  era tercerizadora', NULL, NULL),
(31, 80, 'Auxiliar de emfermeria', 'Privada a domicilio', '2012-04-01', '2014-07-01', 'Cambio de domicilio', NULL, NULL),
(32, 80, 'Auxiliar de emfermeria', 'Privada a domicilio (cuidado al adulto mayor)', '2014-03-01', '2016-05-01', 'Renuncie  por motivos de salud (cirugia)', NULL, NULL),
(33, 89, 'empleada domestica', 'Leonor jimenez', '2003-02-01', '2013-12-01', 'cambio de casa', NULL, NULL),
(34, 89, 'empleada domestica', 'Cristina Romo', '2016-03-01', '2015-08-01', 'calamidad domestica', NULL, NULL),
(35, 89, 'empleada domestica', 'Sandra  Estrella', '2016-11-01', '2018-05-01', 'no tenian suficiente recursos', NULL, NULL),
(36, 91, 'ATENCION AL CLIENTE VENTAS', 'DISTRIBUIDORA M&Y', '2012-04-01', '2016-03-01', 'CIERRE DE EMPRESA', NULL, NULL),
(37, 95, 'Operario de maquinaria', 'Bratwurst Embutidos Alemanes', '2014-05-01', '2017-05-01', 'Sobre cargo de trabajo y exeso de personal', NULL, NULL),
(38, 75, 'Polifuncional', 'H&H "Bodega del Tia"', '2017-12-01', '2018-01-01', 'Finalizacion de Produccion', NULL, NULL),
(39, 100, 'auxiliar de limpieza', 'workforce', '2016-02-01', '2015-08-01', 'termino de contrato', NULL, NULL),
(40, 101, 'Contadora- Pagadora', 'Cuerpo de Ingenieros del Ejercito', '1991-09-01', '2018-01-01', 'Embarazo', NULL, NULL),
(41, 101, 'Agente de Ventas', 'Multigraficas Morales', '2015-07-01', '2018-06-01', 'Remuneración', NULL, NULL),
(42, 103, 'Chofer por contrato', 'CNT', '2015-03-01', '2015-07-01', 'Termino de Contrato', NULL, NULL),
(43, 103, 'Chofer (Taxis)', 'Varias Companias de Taxi', '2015-08-01', '2018-06-01', 'Remuneración', NULL, NULL),
(44, 106, 'Asistente de Centro Infantil', 'Consultorio psicologico Infantil', '2017-04-01', '2018-03-01', 'Finalizo Temporada Vacacional', NULL, NULL),
(46, 126, 'Auxiliar de servicios generales', 'IO', '2015-01-01', '2018-01-01', 'Despido', '5b3d18c1ec2d6.docx', NULL),
(47, 127, 'LIMPIEZA', 'EN DEPARTAMENTOS', '2008-11-01', '2018-03-01', 'POR FALTA DE RECURSOS ECONOMICPS', NULL, NULL),
(48, 129, 'Empleada domeatica', 'Casa', '2015-05-01', '2018-07-01', 'Inconformidad  con el sueldo', NULL, NULL),
(49, 135, 'Auxiliar de Limpiez', 'Asowash', '2017-05-01', '2017-10-01', 'Fin de contrato', NULL, NULL),
(50, 135, 'Empleada Domestica', 'Reinatex', '2017-11-01', '2018-07-01', 'Fin de contrato', NULL, NULL),
(51, 137, 'polifuncional, limpieza auxiliar de cocina', 'Huaxia Real', '2018-01-01', '2018-01-01', 'termino de trabajo oriente', NULL, NULL),
(52, 137, 'perchero, ayudante de bodea, servicio al cliente, perchero', 'DILIPA', '2018-01-01', '2018-01-01', 'termino de contrato', NULL, NULL),
(53, 137, 'auxiliar de cocina, limpieza, camarero', 'Mishan Services', '2018-01-01', '2018-01-01', 'termina de contrato petrolera', NULL, NULL),
(54, 137, 'preparador de jarabe montarcarguista, limpieza', 'Fruit', '2018-01-01', '2018-01-01', 'cierre de fabrica', NULL, NULL),
(55, 144, 'Actividades Domésticas y Limpieza', 'Lcda. María Feliza González.', '2007-02-01', '2018-07-01', 'Se continua trabajando fines de semana.', NULL, NULL),
(56, 144, 'Cuidado de adultos mayores', 'Sra. Magdalena Solórzano', '2018-04-01', '2010-01-01', 'Muerte de adultos mayores', NULL, NULL),
(57, 144, 'Auxiliar de enfermería', 'Hospital Geriátrico Plenitud', '2016-03-01', '2016-05-01', 'Por pasantias', NULL, NULL),
(58, 145, 'Auxiliar de odontología', 'Clinica dental de la doctora Gabriela Santos', '1999-02-01', '2001-03-01', 'por estudio', NULL, NULL),
(59, 149, 'Polifuncional', 'Mr.Joy', '2015-12-01', '2016-09-01', 'Temporal', NULL, NULL),
(60, 150, 'Ayudante de cocina y polifuncional', 'MARILOLYS KATERING SERVICE', '2008-01-01', '2017-01-01', 'Cuidado de mi hija menor', NULL, NULL),
(61, 153, 'LIMPIEZA , AMA DE CASA , NIÑERA', 'CASA INDEPENDIENTE', '2014-02-01', '2018-01-01', 'CAMBIO DE DOMICILIO', NULL, NULL),
(62, 154, 'AUXILIAR DE LIMPIEZA', 'DIMASEO', '2016-08-01', '2016-12-01', NULL, NULL, NULL),
(63, 155, 'auxiliar de limpieza', 'limpieza 360', '2016-07-01', '2018-01-01', 'terminacion del contrato', '5b49220bac573.docx', NULL),
(65, 158, 'auxiliar de limpieza', 'SUNSHINEAT', '2016-01-01', '2018-01-01', 'Mejorar empleo', '5b4cbd474c049.jpg', NULL),
(66, 158, 'auxiliar de limpieza', 'MAYFRABELES', '2011-08-01', '2017-06-01', 'Recorte de personal', '5b4cc68c2396d.pdf', NULL),
(67, 159, 'Empleada Doméstica', 'Casa de la Sra. Jacqueline Almeida', '2016-06-01', '2018-06-01', 'Renuncia Voluntaria por salud', NULL, NULL),
(68, 159, 'Recepcionista', 'Fundación Guayasamin', '1995-10-01', '1998-03-01', 'Renuncia Voluntaria por temas personales', NULL, NULL),
(69, 161, 'Limpieza domicilio', 'Casa privada', '2013-07-01', '2018-01-01', 'Autualme', NULL, NULL),
(70, 164, 'Administradora', 'dannysnet', '2013-01-01', '2018-06-01', 'venta del negocio', NULL, NULL),
(72, 167, 'AUXILIAR DE LIMPIEZA', 'COLDECON', '2010-08-01', '2011-08-01', 'TERMINO DE CONTRATO', NULL, NULL),
(73, 167, 'Empleada Doméstica', 'JAIME ENRIQUEZ', '2007-06-01', '2009-06-01', 'Cuidado de mi hija menor', NULL, NULL),
(75, 173, 'POLIFUNCIONAL', 'PANADERIA MULTIPAN', '2017-01-01', '2017-04-01', 'FINALIZACION DEL CONTRATO', NULL, NULL),
(76, 173, 'LIMPIEZA', 'DIFERENTES CASAS', '2015-04-01', '2018-01-01', NULL, NULL, NULL),
(77, 130, 'Empleada Doméstica', 'Crnl. Lucio Gutierrez', '2015-01-01', '2018-01-01', 'ACTUALIDAD', NULL, NULL),
(78, 130, 'Empleada Doméstica', 'Sra. Rosa Yanez', '2003-01-01', '2010-01-01', 'Por jubilación de empleadores ya no me podían pagar, pero les ayudo de vez en cuando', NULL, NULL),
(79, 183, 'Empleada Doméstica', 'FAMILIA SIMON (ESPAÑOLES)', '2006-01-01', '2017-01-01', 'LOS SEÑORES SE REGRESARON A ESPAÑA :(', NULL, '0034605394831'),
(80, 187, 'Empleada y Niñera', NULL, '2015-02-01', '2018-06-01', 'Por bajos de recursos económicos', NULL, '3382126'),
(81, 189, 'conserje del limpieza', 'colegio de abogados', '2002-01-01', '2006-07-01', 'cambio de directiva', '5b59fe37d3ec9.jpg', '2903408 \\ 25667617'),
(82, 189, 'limpieza del hogar', 'sra Maria Belen Jervis', '2013-02-01', '2015-03-01', 'dejaron el país', '5b5a1754679ee.jpg', '2249251- 0982703929'),
(83, 189, 'conserje del limpieza', 'Metro cafe', '2009-06-01', '2012-08-01', 'por embarazo riesgosa', '5b5a17f14b647.jpg', '2552570 - 3318052'),
(84, 189, 'limpieza del hogar', 'sr Juan Mario Alvarracin', '2016-01-01', '2017-01-01', 'solo era medio tiempo y yo quiero tiempo completo', '5b5a1916bd942.jpg', '0984680956'),
(85, 192, 'Cuidado adulto mayor', 'Casa', '2017-10-01', '2018-06-01', 'Por que contrto a una anterior empleada', NULL, '(O2) 334 09663'),
(86, 192, 'Cuidado adulto mayor', 'Casa', '2017-11-01', '2018-06-01', 'Por que contrto a una anterior empleada', NULL, '(O2) 334 09663'),
(87, 200, 'Servicios varios', 'Cooperativa de Transporte Interprovincial de Pasajeros en Buses ALOAG', '2016-01-01', '2017-01-01', 'Problemas familiares', '5b6372dd38d0f.jpg', '2389652'),
(88, 201, 'limpieza', 'Oficinas', '2017-02-01', '2018-02-01', 'trabajo ocasional dos días a la semana oficina Jurìdicsa', NULL, '2560388'),
(89, 209, 'operaria', 'learsi s.a', '1999-04-01', '2003-06-01', 'cierre de planta', NULL, NULL),
(131, 209, 'bodeguera', 'consorcio gratol s.a', '2004-09-01', '2008-12-01', 'cierre de planta', NULL, NULL),
(138, 209, 'ama de llaves', 'familia Maldonado Tobar', '2009-05-01', '2014-11-01', 'Viaje patronos', NULL, '14045878853'),
(139, 209, 'ama de llaves', 'Familia Santos Maldonado', '2014-11-01', '2018-08-01', 'en curso', NULL, '0994272802'),
(148, 209, 'polifuncional', 'lavanderia ROSSE', '2014-12-01', '2018-08-01', 'en curso', NULL, '0987879943'),
(173, 209, 'bodeguera', 'consorcio gratol s.a', '2004-09-01', '2008-12-01', 'cierre de planta', NULL, NULL),
(176, 209, 'bodeguera', 'consorcio gratol s.a', '2004-09-01', '2008-12-01', 'cierre de planta', NULL, NULL),
(177, 209, 'bodeguera', 'consorcio gratol s.a', '2004-09-01', '2008-12-01', 'cierre de planta', NULL, NULL),
(182, 209, 'bodeguera', 'consorcio gratol s.a', '2004-09-01', '2008-12-01', 'cierre de planta', NULL, NULL),
(186, 209, 'bodeguera', 'consorcio gratol s.a', '2004-09-01', '2008-12-01', 'cierre de planta', NULL, NULL),
(191, 209, 'bodeguera', 'consorcio gratol s.a', '2004-09-01', '2008-12-01', 'cierre de planta', NULL, NULL),
(193, 209, 'bodeguera', 'consorcio gratol s.a', '2004-09-01', '2008-12-01', 'cierre de planta', NULL, NULL),
(197, 209, 'bodeguera', 'consorcio gratol s.a', '2004-09-01', '2008-12-01', 'cierre de planta', NULL, NULL),
(199, 209, 'bodeguera', 'consorcio gratol s.a', '2004-09-01', '2008-12-01', 'cierre de planta', NULL, NULL),
(200, 209, 'bodeguera', 'consorcio gratol s.a', '2004-09-01', '2008-12-01', 'cierre de planta', NULL, NULL),
(201, 209, 'bodeguera', 'consorcio gratol s.a', '2004-09-01', '2008-12-01', 'cierre de planta', NULL, NULL),
(202, 209, 'bodeguera', 'consorcio gratol s.a', '2004-09-01', '2008-12-01', 'cierre de planta', NULL, NULL),
(203, 209, 'bodeguera', 'consorcio gratol s.a', '2004-09-01', '2008-12-01', 'cierre de planta', NULL, NULL),
(204, 209, 'bodeguera', 'consorcio gratol s.a', '2004-09-01', '2008-12-01', 'cierre de planta', NULL, NULL),
(205, 209, 'bodeguera', 'consorcio gratol s.a', '2004-09-01', '2008-12-01', 'cierre de planta', NULL, NULL),
(207, 209, 'bodeguera', 'consorcio gratol s.a', '2004-09-01', '2008-12-01', 'cierre de planta', NULL, NULL),
(208, 209, 'bodeguera', 'consorcio gratol s.a', '2004-09-01', '2008-12-01', 'cierre de planta', NULL, NULL),
(209, 209, 'bodeguera', 'consorcio gratol s.a', '2004-09-01', '2008-12-01', 'cierre de planta', NULL, NULL),
(210, 209, 'bodeguera', 'consorcio gratol s.a', '2004-09-01', '2008-12-01', 'cierre de planta', NULL, NULL),
(211, 209, 'bodeguera', 'consorcio gratol s.a', '2004-09-01', '2008-12-01', 'cierre de planta', NULL, NULL),
(212, 209, 'bodeguera', 'consorcio gratol s.a', '2004-09-01', '2008-12-01', 'cierre de planta', NULL, NULL),
(213, 209, 'bodeguera', 'consorcio gratol s.a', '2004-09-01', '2008-12-01', 'cierre de planta', NULL, NULL),
(214, 209, 'bodeguera', 'consorcio gratol s.a', '2004-09-01', '2008-12-01', 'cierre de planta', NULL, NULL),
(215, 209, 'bodeguera', 'consorcio gratol s.a', '2004-09-01', '2008-12-01', 'cierre de planta', NULL, NULL),
(216, 209, 'bodeguera', 'consorcio gratol s.a', '2004-09-01', '2008-12-01', 'cierre de planta', NULL, NULL),
(217, 209, 'bodeguera', 'consorcio gratol s.a', '2004-09-01', '2008-12-01', 'cierre de planta', NULL, NULL),
(218, 209, 'bodeguera', 'consorcio gratol s.a', '2004-09-01', '2008-12-01', 'cierre de planta', NULL, NULL),
(219, 209, 'bodeguera', 'consorcio gratol s.a', '2004-09-01', '2008-12-01', 'cierre de planta', NULL, NULL),
(220, 209, 'bodeguera', 'consorcio gratol s.a', '2004-09-01', '2008-12-01', 'cierre de planta', NULL, NULL),
(221, 209, 'bodeguera', 'consorcio gratol s.a', '2004-09-01', '2008-12-01', 'cierre de planta', NULL, NULL),
(222, 209, 'bodeguera', 'consorcio gratol s.a', '2004-09-01', '2008-12-01', 'cierre de planta', NULL, NULL),
(223, 209, 'bodeguera', 'consorcio gratol s.a', '2004-09-01', '2008-12-01', 'cierre de planta', NULL, NULL),
(224, 209, 'bodeguera', 'consorcio gratol s.a', '2004-09-01', '2008-12-01', 'cierre de planta', NULL, NULL),
(225, 209, 'bodeguera', 'consorcio gratol s.a', '2004-09-01', '2008-12-01', 'cierre de planta', NULL, NULL),
(226, 209, 'bodeguera', 'consorcio gratol s.a', '2004-09-01', '2008-12-01', 'cierre de planta', NULL, NULL),
(227, 209, 'bodeguera', 'consorcio gratol s.a', '2004-09-01', '2008-12-01', 'cierre de planta', NULL, NULL),
(228, 209, 'bodeguera', 'consorcio gratol s.a', '2004-09-01', '2008-12-01', 'cierre de planta', NULL, NULL),
(229, 209, 'bodeguera', 'consorcio gratol s.a', '2004-09-01', '2008-12-01', 'cierre de planta', NULL, NULL),
(230, 209, 'bodeguera', 'consorcio gratol s.a', '2004-09-01', '2008-12-01', 'cierre de planta', NULL, NULL),
(231, 209, 'bodeguera', 'consorcio gratol s.a', '2004-09-01', '2008-12-01', 'cierre de planta', NULL, NULL),
(232, 209, 'bodeguera', 'consorcio gratol s.a', '2004-09-01', '2008-12-01', 'cierre de planta', NULL, NULL),
(233, 209, 'bodeguera', 'consorcio gratol s.a', '2004-09-01', '2008-12-01', 'cierre de planta', NULL, NULL),
(234, 209, 'bodeguera', 'consorcio gratol s.a', '2004-09-01', '2008-12-01', 'cierre de planta', NULL, NULL),
(235, 209, 'bodeguera', 'consorcio gratol s.a', '2004-09-01', '2008-12-01', 'cierre de planta', NULL, NULL),
(236, 209, 'bodeguera', 'consorcio gratol s.a', '2004-09-01', '2008-12-01', 'cierre de planta', NULL, NULL),
(237, 209, 'bodeguera', 'consorcio gratol s.a', '2004-09-01', '2008-12-01', 'cierre de planta', NULL, NULL),
(238, 209, 'bodeguera', 'consorcio gratol s.a', '2004-09-01', '2008-12-01', 'cierre de planta', NULL, NULL),
(239, 209, 'bodeguera', 'consorcio gratol s.a', '2004-09-01', '2008-12-01', 'cierre de planta', NULL, NULL),
(240, 209, 'bodeguera', 'consorcio gratol s.a', '2004-09-01', '2008-12-01', 'cierre de planta', NULL, NULL),
(241, 209, 'bodeguera', 'consorcio gratol s.a', '2004-09-01', '2008-12-01', 'cierre de planta', NULL, NULL),
(242, 209, 'bodeguera', 'consorcio gratol s.a', '2004-09-01', '2008-12-01', 'cierre de planta', NULL, NULL),
(243, 209, 'bodeguera', 'consorcio gratol s.a', '2004-09-01', '2008-12-01', 'cierre de planta', NULL, NULL),
(244, 209, 'bodeguera', 'consorcio gratol s.a', '2004-09-01', '2008-12-01', 'cierre de planta', NULL, NULL),
(245, 209, 'bodeguera', 'consorcio gratol s.a', '2004-09-01', '2008-12-01', 'cierre de planta', NULL, NULL),
(246, 209, 'bodeguera', 'consorcio gratol s.a', '2004-09-01', '2008-12-01', 'cierre de planta', NULL, NULL),
(247, 209, 'bodeguera', 'consorcio gratol s.a', '2004-09-01', '2008-12-01', 'cierre de planta', NULL, NULL),
(248, 209, 'bodeguera', 'consorcio gratol s.a', '2004-09-01', '2008-12-01', 'cierre de planta', NULL, NULL),
(249, 209, 'bodeguera', 'consorcio gratol s.a', '2004-09-01', '2008-12-01', 'cierre de planta', NULL, NULL),
(250, 209, 'bodeguera', 'consorcio gratol s.a', '2004-09-01', '2008-12-01', 'cierre de planta', NULL, NULL),
(251, 209, 'bodeguera', 'consorcio gratol s.a', '2004-09-01', '2008-12-01', 'cierre de planta', NULL, NULL),
(252, 209, 'bodeguera', 'consorcio gratol s.a', '2004-09-01', '2008-12-01', 'cierre de planta', NULL, NULL),
(253, 209, 'bodeguera', 'consorcio gratol s.a', '2004-09-01', '2008-12-01', 'cierre de planta', NULL, NULL),
(254, 209, 'bodeguera', 'consorcio gratol s.a', '2004-09-01', '2008-12-01', 'cierre de planta', NULL, NULL),
(255, 209, 'bodeguera', 'consorcio gratol s.a', '2004-09-01', '2008-12-01', 'cierre de planta', NULL, NULL),
(256, 209, 'bodeguera', 'consorcio gratol s.a', '2004-09-01', '2008-12-01', 'cierre de planta', NULL, NULL),
(257, 209, 'bodeguera', 'consorcio gratol s.a', '2004-09-01', '2008-12-01', 'cierre de planta', NULL, NULL),
(258, 209, 'bodeguera', 'consorcio gratol s.a', '2004-09-01', '2008-12-01', 'cierre de planta', NULL, NULL),
(259, 209, 'bodeguera', 'consorcio gratol s.a', '2004-09-01', '2008-12-01', 'cierre de planta', NULL, NULL),
(260, 209, 'bodeguera', 'consorcio gratol s.a', '2004-09-01', '2008-12-01', 'cierre de planta', NULL, NULL),
(261, 209, 'bodeguera', 'consorcio gratol s.a', '2004-09-01', '2008-12-01', 'cierre de planta', NULL, NULL),
(262, 209, 'bodeguera', 'consorcio gratol s.a', '2004-09-01', '2008-12-01', 'cierre de planta', NULL, NULL),
(263, 209, 'bodeguera', 'consorcio gratol s.a', '2004-09-01', '2008-12-01', 'cierre de planta', NULL, NULL),
(264, 209, 'bodeguera', 'consorcio gratol s.a', '2004-09-01', '2008-12-01', 'cierre de planta', NULL, NULL),
(265, 209, 'bodeguera', 'consorcio gratol s.a', '2004-09-01', '2008-12-01', 'cierre de planta', NULL, NULL),
(266, 209, 'bodeguera', 'consorcio gratol s.a', '2004-09-01', '2008-12-01', 'cierre de planta', NULL, NULL),
(267, 209, 'bodeguera', 'consorcio gratol s.a', '2004-09-01', '2008-12-01', 'cierre de planta', NULL, NULL),
(268, 209, 'bodeguera', 'consorcio gratol s.a', '2004-09-01', '2008-12-01', 'cierre de planta', NULL, NULL),
(269, 209, 'bodeguera', 'consorcio gratol s.a', '2004-09-01', '2008-12-01', 'cierre de planta', NULL, NULL),
(270, 209, 'bodeguera', 'consorcio gratol s.a', '2004-09-01', '2008-12-01', 'cierre de planta', NULL, NULL),
(271, 209, 'bodeguera', 'consorcio gratol s.a', '2004-09-01', '2008-12-01', 'cierre de planta', NULL, NULL),
(272, 209, 'bodeguera', 'consorcio gratol s.a', '2004-09-01', '2008-12-01', 'cierre de planta', NULL, NULL),
(273, 209, 'bodeguera', 'consorcio gratol s.a', '2004-09-01', '2008-12-01', 'cierre de planta', NULL, NULL),
(274, 209, 'bodeguera', 'consorcio gratol s.a', '2004-09-01', '2008-12-01', 'cierre de planta', NULL, NULL),
(275, 209, 'bodeguera', 'consorcio gratol s.a', '2004-09-01', '2008-12-01', 'cierre de planta', NULL, NULL),
(276, 209, 'bodeguera', 'consorcio gratol s.a', '2004-09-01', '2008-12-01', 'cierre de planta', NULL, NULL),
(277, 209, 'bodeguera', 'consorcio gratol s.a', '2004-09-01', '2008-12-01', 'cierre de planta', NULL, NULL),
(278, 209, 'bodeguera', 'consorcio gratol s.a', '2004-09-01', '2008-12-01', 'cierre de planta', NULL, NULL),
(279, 209, 'bodeguera', 'consorcio gratol s.a', '2004-09-01', '2008-12-01', 'cierre de planta', NULL, NULL),
(280, 209, 'bodeguera', 'consorcio gratol s.a', '2004-09-01', '2008-12-01', 'cierre de planta', NULL, NULL),
(281, 209, 'bodeguera', 'consorcio gratol s.a', '2004-09-01', '2008-12-01', 'cierre de planta', NULL, NULL),
(282, 209, 'bodeguera', 'consorcio gratol s.a', '2004-09-01', '2008-12-01', 'cierre de planta', NULL, NULL),
(283, 209, 'bodeguera', 'consorcio gratol s.a', '2004-09-01', '2008-12-01', 'cierre de planta', NULL, NULL),
(284, 209, 'bodeguera', 'consorcio gratol s.a', '2004-09-01', '2008-12-01', 'cierre de planta', NULL, NULL),
(285, 209, 'bodeguera', 'consorcio gratol s.a', '2004-09-01', '2008-12-01', 'cierre de planta', NULL, NULL),
(286, 209, 'bodeguera', 'consorcio gratol s.a', '2004-09-01', '2008-12-01', 'cierre de planta', NULL, NULL),
(287, 209, 'bodeguera', 'consorcio gratol s.a', '2004-09-01', '2008-12-01', 'cierre de planta', NULL, NULL),
(288, 209, 'bodeguera', 'consorcio gratol s.a', '2004-09-01', '2008-12-01', 'cierre de planta', NULL, NULL),
(289, 209, 'bodeguera', 'consorcio gratol s.a', '2004-09-01', '2008-12-01', 'cierre de planta', NULL, NULL),
(290, 209, 'bodeguera', 'consorcio gratol s.a', '2004-09-01', '2008-12-01', 'cierre de planta', NULL, NULL),
(291, 209, 'bodeguera', 'consorcio gratol s.a', '2004-09-01', '2008-12-01', 'cierre de planta', NULL, NULL),
(292, 209, 'bodeguera', 'consorcio gratol s.a', '2004-09-01', '2008-12-01', 'cierre de planta', NULL, NULL),
(293, 209, 'bodeguera', 'consorcio gratol s.a', '2004-09-01', '2008-12-01', 'cierre de planta', NULL, NULL),
(294, 209, 'bodeguera', 'consorcio gratol s.a', '2004-09-01', '2008-12-01', 'cierre de planta', NULL, NULL),
(295, 209, 'bodeguera', 'consorcio gratol s.a', '2004-09-01', '2008-12-01', 'cierre de planta', NULL, NULL),
(302, 213, 'AUXILIAR DE LIMPIEZA', 'DIMASEO - HOSPITAL DEL IESS', '2017-01-01', '2018-01-01', 'Hasta ahora no me pagan el sueldo', NULL, '2529908'),
(303, 217, 'Auxiliar de Limpieza', 'IMPORFERRI S.A.', '2016-04-01', '2017-06-01', 'Quiebra de la Empresa', '5b68c595ad647.pdf', '022030036 ext.105'),
(304, 217, 'Auxiliar de Limpieza', 'IMPORFERRI S.A.', '2016-04-01', '2017-06-01', 'Quiebra de la Empresa', '5b68c5b54c551.pdf', '022030036 ext.105'),
(305, 217, 'Auxiliar de Limpieza', 'IMPORFERRI S.A.', '2016-04-01', '2017-06-01', 'Quiebre de la Empresa', '5b68c91260743.pdf', '022030036 ext.105'),
(306, 218, 'Linpiesa de departamentos', 'Directo', '2017-01-01', '2018-02-01', NULL, '5b68ef6e3a1c3.jpg', NULL),
(307, 218, 'Linpiesa de departamentos', 'Directo', '2017-01-01', '2018-02-01', NULL, '5b68ef9a11c00.jpg', NULL),
(308, 227, 'ENCARGADA DE LOCAL', 'CIBER CAFE', '2015-04-01', '2017-04-01', 'ESTUDIANTIL', '5b69d4886dddd.docx', '0962825506'),
(309, 227, 'ENCARGADA DE LOCAL', 'CIBER CAFE', '2015-04-01', '2017-04-01', 'ESTUDIANTIL', '5b69d48cb0945.docx', '0962825506'),
(310, 155, NULL, NULL, '2018-01-01', '2018-01-01', NULL, '5b6a13688d6c4.docx', NULL),
(311, 229, 'Ayudante de cocina', 'Pollo loco', '2014-01-01', '2018-03-01', 'Entregaron el local', '5b6b62c7bffb6.jpg', '0983107638'),
(312, 229, 'Ayudante de cocina', 'Pollo loco', '2014-01-01', '2018-03-01', 'Entregaron el local', '5b6b643e65c95.jpg', '0983107638'),
(313, 205, 'EMPLEADA DOMESTICA', 'EMBAJADOR MANUEL JIJON CAMAÑO', '1977-01-01', '1980-12-01', 'SE FUE A OTRO PAIS EL JEFE', NULL, NULL),
(314, 205, 'EMPLEADA DOMESTICA', 'SRA GLORIA DE PALACIOS', '1981-01-01', '2000-01-01', 'CAMBIO DE RESIDENCIA JEFA', NULL, '0999237252'),
(315, 205, 'AUXILIAR DE LIMPIEZA', 'FRANCER', '2012-08-01', '2012-12-01', 'TERMINACION CONTRATO', NULL, NULL),
(316, 213, NULL, NULL, '2017-12-01', '2018-05-01', 'No m pagaban mi salario', NULL, NULL),
(317, 249, 'Empleada Doméstica', 'Familia De la Cruz', '2017-01-01', '2018-01-01', 'ACTUALIDAD', NULL, '0988143716'),
(318, 249, 'Limpieza', 'ATU', '2018-01-01', '2018-01-01', 'TÉRMINO DE CONTRATO', NULL, NULL),
(319, 256, 'Empleada Doméstica', 'Familia Rodas  Espinel - Sra Fanny', '2017-01-01', '2018-01-01', 'El Sr. Fallecio', NULL, '099739199-2227357'),
(320, 256, 'Empleada Doméstica', 'Dr. Carlos de Otero', '2015-01-01', '2016-01-01', 'Cambio de domicilio fuera de la Ciudad', NULL, '3818377/099234681'),
(321, 256, 'Cocinera', 'Francisco Sanabria - Embajada de España', '2010-01-01', '2011-01-01', 'TERMINO DE CONTRATO', NULL, '2564377-2564390'),
(322, 256, 'Empleada Doméstica', 'Familia Rodas  Espinel - Sra Fanny', '2017-01-01', '2018-01-01', 'FALLECIO EL SR', NULL, '099739199-2227357'),
(324, 261, 'Analista Servicio Post Venta', 'Diario El Universal C.A.', '1996-03-01', '2018-04-01', 'Renuncia', NULL, '0212 5052235'),
(325, 259, 'Limpieza', 'Seguros Banvalor', '2001-06-01', '2010-03-01', 'Expropiacion de Empresa', NULL, NULL),
(326, 282, 'Empleada domestica puertas adentro', 'Casa', '2016-04-01', '2018-04-01', 'Cambio de país', NULL, '0993885513'),
(327, 286, 'Dependiente y venta de Miscelaneas.', 'Industria y Servicios Minas de Matahambre', '2018-01-01', '2018-01-01', 'Superación', NULL, NULL),
(328, 286, 'Recepción y ventas.', 'Panadería y Pastelería de Pons.', '2018-01-01', '2018-01-01', 'Superación', NULL, NULL),
(329, 286, 'Recepción y ventas.', 'Plaza de Comercio Pons.', '2018-01-01', '2018-01-01', 'viaje', NULL, NULL),
(330, 283, 'empleada domestica', NULL, '2003-09-01', '2002-02-01', 'ya no requerían mis servicios', NULL, NULL),
(331, 283, 'empleada domestica', NULL, '2012-07-01', '2014-01-01', 'ya no requerían mis servicios', NULL, NULL),
(332, 283, 'empleada domestica', NULL, '2014-02-01', '2018-07-01', 'ya no requerían mis servicios', NULL, NULL),
(333, 288, 'AYUDANTE DE COCINA', 'RESTAURANT EL GOURMET CHINO', '2006-05-01', '2008-05-01', 'Cierre de local', NULL, NULL),
(334, 288, 'AYUDANTE DE COCINA', 'RESTAURANT EL DRAGÓN CHINO', '2011-04-01', '2012-04-01', 'SE FUERON DE VIAJE', NULL, NULL),
(335, 288, 'AYUDANTE DE COCINA', 'CLUB TENNIS CLUB', '2012-08-01', '2017-08-01', 'RECORTE DE PERSONAL', NULL, NULL),
(337, 288, 'DOMESTICA', 'SEÑORA LIBERTAD LEON.', '2000-06-01', '2005-06-01', 'CAMBIO DE RESIDENCIA', NULL, NULL),
(339, 300, 'Mantenimiento de Aseo y Oficinas', 'Iglesia  Evangélica de Iñaquito  (IEVI)', '2013-05-01', '2018-02-01', 'Reducción de personal.', NULL, '227-2080    2272698'),
(340, 303, 'Empleada Doméstica', 'FAMILIA CURICAMA', '2016-01-01', '2018-01-01', 'ME VINE A VIVIR A QUITO', NULL, '0987993853'),
(341, 306, 'Empleada Domestica', 'Sra. María Montserrat Albán Ricaute', '2018-09-01', '2018-08-01', 'Trabajo estable', '5b8f407f36a99.jpg', '0992521875'),
(342, 306, 'Empleada Domestica', 'María Montserrat Albán Ricaurte', '2016-09-01', '2018-08-01', 'Trabajo estable', '5b8f426c80390.jpg', '0992521875'),
(343, 313, 'empleada domestica', 'familia barrientos', '2015-10-01', '2018-02-01', 'situación económica', NULL, '098 251 4057'),
(344, 316, 'operario de aseo', 'Diamante/cali-colombia', '2018-01-01', '2018-04-01', 'renuncia voluntaria por viaje al Ecuador', '5b9c10dc2b450.jpg', '5147777'),
(345, 321, 'AMA DE CASA Y NIÑERA', 'AMELIA VELA', '2015-09-01', '2018-09-01', 'VIAJO A COLOMBIA A SU TIERRA PORQUE SE SEPARO CON SU ESPOSO.', NULL, '0997757803'),
(348, 323, 'Maestra Parvularia y asistente de dirección', 'Centro de Desarrollo Acuarela', '2010-11-01', '2016-09-01', 'Cierre de la Institución', NULL, '0997619839'),
(349, 323, 'Polifuncional y Niñera', 'Cuidado infantil diurno', '2016-10-01', '2018-09-01', 'Crecio el Niño', NULL, '0998306083'),
(350, 328, 'AUXILIAR DE LIMPIEZA Y COCINA', 'CENTRO REGIONAL SALESIANO EL GIRON', '2016-03-01', '2018-05-01', 'BUSQUEDA DE MEJORES OPORTUNIDADES', NULL, '022521315'),
(352, 163, 'Auxiliar de limpieza Hospitalaria', 'Hospital Basico de Ambato', '2016-01-01', '2016-12-01', 'contrato', '5ba0476d7793a.pdf', '0960897600'),
(353, 163, NULL, NULL, '2018-01-01', '2018-01-01', NULL, '5ba047c71c50a.pdf', NULL),
(354, 336, 'Limpieza de oficinas', 'GENELECTRIC  CIA. LTDA.', '2013-04-01', '2015-01-01', 'Termino de contrato', '5ba18799acd7b.docx', '6002801 / 0997202352'),
(355, 331, 'Cuidado de adulto mayor', 'Familia Silvana Estrada', '2015-10-01', '2016-10-01', 'Fallecimiento del adulto mayor', '5ba8e8b6abbad.jpg', '0998402165'),
(356, 331, 'Limpieza', 'Familia Elena Tumipamba', '2013-11-01', '2017-11-01', 'Por motivo de factor tiempo.', '5ba8e98a2a068.jpg', '3211325'),
(357, 339, 'Mesera Polifuncional', 'El Esmeraldeño', '2017-10-01', '2018-03-01', 'Despido Intempestivo', NULL, '0969686485'),
(358, 331, 'limpieza', 'Familia Nelson Andrade', '2009-10-01', '2018-01-01', 'Trabajo en el que aun laboro por medio tiempo.', '5ba8ea17a0cf7.jpg', '0999923603'),
(359, 339, 'Educadora', 'Jardin de Infantes Luis Felipe Borja', '2016-09-01', '2017-02-01', 'Cambio de Lugar del Centro Infantil', NULL, NULL),
(360, 343, 'Eventos', 'Katherine', '2017-06-01', '2018-05-01', 'Cambio de residencia', NULL, '0987289336'),
(361, 343, 'Eventos', 'Katherine', '2017-06-01', '2018-05-01', 'Cambio de residencia', NULL, '0987289336'),
(362, 345, 'LIMPIEZA', 'IMASEN DEL ECUADOR', '2017-01-01', '2018-06-01', 'Empresa dejo la ciudad se fue para Guayaquil', NULL, '2885448/0998877001'),
(363, 358, 'auxiliar de limpieza', 'ALLICLEAN', '2010-10-01', '2015-08-01', 'termino del contrato', NULL, NULL),
(364, 358, 'auxiliar de limpieza', 'ALLICLEAN', '2010-10-01', '2015-08-01', 'termino del contrato', NULL, NULL),
(365, 358, 'auxiliar de limpieza', 'ALLICLEAN', '2010-10-01', '2015-08-01', 'termino del contrato', NULL, NULL),
(366, 368, 'Ayudante de limpieza', 'Apartamentos la almendra', '2016-07-01', '2017-09-01', 'Nuevo empleo', NULL, '-'),
(368, 368, 'Vendedor de articulos para impresoras', 'Refiltoner S.A', '2016-07-01', '2017-09-01', 'Renuncia', NULL, '-'),
(369, 374, 'Dama de compañía', 'Dr. Marcelo Barona', '2016-12-01', '2018-09-01', 'Despido intempestivo', NULL, '0998599249'),
(370, 375, 'Empleada Domestica', 'Ing. Francisco Utretas Cano', '1995-06-01', '2003-06-01', 'Cambio de residencia', '5bb16f2a959eb.jpg', '022920283'),
(371, 375, 'Obrera de Plantación', 'Empresa Flores María Internacional', '2005-09-01', '2012-02-01', 'Cambio de Trabajo', '5bb1701996ba3.jpg', '022350700'),
(372, 375, 'Responsable de Cocina', 'Fundación Sembrar Esperanza', '2005-09-01', '2012-02-01', 'Cambio de Trabajo', '5bb1712b4f5de.jpg', '23540004'),
(373, 387, 'guardia de seguridad', 'fractacel', '2012-07-01', '2012-10-01', 'cambio de trabajo', NULL, NULL),
(374, 387, 'cortador - maquilador - bodeguero', 'A2promo', '2013-08-01', '2018-08-01', 'cierre de fabrica', NULL, '5006583'),
(375, 395, 'cocinera', 'restaurante', '2018-05-01', '2018-09-01', 'calamidad domestica', NULL, '0984998555'),
(376, 409, 'Secretaria', 'ENDE CIA. LTDA.', '2014-08-01', '2018-11-01', 'POCO TRABAJO EN LA EMPRESA', NULL, '2529713'),
(377, 409, 'SECRETARIA', 'ENDE CIA. LTDA.', '2014-08-01', '2018-11-01', 'POCO TRABAJO', NULL, '2529713'),
(378, 430, 'Asistente Comercial', 'Print Easy', '2015-10-01', '2018-07-01', 'Renuncie porque pense que un nuevo trabajo me iba mejor', '5bb26d364af2a.pdf', NULL),
(379, 431, 'impulsadora', 'mamut', '2012-08-01', '2012-09-01', 'trabajo por temporada escolar', NULL, NULL),
(380, 431, 'polifuncional', 'hotel ejido real', '2014-12-01', '2014-04-01', 'estudios', NULL, NULL),
(381, 431, 'impulsadora', 'tony', '2014-09-01', '2014-11-01', 'trabajo por temporada', NULL, NULL),
(382, 431, 'polifubcional', 'restaurante', '2015-01-01', '2018-02-01', 'transporte', NULL, '0984111352'),
(383, 440, 'EMPLEADA DOMESTICA', 'SRA DENNIS ARROYO', '2000-05-01', '2002-01-01', 'SE FUERON A VIVIR LEJOS', NULL, '099606060'),
(384, 441, 'Vendedora y Atención a Cliente', 'Restaurant de Catering Amarilo Ragazzi, SA.', '2017-12-01', '2018-07-01', 'VENTAS BAJAS', NULL, '0996516442'),
(385, 441, 'PROMOTORA', 'Nestle, S.A.', '2015-10-01', '2016-08-01', 'ESTUDIOS', NULL, '+522392483802'),
(386, 447, 'Vendedora de servicios.', 'NUCOPSA', '2006-04-01', '2006-12-01', 'CUIDAR A MIS NIÑAS', NULL, NULL),
(387, 448, 'polifuncional', 'asoserlimshi shika panka', '2017-03-01', '2017-11-01', 'propia  voluntad. X problema de salud. de mi hijo', NULL, '0998166013'),
(388, 448, 'polifuncional', 'asoserlimshi shika panka', '2017-03-01', '2017-11-01', 'propia  voluntad. X problema de salud. de mi hijo', NULL, '0998166013'),
(389, 449, NULL, NULL, '2018-01-01', '2018-01-01', NULL, NULL, NULL),
(390, 453, 'Atencion al publico', 'Las Especies de Miguel', '2017-02-01', '2018-08-01', 'Viaje a Ecuador', NULL, '+582835113373'),
(391, 454, 'Asistente Administrativo', 'Hotel Eurobuilding Express Maiquetía Venezuela', '2017-06-01', '2017-08-01', 'Fin de Pasantias', NULL, NULL),
(392, 455, 'Secretaria-Vendedora', 'MACE', '2014-09-01', '2016-09-01', 'reestructuracion de la empresa', NULL, '022693767'),
(393, 456, 'Servicio al cliente', 'Herbalife', '2013-09-01', '2015-11-01', 'Cuidar a mi hijo.', NULL, NULL),
(394, 427, 'Servicio al cliente', NULL, '2005-01-01', '2008-08-01', 'Cambio de domicilio', NULL, '0979296444'),
(395, 427, 'Niñera', 'Familia Yaguachi', '2015-09-01', '2018-06-01', 'Pérdida de trabajo.', NULL, '0983378458'),
(396, 427, 'Servicio al cliente', 'Micromercado "Angel"', '2001-11-01', '2003-10-01', 'Cambio de dueño.', NULL, '3060129'),
(397, 426, 'Polifuncional', 'Confecciones Gualas', '2015-01-01', '2016-11-01', 'Estudios', NULL, '0967579835'),
(398, 469, 'Limpieza', 'Corte nacional de justicia', '2016-02-01', '2018-02-01', 'Término el contrato', '5bb76bc984fb1.jpg', '2839243'),
(399, 471, 'Asistente Contable/ Recepcionista', 'Accounting consulting', '2014-09-01', '2016-05-01', 'Principios paralisis facial.', NULL, '2550615'),
(400, 474, 'mensajeria que haceres domesticos linpeza', 'Esmil------ DR Gonzalo Matovelle Mediavilla', '2015-02-01', '2017-12-01', 'asuntos personales', '5bba8f0bab0d7.jpg', '2526203-2565045 -099'),
(401, 482, 'Rematadora', 'Fabrica ropa de bebe', '2018-01-01', '2018-08-01', 'EMPRESA CERRO FUNCIONES', NULL, NULL),
(402, 482, 'Empleada Domestica', 'Paulina Zurita', '2015-01-01', '2016-01-01', 'SRA SOLO ME PODIA PAGAR MEDIO TIEMPO', NULL, NULL),
(403, 482, 'VENDEDORA', 'GLORIA AGUILAR - TIENDA', '2013-01-01', '2014-01-01', 'ME REGRESE A MI TIERRA GUARANDA', NULL, '6011926-0984926630'),
(404, 485, 'Mantemiento', 'Aeropuerto madrid', '2009-02-01', '2014-04-01', 'Cambio de domicilio', NULL, '0034672924008'),
(405, 485, 'Pintura', 'Marco. Buitrago', '2004-05-01', '2009-09-01', 'Cambio de empresa', NULL, '636550449'),
(406, 485, 'Pintura', 'Marco. Buitrago', '2004-05-01', '2009-09-01', 'Cambio de empresa', NULL, '636550449'),
(407, 490, 'Limpiesa', NULL, '2018-01-01', '2018-01-01', '487', '5bc680b441de9.jpg', '0998494500'),
(408, 490, NULL, NULL, '2018-01-01', '2018-01-01', NULL, NULL, NULL),
(409, 497, 'limpieza', 'aplika', '2003-05-01', '2004-03-01', 'cuidado de mi hijo', NULL, '2277370'),
(410, 502, 'Auxiliar de limpieza', 'Workforce', '2008-08-01', '2011-12-01', 'Finalización de contrato', NULL, '0982453722'),
(411, 502, 'Auxiliar de limpieza', 'Súper clean service', '2011-01-01', '2015-03-01', 'Finalización de contrato', NULL, '022244556'),
(412, 502, 'Servicios Generales', 'Grupasa', '2015-07-01', '2018-06-01', 'Finalización de contrato', NULL, '022040709'),
(413, 502, 'Servicios Generales', 'Grupasa', '2015-07-01', '2018-06-01', 'Finalización de contrato', NULL, '022040709'),
(414, 520, 'Empleada Doméstica', 'Privada', '2012-07-01', '2018-07-01', 'Sin afiliación', '5bd0c25d80b83.pdf', '0996441843'),
(415, 525, NULL, NULL, '2018-01-01', '2018-01-01', NULL, '5bd72f810f28c.docx', NULL),
(416, 527, 'COORDINADOR DE OPERACIONES', 'ALL CLEAN', '2011-10-01', '2018-03-01', 'RENUNCIA POR MOTIVOS PERSONALES', NULL, '2900098'),
(417, 531, 'FACTURADORA', 'MEGAMAXX', '2017-02-01', '2018-10-01', 'FIN DE CONTRATO', NULL, '0985364221'),
(418, 543, 'Supervisor de limpieza', 'Luviher s. A', '2011-02-01', '2018-03-01', 'Renuncia voluntaria', NULL, '2521173'),
(420, 543, 'Supervisor de limpieza', 'Luviher s. A', '2011-03-01', '2018-03-01', 'Renuncia voluntaria', '5be9d7964f5ec.JPG', '2521173'),
(421, 544, 'Limpieza', 'Sindes', '2017-07-01', '2018-07-01', 'Por salud', '5be9ea9e7412e.jpg', '0991356617'),
(423, 541, 'SERVICIO AL CLIENTE-SECRETARIA, OPERADOR DE SISTEMA Y REDES', 'SERVITEC', '2014-04-01', '2016-10-01', 'MOTIVOS PERSONALES', '5beaca30421a2.pdf', '0987211632'),
(424, 541, 'ASESORA COMERCIAL', 'GO FOR CUSTOMER', '2018-10-01', '2018-11-01', 'ESTUDIOS', NULL, '0988056770'),
(425, 557, 'AYUDANTE DE COCINA Y LIMPIEZA', 'CATERING', '2016-09-01', '2018-09-01', 'RENUNCIA', NULL, '0999781379'),
(426, 562, 'ASISTENTE DE LIMPIEZA', 'CASA DE FAMILIA', '2017-07-01', '2018-10-01', 'PERSONAL', NULL, '0959948273'),
(429, 580, 'Servicios generales', 'Colegio Fenández Madrid', '2016-01-01', '2018-01-01', 'No se renovo el contrato', NULL, '0998732468'),
(430, 582, 'AYUDANTE DE CONSTRUCCION Y LIMPIEZA', 'SR FRANCISCO ACONDA', '2018-01-01', '2018-07-01', 'Renuncia Voluntaria', NULL, '099553438'),
(431, 586, 'limpieza de cas y cuidados a una persona de la tercera edad', 'lLAURA XIMENA BUENAÑO PERES', '2016-12-01', '2018-08-01', 'FALLECIMIEMT0 DE LA SEÑORA Q CUIDABA', NULL, '0980212311'),
(432, 591, 'Ama De casa', NULL, '2018-01-01', '2018-01-01', NULL, NULL, NULL),
(433, 592, 'Ayudante de maquiladora', 'Ninguna', '2018-11-01', '2018-11-01', 'Mis hijaa', NULL, NULL),
(434, 595, 'limieza', 'en casa particular', '2015-02-01', '2018-03-01', 'cambio de domicilio a otra ciudad', '5c2d3abe262ac.pdf', '0958751347'),
(435, 596, 'Auxiliar de Peluqueria', 'Peluqueria Karissma', '2018-10-01', '2018-12-01', 'Por busqueda de algo mejor y el poco tiempo libre', NULL, '02-2554653'),
(436, 596, 'Auxiliar de Cocina y Mesera', 'Restaurant el Tapeo', '2018-07-01', '2018-09-01', 'Termino de Suplencia', NULL, '098 3111183'),
(437, 597, 'Auxiliar de servicios generales', 'PROHOGAR', '2016-01-01', '2019-01-01', 'EN CURSO', NULL, '5106844'),
(438, 596, 'Lavado de ropa y Planchado', 'Particular', '2018-07-01', '2018-08-01', 'Por viaje de la Sra. de la casa', NULL, '096-7981211'),
(439, 599, 'Ninguno', 'Cleanwork', '2017-04-01', '2018-05-01', 'estaba por dar aluz', NULL, '0984439000'),
(440, 606, 'niñera familia zanches', 'familia', '2013-02-01', '2015-03-01', 'por viaje de los jefes .', '5c33efc67a6ef.pdf', '09989644628'),
(441, 606, 'limpieza de oficinas y de casas', 'edificio Intiñan', '2015-08-01', '2017-01-01', 'CAMBIO DE JEFE', NULL, NULL),
(442, 606, 'LIMPIEZA DE CONDOMINIO', 'familias', '2017-01-01', '2019-01-01', 'canbio de jefes', NULL, NULL),
(443, 609, 'Empleada Domestica', 'casa particular', '2015-09-01', '2018-05-01', 'asunto personal', '5c34f2b29d610.jpg', '0998901216'),
(444, 610, 'AUXILIAR DE LIMPIEZA', 'SMC CONSTRUCCIONES', '2016-12-01', '2018-12-01', 'PERSONAL', NULL, '0984249031'),
(446, 610, 'AUXILIAR DE LIMPIEZA', 'SMC CONSTRUCCIONES', '2016-12-01', '2018-12-01', 'PERSONAL', '5c3514de2315e.jpg', '0984249031'),
(447, 615, 'AUXILIAR DE LIMPIEZA', '•	REVELSERVI', '2012-09-01', '2016-09-01', 'Finalizacion de contrato', NULL, NULL),
(448, 606, 'atencion al cliente y limpieza de oficinas', 'serviza electrolux', '2007-04-01', '2008-04-01', 'sierre de la empresa', '5c3759a5136ba.pdf', NULL),
(449, 627, 'Limpieza', 'Monica Miño', '2000-01-01', '2004-01-01', 'por embarazo de 3er hijo', NULL, '022529790'),
(450, 635, 'asistente de credito', 'banco solidario', '2015-11-01', '2017-09-01', NULL, NULL, NULL),
(451, 631, 'Auxiliar de Limpieza', 'Familia Cano Montenegro', '2014-07-01', '2018-07-01', 'Incomprension con niños', NULL, '0987508051'),
(452, 641, 'EMPLEADA DOMESTICA', 'CASA FAMILIA SEMPERTEGUI SANCHEZ', '2017-02-01', '2018-09-01', 'rregreso la otra empleada', NULL, '0999409898'),
(453, 641, 'EMPLEADA DOMESTICA', 'CASA FAMILIA SEMPERTEGUI SANCHEZ', '2017-02-01', '2018-09-01', 'rregreso la otra empleada', NULL, '0999409898'),
(454, 648, 'Bodeguero', 'Calzado Infante', '2009-04-01', '2010-09-01', 'Cierre de la Empresa', NULL, NULL),
(455, 648, 'Auxiliar de Limpieza', 'LABORATORIO ECUAAMERICAN', '2010-02-01', '2015-05-01', 'Reduccion de Personal', NULL, NULL),
(456, 650, 'Empleada DOMESTICA', 'VILLA CLUB', '2017-04-01', '2019-02-01', 'Problemas economicos', NULL, '0984562893'),
(457, 653, 'AUXILIAR DE LIMPIEZA', 'PILAR SORIA', '2017-04-01', '2018-12-01', 'TERMINO DEL CONTRATO', NULL, '3118303'),
(458, 658, 'limpieza', 'complehaus', '2013-02-01', '2018-02-01', 'cierre de la empresa', NULL, '0984495648'),
(459, 662, 'resepcionista anfitriona', 'union  taxistas', '2009-08-01', '2014-07-01', 'cierre empresa', NULL, '2645-645'),
(460, 662, 'resepcionista anfitriona', 'intercontinental', '2014-12-01', '2019-02-01', 'otra  ingreso para  mis  hijos', NULL, '2961000'),
(461, 664, 'Cajera', 'Comisariato taps', '1985-05-01', '1988-06-01', 'Cerraron la empresa', NULL, NULL),
(462, 664, 'Supervisora', 'Mi comisariato', '1989-11-01', '1990-05-01', 'Culmino contrato', NULL, NULL),
(463, 664, 'Secretaria de gerencia y recepcion', 'Centro clinico quirurgico', '1992-03-01', '2000-04-01', 'Viaje al exterior', NULL, NULL),
(464, 664, 'Administrativo Inspeccion primaria', 'Colegio Francisca de las llagas', '2007-03-01', '2016-07-01', 'Culmino contrato', NULL, NULL),
(465, 665, 'Empleada Domestica', 'EXPLOFRAC', '2014-08-01', '2017-11-01', 'POR CALAMIDAD DOMESTICA', NULL, '0991927054'),
(467, 672, 'auxiliar de limpieza hospitalaria', 'Dymaseo S.A.', '2016-07-01', '2016-12-01', 'sueldo', '5c783ac952be1.jpg', NULL),
(468, 672, 'supervisora y auxiliar de limpieza y desinfecciones hospitalarias', 'asociación de servicios de limpieza del futuro "ASOSERLUT"', '2017-06-01', '2018-09-01', 'distancia', '5c783b5a87436.jpg', '0958730883'),
(469, 678, 'EMPLEADA DOMESTICA', 'PURIFICACION REVELO', '2013-02-01', '2016-03-01', 'INSUFICIENCIA DE FONDOS DEL EMPLEADOR', NULL, '0999825002'),
(470, 678, 'EMPLEADA DOMESTICA', 'CATALINA RINCON', '2016-07-01', '2018-02-01', 'CAMBIO DE EMPLEADA PUERTAS A DENTRO', NULL, '0983123123'),
(471, 459, 'Empleada', 'Quinta ¨Pondville¨', '2003-04-01', '2017-12-01', 'Venta del inmueble', NULL, NULL),
(472, 679, 'LIMPIEZA', 'OTRO', '2017-05-01', '2017-10-01', 'ESTUDIO', NULL, '0969192747'),
(473, 680, 'Auxiliar de limpieza', 'J.d mantenimiento', '2014-02-01', '2018-09-01', 'Renuncia', NULL, '02270744'),
(474, 681, 'Recepcinista- camarera', 'Luna Runtun Adventure Spa', '2013-04-01', '2015-09-01', 'Calamidad domestica', NULL, '034787221'),
(475, 682, 'Limpieza', 'Familiar', '2006-05-01', '2017-03-01', NULL, NULL, '3893059'),
(476, 683, 'Empleada Domestica (Limpieza)', 'Power Systems', '2008-05-01', '2019-01-01', 'Renuncia voluntaria', NULL, '2396708'),
(477, 685, 'EDUCADORA', 'GUARDERIA NUEVO AMANRCER', '2015-04-01', '2017-03-01', 'SUELDO BAJO', NULL, '0979115467'),
(478, 685, 'LIMPIESA DE CASA', 'LIMPIESA DE CASA', '2016-08-01', '2018-04-01', 'SIN ASEGURAR Y BAJO SUELDO', NULL, '0981956707'),
(479, 688, 'Auxiliar de limpieza', 'Estudio Jurídico', '2017-02-01', '2018-03-01', 'Término de contrato', '5c86d4978e944.jpg', '2569334'),
(480, 688, 'Auxiliar de limpieza', 'Edificio Benalcázar 1000 - Oficina 607', '2016-03-01', '2016-11-01', 'Término de contrato', '5c86d6b0edda3.jpg', NULL),
(482, 688, 'Auxiliar de limpieza', 'Conjunto Casales Alegría - Casa 22', '2010-01-01', '2016-06-01', 'Término de contrato', '5c86d8be83b61.jpg', '2291410 / 0999725689'),
(483, 694, 'Empleada domestica', 'Domicilio', '2001-01-01', '2003-01-01', 'Jefa se fue al extranjero', NULL, NULL),
(484, 694, 'Empleada domestica', 'Domicilio', '2005-02-01', '2009-05-01', NULL, NULL, NULL),
(485, 694, 'Empleada domestica', 'Domicilio', '2009-06-01', '2016-04-01', 'Motivos personales', NULL, '0999813821'),
(486, 693, 'AUXILIAR DE COCINA', 'GUAGUA CENTRO INFANTL', '2017-12-01', '2019-02-01', 'El horario de trabajo extendido hasta mas de 8 horas en el día no permitían que me ocupe de mis estudios. Así mismo sábados o domingos tenía que hacer labores de la cocina', NULL, NULL),
(487, 631, 'Asistente Dental', 'Clinica Odontológica del Dr Fernando Sandoval', '2010-06-01', '2011-01-01', 'Porque laboraba tiempo completo y necesitaba trabajar medio tiempo', NULL, '0987925642'),
(488, 631, 'Asistente Dental', 'Clinica Odontológica del Dr Fernando Sandoval', '2012-01-01', '2013-09-01', 'Porque mi jefa viajo al Exterior', NULL, '0987925642'),
(489, 670, 'Servicios generales', 'Azucena Alcivar', '2016-01-01', '2016-08-01', 'Temporal', '5c950f410e498.jpg', '22431368'),
(490, 705, 'LIMPIEZA DE OFICINAS', 'ECUATORIANA INDUSTRIAL TERMOVAL', '2014-10-01', '2018-06-01', 'DESCANSO POR MI EMBARAZO A TERMINO', NULL, '0998780839'),
(491, 705, 'SUPERVISORA DE TRANSPORTE ESCOLAR', 'JUAN PULLAS JARDIN "MERCEDES NOBOA"', '2015-09-01', '2019-01-01', 'SIGO TRABAJANDO', NULL, '0999668299'),
(492, 705, 'LIMPIEZA DE CASA', 'LIC. JUANA BOLAÑOS', '2015-10-01', '2019-03-01', 'SIGO TRABAJANDO ES UN TRABAJO CADA 15 DIAS EL DIA DOMINGO', NULL, '0999721755'),
(493, 717, 'LIMPIEZA', 'EMBUTIDOS DON LUIS', '2017-01-01', '2019-04-01', 'BUSCAR NUEBOS EXPERIENCIAS LABORALES', NULL, '023151404'),
(494, 718, 'Cajera', 'Cyber Kyrios', '2016-03-01', '2018-03-01', 'Cambio de domicilio', NULL, '000000'),
(495, 715, 'Coordinadora', 'ASOSERLIBLA', '2018-02-01', '2018-05-01', 'TERMINO EL CONTRATO', '5ca23d3abb736.pdf', NULL),
(496, 715, 'Coordinadora', 'LIMPABSO', '2017-02-01', '2018-02-01', 'TERMINO EL CONTRATO', NULL, '09997144662'),
(497, 721, 'atencion al cliente', 'Farmacias Meditotal', '2017-11-01', '2018-10-01', 'renuncie por irme fuera del pais', NULL, NULL),
(498, 721, 'atencion al cliente', 'tiendas morec 2', '2015-05-01', '2015-09-01', 'motivos familiares', NULL, NULL),
(499, 721, 'atencion al cliente', 'restaurant la Giraldilla', '2018-01-01', '2018-02-01', 'cerraron el local', NULL, NULL),
(500, 721, 'limpieza', 'hogar de familia', '2018-12-01', '2019-02-01', 'renuncie', NULL, NULL),
(501, 722, 'Auxiliar de limpieza', 'Administracion zonal Manuela Saenz', '2016-01-01', '2016-12-01', 'Termino de contrato', NULL, '0960543760'),
(502, 727, 'Niñera Doméstica', 'Familia Solano', '2018-12-01', '2019-01-01', 'Renuncia', NULL, '0996591015'),
(503, 727, 'Niñera Doméstica', 'Familia Nolivos Muñoz', '2018-01-01', '2018-06-01', 'Mudanza a otra provincia', NULL, '0995432513'),
(504, 727, 'Mesera-Ayudante de cocina', 'Restaurante Casa Blanca', '2018-06-01', '2018-12-01', 'Renuncia', NULL, '052310412 0996986593'),
(505, 727, 'Mesera Polifuncional', 'Bocadillos de Jessica', '2018-12-01', '2019-03-01', 'Mudanza a otra provincia', NULL, '0982777840'),
(506, 736, 'AUXILIAR DE LIMPIEZA', 'FIT BODY FITNNES CLUB', '2014-04-01', '2016-03-01', 'PERSONALES', NULL, '0987679777'),
(507, 741, 'ayudante de cosina', 'restaurante la esquina', '2015-02-01', '2017-03-01', 'cambio a la cuidad', NULL, '0982607908');

-- --------------------------------------------------------

--
-- Table structure for table `horario_trabajo`
--

CREATE TABLE IF NOT EXISTS `horario_trabajo` (
  `id` int(11) NOT NULL AUTO_INCREMENT,
  `nombre` varchar(255) COLLATE utf8_unicode_ci DEFAULT NULL,
  PRIMARY KEY (`id`)
) ENGINE=InnoDB  DEFAULT CHARSET=utf8 COLLATE=utf8_unicode_ci AUTO_INCREMENT=6 ;

--
-- Dumping data for table `horario_trabajo`
--

INSERT INTO `horario_trabajo` (`id`, `nombre`) VALUES
(1, 'De lunes a viernes'),
(2, 'Fines de semana'),
(3, 'Medio tiempo mañana'),
(4, 'Medio tiempo tarde'),
(5, 'Tiempo completo');

-- --------------------------------------------------------

--
-- Table structure for table `idiomas`
--

CREATE TABLE IF NOT EXISTS `idiomas` (
  `id` int(11) NOT NULL AUTO_INCREMENT,
  `nombre` varchar(100) COLLATE utf8_unicode_ci DEFAULT NULL,
  PRIMARY KEY (`id`)
) ENGINE=InnoDB  DEFAULT CHARSET=utf8 COLLATE=utf8_unicode_ci AUTO_INCREMENT=4 ;

--
-- Dumping data for table `idiomas`
--

INSERT INTO `idiomas` (`id`, `nombre`) VALUES
(1, 'Ingles'),
(2, 'Frances'),
(3, 'Español');

-- --------------------------------------------------------

--
-- Table structure for table `intereses`
--

CREATE TABLE IF NOT EXISTS `intereses` (
  `id` int(11) NOT NULL AUTO_INCREMENT,
  `nombre` varchar(255) COLLATE utf8_unicode_ci DEFAULT NULL,
  PRIMARY KEY (`id`)
) ENGINE=InnoDB  DEFAULT CHARSET=utf8 COLLATE=utf8_unicode_ci AUTO_INCREMENT=7 ;

--
-- Dumping data for table `intereses`
--

INSERT INTO `intereses` (`id`, `nombre`) VALUES
(2, 'Cocinero/a'),
(3, 'Empleada Domestica'),
(4, 'Niñera'),
(5, 'Limpieza / Servicios complementarios'),
(6, 'Mensajero');

-- --------------------------------------------------------

--
-- Table structure for table `licencia`
--

CREATE TABLE IF NOT EXISTS `licencia` (
  `id` int(11) NOT NULL AUTO_INCREMENT,
  `tipo` varchar(50) COLLATE utf8_unicode_ci DEFAULT NULL,
  PRIMARY KEY (`id`)
) ENGINE=InnoDB  DEFAULT CHARSET=utf8 COLLATE=utf8_unicode_ci AUTO_INCREMENT=9 ;

--
-- Dumping data for table `licencia`
--

INSERT INTO `licencia` (`id`, `tipo`) VALUES
(1, 'No profesional tipo A (motos)'),
(2, 'No profesional tipo B'),
(3, 'No profesional tipo F'),
(4, 'Profesional tipo A1'),
(5, 'Profesional tipo C'),
(6, 'Profesional tipo C1'),
(7, 'Profesional tipo D'),
(8, 'Profesional tipo D1');

-- --------------------------------------------------------

--
-- Table structure for table `pais`
--

CREATE TABLE IF NOT EXISTS `pais` (
  `id` int(11) NOT NULL AUTO_INCREMENT,
  `nombre` varchar(100) COLLATE utf8_unicode_ci DEFAULT NULL,
  PRIMARY KEY (`id`)
) ENGINE=InnoDB  DEFAULT CHARSET=utf8 COLLATE=utf8_unicode_ci AUTO_INCREMENT=6 ;

--
-- Dumping data for table `pais`
--

INSERT INTO `pais` (`id`, `nombre`) VALUES
(1, 'Ecuador'),
(2, 'Colombia'),
(3, 'Venezuela'),
(4, 'Cuba'),
(5, 'Perú');

-- --------------------------------------------------------

--
-- Table structure for table `raza`
--

CREATE TABLE IF NOT EXISTS `raza` (
  `id` int(11) NOT NULL AUTO_INCREMENT,
  `nombre` varchar(255) COLLATE utf8_unicode_ci DEFAULT NULL,
  PRIMARY KEY (`id`)
) ENGINE=InnoDB  DEFAULT CHARSET=utf8 COLLATE=utf8_unicode_ci AUTO_INCREMENT=5 ;

--
-- Dumping data for table `raza`
--

INSERT INTO `raza` (`id`, `nombre`) VALUES
(1, 'Mestizo'),
(2, 'Indigena'),
(3, 'Afroamericano'),
(4, 'Blanco');

-- --------------------------------------------------------

--
-- Table structure for table `religion`
--

CREATE TABLE IF NOT EXISTS `religion` (
  `id` int(11) NOT NULL AUTO_INCREMENT,
  `nombre` varchar(100) COLLATE utf8_unicode_ci DEFAULT NULL,
  PRIMARY KEY (`id`)
) ENGINE=InnoDB  DEFAULT CHARSET=utf8 COLLATE=utf8_unicode_ci AUTO_INCREMENT=6 ;

--
-- Dumping data for table `religion`
--

INSERT INTO `religion` (`id`, `nombre`) VALUES
(1, 'Católica'),
(2, 'Cristiano'),
(3, 'Testigo de Jehova'),
(4, 'Ateo'),
(5, 'Otro');

-- --------------------------------------------------------

--
-- Table structure for table `responsabilidades`
--

CREATE TABLE IF NOT EXISTS `responsabilidades` (
  `id` int(11) NOT NULL AUTO_INCREMENT,
  `nombre` varchar(255) COLLATE utf8_unicode_ci DEFAULT NULL,
  PRIMARY KEY (`id`)
) ENGINE=InnoDB  DEFAULT CHARSET=utf8 COLLATE=utf8_unicode_ci AUTO_INCREMENT=5 ;

--
-- Dumping data for table `responsabilidades`
--

INSERT INTO `responsabilidades` (`id`, `nombre`) VALUES
(1, 'Cuida mascotas'),
(2, 'Cuida bebes de 0 a 24 meses'),
(3, 'Cuida niños de 2 a 12 años'),
(4, 'Cuida adultos mayores');

-- --------------------------------------------------------

--
-- Table structure for table `sector_vivienda`
--

CREATE TABLE IF NOT EXISTS `sector_vivienda` (
  `id` int(11) NOT NULL AUTO_INCREMENT,
  `nombre` varchar(255) COLLATE utf8_unicode_ci DEFAULT NULL,
  PRIMARY KEY (`id`)
) ENGINE=InnoDB  DEFAULT CHARSET=utf8 COLLATE=utf8_unicode_ci AUTO_INCREMENT=5 ;

--
-- Dumping data for table `sector_vivienda`
--

INSERT INTO `sector_vivienda` (`id`, `nombre`) VALUES
(1, 'Norte'),
(2, 'Centro'),
(3, 'Sur'),
(4, 'Fuera de la ciudad / Valles');

-- --------------------------------------------------------

--
-- Table structure for table `sexo`
--

CREATE TABLE IF NOT EXISTS `sexo` (
  `id` int(11) NOT NULL AUTO_INCREMENT,
  `nombre` varchar(50) COLLATE utf8_unicode_ci DEFAULT NULL,
  PRIMARY KEY (`id`)
) ENGINE=InnoDB  DEFAULT CHARSET=utf8 COLLATE=utf8_unicode_ci AUTO_INCREMENT=3 ;

--
-- Dumping data for table `sexo`
--

INSERT INTO `sexo` (`id`, `nombre`) VALUES
(1, 'Masculino'),
(2, 'Femenino');

-- --------------------------------------------------------

--
-- Table structure for table `signo_zodiaco`
--

CREATE TABLE IF NOT EXISTS `signo_zodiaco` (
  `id` int(11) NOT NULL AUTO_INCREMENT,
  `nombre` varchar(100) COLLATE utf8_unicode_ci DEFAULT NULL,
  PRIMARY KEY (`id`)
) ENGINE=InnoDB  DEFAULT CHARSET=utf8 COLLATE=utf8_unicode_ci AUTO_INCREMENT=14 ;

--
-- Dumping data for table `signo_zodiaco`
--

INSERT INTO `signo_zodiaco` (`id`, `nombre`) VALUES
(1, 'Escorpion'),
(2, 'Libra'),
(3, 'Aries'),
(4, 'Leo'),
(5, 'Sagitario'),
(6, 'Tauro'),
(7, 'Virgo'),
(8, 'Capricornio'),
(9, 'Géminis'),
(11, 'Acuario'),
(12, 'Cáncer'),
(13, 'Piscis');

-- --------------------------------------------------------

--
-- Table structure for table `tipo_sangre`
--

CREATE TABLE IF NOT EXISTS `tipo_sangre` (
  `id` int(11) NOT NULL AUTO_INCREMENT,
  `nombre` varchar(100) COLLATE utf8_unicode_ci DEFAULT NULL,
  PRIMARY KEY (`id`)
) ENGINE=InnoDB  DEFAULT CHARSET=utf8 COLLATE=utf8_unicode_ci AUTO_INCREMENT=10 ;

--
-- Dumping data for table `tipo_sangre`
--

INSERT INTO `tipo_sangre` (`id`, `nombre`) VALUES
(1, 'O+'),
(2, 'O-'),
(3, 'A+'),
(4, 'A-'),
(5, 'B+'),
(7, 'B-'),
(8, 'AB+'),
(9, 'AB-');

-- --------------------------------------------------------

--
-- Table structure for table `tipo_trabajo`
--

CREATE TABLE IF NOT EXISTS `tipo_trabajo` (
  `id` int(11) NOT NULL AUTO_INCREMENT,
  `nombre` varchar(255) COLLATE utf8_unicode_ci DEFAULT NULL,
  PRIMARY KEY (`id`)
) ENGINE=InnoDB  DEFAULT CHARSET=utf8 COLLATE=utf8_unicode_ci AUTO_INCREMENT=4 ;

--
-- Dumping data for table `tipo_trabajo`
--

INSERT INTO `tipo_trabajo` (`id`, `nombre`) VALUES
(1, 'Tiempo completo'),
(2, 'Medio Tiempo'),
(3, 'Puertas adentro');

-- --------------------------------------------------------

--
-- Table structure for table `user`
--

CREATE TABLE IF NOT EXISTS `user` (
  `id` int(11) NOT NULL AUTO_INCREMENT,
  `username` varchar(255) COLLATE utf8_unicode_ci DEFAULT NULL,
  `email` varchar(255) COLLATE utf8_unicode_ci DEFAULT NULL,
  `password` varchar(255) COLLATE utf8_unicode_ci NOT NULL,
  `role` varchar(255) COLLATE utf8_unicode_ci DEFAULT NULL,
  `estado` tinyint(1) DEFAULT NULL,
  PRIMARY KEY (`id`)
) ENGINE=InnoDB  DEFAULT CHARSET=utf8 COLLATE=utf8_unicode_ci AUTO_INCREMENT=746 ;

--
-- Dumping data for table `user`
--

INSERT INTO `user` (`id`, `username`, `email`, `password`, `role`, `estado`) VALUES
(17, 'isat', 'itobar@prohogar.com.ec', '$2y$04$RFs3t8GsS4iBfVpJy/qr4ufl05aptENo9qVO.iDfWZeazhWZcSCXW', 'ROLE_ADMIN', 1),
(18, 'Nicole Ramirez', 'stefynik73@gmail.com', '$2y$04$u4g77e4AXWunWUMoxIjGe.UcNer4etigcWwm3gv/v6TLRGGpM1qr6', 'ROLE_USER', 1),
(19, 'Aida Sevilla', 'aidasevilla23@hotmail.com', '$2y$04$tweu.s19azIwNr1i.EU5neDu/wBM1mDgCaivE6Yqq9qR7iRICMRA6', 'ROLE_USER', 1),
(20, 'anicoral', 'azulita-1112@hotmail.com', '$2y$04$uryZklXHJCf/j8yS/h5F2uQrPXm5NeL8JgEq/lXOga1Ozlkcpuz0u', 'ROLE_USER', 1),
(21, 'Maria', 'magusaraujo@hotmail.com', '$2y$04$5cH/7kEMdbdD9Tgc2qV0W.PiJKMwq3IpKg7ZqLtCXmIGPPpSve/6S', 'ROLE_CLIENTE', 1),
(25, 'paula', 'paula@gmail.com', '$2y$04$YOOZ0.eZWKW.81MG9oOvvOSvfYAs9M2hgvYcuFjzXhyX.kkoyzZYG', 'ROLE_ADMIN', 1),
(26, 'Selena Folleco', 'sexisensual-baby@hotmail.com', '$2y$04$P9SOTAa874igKGUttuhqReP1JeG14YdjOCgrdTHWwFkUvb0c4ggFm', 'ROLE_USER', 1),
(27, 'Deyen', 'deyen265@gmail.com', '$2y$04$jlLW8AKkKeirvQYockn.Z.mDTX8q4wCUM5Py7d7u5lbTe8jEbhFlK', 'ROLE_USER', 1),
(28, 'Pruebaisa', 'sjaramillo@prohogar.com.ec', '$2y$04$Z07JkkUhdWEdBQCXtPhc2.6EMg3HfRSnb68Q4h5IPOY04fibOWNCS', 'ROLE_USER', 1),
(29, 'Pruebaisa1', 'josue.vinueza.tobar@gmail.com', '$2y$04$0JYVC48MXDquxX7XHQoXwOl/8BUOLM1FT5JPHN7WNtsKFeX1KmXhe', 'ROLE_USER', 1),
(30, 'Isabella', 'ftroya@prohogar.com.ec', '$2y$04$pszq5hemzmILbO5uEj3JkeAvbsMMC3uSs7MfCmgJXYQYBB.2UXAXu', 'ROLE_CLIENTE', 1),
(31, 'juanitourquiza', 'juanitourquiza@gmail.com', '$2y$04$gKVGwOzMhrFPhAYxy4ygKulwAFDfjQJZVLt.Pez/PKfBukUg90pni', 'ROLE_USER', 1),
(32, 'juan', 'j@hackeruna.com', '$2y$04$8gqAc9/qVELMgeYnsp3uCepWhEWAc6JOnMWH5BzJRKb.XLIuli9gG', 'ROLE_CLIENTE', 1),
(33, 'Blanquita', 'blanquitabon6@gmail.com', '$2y$04$rAv/MnZ6W72myOoiTIhcf.UAwpEtCeji/83nnCevD/xq06K1eNcI.', 'ROLE_USER', 1),
(34, 'XIMENA SANCHEZ', 'joel_09carrera@hotmail', '$2y$04$WhMC.A7bWoCXiY9SZ0G4M.uYnqqB4/JChmYzpNtwWmKC3Y4TQbI1y', 'ROLE_USER', 1),
(35, 'Richard Blanco', 'richard194lozada@gmail.com', '$2y$04$CHXJQy9I61JNvZEgS23NE.2/MvHp/ifJ1Lau1wp6ADKSZ.1.m.Ha.', 'ROLE_CLIENTE', 1),
(36, 'belen m adrid', 'belenmadrid91@outlook.es', '$2y$04$PwSTg41gxj6w0pkLSp8mlOFOs9.Lp/ydfmYtGAMx3zPoEDClnUevG', 'ROLE_USER', 1),
(37, 'Carlitax', 'carlacjimenezg@gmail.com', '$2y$04$CvHNCT2tkBklV..bnk/wxubRuspgcP8qWUfVpiVRU.1E2p2pl6DOW', 'ROLE_USER', 1),
(38, 'Narcisa Llumiquinga', 'miguetorres0787@gmail.com', '$2y$04$3ON73C5F3Uj6lWanxTf0PeAMc9X01WziFwdO6346OctRoLGaCfWRm', 'ROLE_USER', 1),
(39, 'Narcisa Llumiquinga', 'chimy_mac@hotmail.com', '$2y$04$neSnhASshELocvL4.R6JAelby4VXdENBMhT70yzRRsCpmZCS3jrAa', 'ROLE_USER', 1),
(40, 'joseduardozumbanadiaz', 'josedu81@hotmail.com', '$2y$04$ADxf8WCGC2Jo660apP1P1OB3TXPiMtDcUxxfaaATLVSZVRaR/r38q', 'ROLE_CLIENTE', 1),
(41, 'Doménika', 'dome_sahii@hotmail.com', '$2y$04$md2EIYp3dFu2LM0gFs2tgeJbpHwEa8ueAQAUb/0b2YQrsVpGaq306', 'ROLE_USER', 1),
(42, 'carlosecl420', 'carlosecl_420@hotmail.com', '$2y$04$Pv//YDDsONWBCkuVIgJNNO0X7bOnKxWTJhQ182S.1FEqaA7kGfrq2', 'ROLE_USER', 1),
(43, 'Victoria Galeas', 'vickygaleas1@hotmail.com', '$2y$04$rZqj2J6R/.jA1xPc/aOPjO0eQUhELjm8LYDejg2VdaaG4W4rnQzd.', 'ROLE_USER', 1),
(44, 'Mirian Fernandez', 'mirian-fernandez25@hotmail.com', '$2y$04$t9jCIhicyO.0c4dIyZmmI.sPQyUnPGYvJM3EvBNxAKy0zK83P2.ke', 'ROLE_CLIENTE', 1),
(45, 'Paola barroso', 'paolabarroso52@gmail.com', '$2y$04$oJEyQsSZ0pVbswBHeY9WCOucS81lDx2U3tTMWh2iv57zWBvs.OSxW', 'ROLE_USER', 1),
(46, 'Jaureli', 'videobegins@gmail.com', '$2y$04$HJ1uyDj1qfB6ncmaab7iWuJjL/xmNLpnJrLOLY9A9t7O7rnrVkAPG', 'ROLE_CLIENTE', 1),
(47, 'Nelly Simbaña', 'nellymarisol1993@hotmail.com', '$2y$04$tmzdCRi7d8TGpM0TAXWLL.p8sUJP.GtgsE1h4xefz.o7Z7ZOujhlu', 'ROLE_USER', 1),
(48, 'Stefanny Silva Rivera', 'stefanny_molinerita@hotmail.es', '$2y$04$VUdbhtP7HHI5HHx9/oghj.5mdwKwqm.HfHPIei89V3i.88qcf.sUW', 'ROLE_USER', 1),
(49, 'Verónica Sánchez', 'vero_sanchezrosas@hotmail.com', '$2y$04$EurZ75sFt5ByDsWqCNogheUmbPi/Z8yLWqS2aR23mAg/WnVjLorxC', 'ROLE_CLIENTE', 1),
(50, 'maria collaguazo', 'collaguazop7@gmail.com', '$2y$04$HtQQGeW2d7WhHI1FyP3ssOvz8N9FGDf2AnwtmHBQg1WU0.jBh7/7O', 'ROLE_USER', 1),
(51, 'dgmedina', 'dmedina@prohogar.com.ec', '$2y$04$O3QiXyGVI99SCy846qG1Eewg/EijMNy4rLgvjiZ3hF2zDFivI59kS', 'ROLE_USER', 1),
(52, 'Cecilia Quilumbaquin', 'cecylu74@hotmail.com', '$2y$04$t6GPHz7tC6WZh7aA884jjO1kcbuT5iqaQ6tY2cG1v4EOlTtHM2uwa', 'ROLE_USER', 1),
(53, 'jose guaman', 'jeguamanc29@gmail.com', '$2y$04$JA2afbnq.e4iP/6jsXnjtuzqR7dqZWgY2zzZVfbnJh97vqDJxi2Cu', 'ROLE_USER', 1),
(54, 'Mercedes Ortega', 'joha.estefy22@hotmail.com', '$2y$04$ufzyZ4hwe1GbG8ENK/fMRO2KzajpG69EvdwbRBqtwZLJeHOQO2WTi', 'ROLE_USER', 1),
(55, NULL, NULL, '$2y$04$KQxmc8sRQY9InpaXoWQUcerFOLcZNEYtLdEe.ZxCnwmnY.46Y7JAO', 'ROLE_USER', 1),
(56, 'wilo', 'vampirito515@hotmail.com', '$2y$04$K1SlBL.NU7xw4QhH/j4lx.fbxJ9osPkqp/O74WOOLE3nLzT9vh5rS', 'ROLE_USER', 1),
(57, 'Ana Suarez', 'anitasuarez7854@gmail.com', '$2y$04$xQw0AwsI1PVYn4YhpWOdbunKjaYYF2SGEz4X0Qe/hOCV6LfwRspx6', 'ROLE_USER', 1),
(58, 'Alexandra Pineda', 'veronicaalexandra1980@gmail.com', '$2y$04$F11bOzZ.FE2uFP8gfWuLzukL3V0.WDsZciqPY8CA0AQvuV5gEbMCu', 'ROLE_USER', 1),
(59, 'jesenia', 'jesenia.quilca@gmail.com', '$2y$04$b1RyoTWiM2JoIJjEVWi9V.EGPNgCJqQoVQlkxclZjNuIlYVfPbhDG', 'ROLE_USER', 1),
(60, 'Georgina Logaña', 'geito_0906@hotmail.com.ar', '$2y$04$8Io0PJ/9.FXIOaBQmGGDNuymoKFACdN9LYUParq9KfZtb1Elk/VAu', 'ROLE_USER', 1),
(61, 'Mary Varela', 'luisteven09@hotmail.com', '$2y$04$rh0TghiwFUxGVt4ei2DlFeATyHEMA27NIcyMFh4tbWgqKs4gr6FyG', 'ROLE_USER', 1),
(62, 'Estefanía Anangono', 'steffmell4@gmail.com', '$2y$04$m2AvcGkn8s0tIemqtp7dw.mL3vbBrLQx2YALQbDNrs1dxRKgn06Ji', 'ROLE_USER', 1),
(63, 'BLANCA NARANJO', 'blancanaranjosalazar@hotmail.com', '$2y$04$m9sDDUjVhuWGYzZ8UANk2OVvWQ1yExAemfUMslYszZ.lvdtq5LsKm', 'ROLE_USER', 1),
(64, 'olga', 'olgamuenala946@hotmail.com', '$2y$04$HxmcxUcqEX/.IDggG.6QIeqolxIADvLoY6nh/VyX4jFZOwlm7yERG', 'ROLE_USER', 1),
(65, 'Daisy moreno', 'daisyjosefinamoreno@gmail.com', '$2y$04$3QqFpslnXad6HowV/rf24u1ySDv8jEbTso6dQ7dSC8dFniK2uu8uW', 'ROLE_USER', 1),
(66, 'marjorie', 'belenito89@gmail.com', '$2y$04$DGzL2TPeDMVOPbGKxPe.cubTTHUKX3fSTRxMiMlHlXL5rfrqEhN4W', 'ROLE_USER', 1),
(67, 'LUIS MANUEL CHUSIN', 'luischusin1989@gmail.com', '$2y$04$0P1HQ28RvI7H7bWLXFSMleQu4cc5F0OcoO93pbMuRvIwKRZ5clPbC', 'ROLE_USER', 1),
(68, 'yuneris', 'yunerisg@gmail.com', '$2y$04$ZsKiCkaPKqVIUR9TBu4oZOO3JYmfkKsAAec0O.DuRSbwqrsmBpcKC', 'ROLE_USER', 1),
(69, 'LETICIA QUITO', 'fannyleticia10@yahoo.es', '$2y$04$Ny0RNFlQEFUpyP2BMeuZyOdbwG2aG.lgq7hyC.7zyWWYT1a/hB002', 'ROLE_USER', 1),
(70, 'Sandra Jeaneth', 'viracochasandra@yahoo.es', '$2y$04$I5xn3oZzvvQnKYovyfINXO5jrklMAhvmMvr0yuOJEP7d/xwMPRxVq', 'ROLE_USER', 1),
(71, NULL, 'sara_fda@hotmail.es', '$2y$04$v6noD/6jUUoZHlvtuBePXuNOUFHyMMDBjVE2i8.c27bT8Qc.KthQC', 'ROLE_USER', 1),
(72, 'Martha Perugachi', 'marthylucy1986@gmail.com', '$2y$04$Zb6lPhciAV2cSiCGqPwAlONYaOg6GbkUgmykdJy8hgCSwH6BKj6va', 'ROLE_USER', 1),
(73, 'Mary pupiales', 'maritza.pupiales94@gmail.com', '$2y$04$T8tSya/o2H57RKTUAcy7fetGQHyrpyh2B/XLUuHixUaAZSCaRpVI2', 'ROLE_USER', 1),
(74, 'Erica veintimilla', 'erica.veintimilla@gmail.com', '$2y$04$R9j4EtwkNSiknzFAVMf5oOJ95g4ysiNw6NrXvYDO3d4Z8vOOb2J2i', 'ROLE_USER', 1),
(75, 'Micaela Rogel', 'elizabeth0991446543@gmail.com', '$2y$04$nx4W8.e6QtpZlMurK0hclefhsl2.aWMCi2R9SUyh//W9cDN4N8cAe', 'ROLE_USER', 1),
(76, 'frromero', 'frromero@gmail.com', '$2y$04$ytAjvtySeYfes8KQWvbmOe3GAh0vyk7UaRTU/N/ZaCJ8sgAKHnin6', 'ROLE_USER', 1),
(77, 'Janeth', 'janethsaltos72@gmail.com', '$2y$04$YLZuMPf3pV7CuE3WQr4MDevbr.sCgsGhaCOpqH.6QFyty/Y16Y9lK', 'ROLE_USER', 1),
(78, 'Danay Rivero Trujillo', 'gilberticodanay2017@gmail.com', '$2y$04$k8K3PKlZHox0f5hq/Xzmleex2gDhgx5pYqc6dHt5yJnH/52FcDOtC', 'ROLE_USER', 1),
(79, 'Pedro Rodriguez', 'pedroroguezsanchez0@hotmail.com', '$2y$04$jhGAp8qnh/G9yPVCCirmIeH9oH.mCsWXGDOD/0XeVP3c92TOoQnCq', 'ROLE_USER', 1),
(80, 'Mariela del Rocío  Caiza Sánchez', 'marielacaiza1980@gmail.com', '$2y$04$o0j69Fgqzzkq6zwqZPgoPODEkonLE8fxRG/Rnjr.DJuu8N3S1AfmW', 'ROLE_USER', 1),
(81, 'Carmen Vela', 'elizabethvelarodriguez@hotmail.com', '$2y$04$ivPC3Hbny1WGt3yWhYBWReIQSwj2cvBL7oBmiS0RT6DFUccHpJuhS', 'ROLE_USER', 1),
(82, 'luislopez', 'luis05i@hotmail.com', '$2y$04$r1pOYSY.EiDL38Ep8KS3VeZrCHGOeIUgCyhX9opy9noEgKccIBPqu', 'ROLE_USER', 1),
(83, 'Nancy Elizabeth Chalco Yanez', 'nancyelizabeth_1981@hotmal.com', '$2y$04$bjK6/DrpbGR5S7h6Bu2WX.0mARRhu4Pa6o2zrLTI4/1qUAVCfTqTm', 'ROLE_USER', 1),
(84, 'Liliana jimenez', 'ely.jimenez.apraez@gmail.com', '$2y$04$K1xbi0b7JCWOa/870nYh.Orscz3dfkKDk15Y1jBk9GdVed3ZxHsgq', 'ROLE_USER', 1),
(85, 'JEANNETTE', 'jescobar0507@hotmail.com', '$2y$04$HBroWVBpsXwG8IbNsd6Aj.8kciDZcCHjfOdg4/RRnlYXb4bxgJLRm', 'ROLE_CLIENTE', 1),
(86, 'milly', 'doroty1983@hotmal.com', '$2y$04$jtx4JL4hf1JqW94G2am7T.v67DvJtTyumEuRVVBkWGRNLBl2J9Eo6', 'ROLE_USER', 1),
(87, 'CATAGÑA PONCE JUAN ENRIQUE', 'catagna.ponce@hotamil.com', '$2y$04$Zlp5WY.0LBGu/YocRXBVEuOgVX3ViUEu2SffJ2rjbdXo2ON1i36q6', 'ROLE_CLIENTE', 1),
(88, 'CATAGÑA PONCE JUAN ENRIQUE', 'catagna.ponce@hotmail.com', '$2y$04$1BdcbLG6Zn/ycJUfc3Zqb.R.sv.8xwPvoMinfgArQQTOhRz6u0UXG', 'ROLE_CLIENTE', 1),
(89, 'Maria Puma', 'mizhela_13@hotmail.com', '$2y$04$0K819OPUb3DRCozJfP3vfeD87yKy6U5.txG4bu/GahJSZSiXwwrZG', 'ROLE_USER', 1),
(90, 'ximena', 'tayrazulay@hotmail.es', '$2y$04$lvpcjfZICvfGtYdQZYB8D.iDVNqOumWXG.TI0cIocJECdFFvcyH6O', 'ROLE_USER', 1),
(91, 'Yolanda López', 'gorditabella2671@hotmail.com', '$2y$04$4StEFKgbBxdvibZm6QIK0.w0kb6FBsw2O.KnpA1yIDe1kG.t.8egW', 'ROLE_USER', 1),
(92, 'CELIA GRANDA', 'celita.1986@hotmail.com', '$2y$04$g2DditoYDyEUqhGnakSWJOcg1xLzQX605n2XascHa1zw08ed4Qq.a', 'ROLE_USER', 1),
(93, 'monica alexandra arcos', 'monicaarcos01@gmail.com', '$2y$04$HAXLCBPM4BnQHHUGN6LBFOiO5gERTqul9l9QkTEb9nFpoQ9z4.jhm', 'ROLE_USER', 1),
(94, NULL, 'amparitotib@hotmail.com', '$2y$04$zsRdlESuCkXlUxqEjULrZ...WqxSyEx94IhpPSIUtYY3k8PVFLPQq', 'ROLE_CLIENTE', 1),
(95, 'Luis Ramiro Martinez Tsuntzumachi', 'lewis_martinez1984@hotmail.com', '$2y$04$TT4onCNd2L.fhbXCZRPT4e5iZy6JNyx6UhC5hdtOyy5C.KZuGatNC', 'ROLE_USER', 1),
(96, 'Laura Reyes', 'lauracaro05@hotmail.com', '$2y$04$ewK.N1pODIyI03YLFrs1yejEaq1nSRZixh6F.wa/flTjV7F7SjzqW', 'ROLE_USER', 1),
(97, 'Gonzalo Acosta', 'ggacostag@hotmail.com', '$2y$04$zkfPYV6AoF.zN8xQsvsHM.bpianQ/2E.x1rFORL2OHGMzuylQKANG', 'ROLE_CLIENTE', 1),
(98, NULL, 'magalycc1030@gmail.com', '$2y$04$KijEIHTIBm0R6/yFrmDPCeA5iDB3xl/HK1CGHe/LHFHJaOlqleoHm', 'ROLE_USER', 1),
(99, 'Rosa Ponce', 'rosaponcer@outlook.com', '$2y$04$LHeOz.ByUpTnLLUSIDy3heGvsAIoIBNXj.CEuOtggWbnwvHj7QbLS', 'ROLE_USER', 1),
(100, 'Martha', 'marthachonera@hotmail.com', '$2y$04$AZa1liPCQV6wZHyATSI2LeLRNp2wojxh2xR7kmkpA5h.zpPd5t1zC', 'ROLE_USER', 1),
(101, 'Emma Muñoz', 'emma.munoz206@gmail.com', '$2y$04$0dAz6dEhvbXSSNE5cT4nIeBAriQg4qB/AuFKc5xcxtyf7216qrNKO', 'ROLE_USER', 1),
(102, 'Wendy Barreto', 'wendy.barreto206@gmail.com', '$2y$04$JNywsjjEBR7mk5hisU8AMeyvJJpfmpjW2vM.nAe/MQ2fLWiaCmU8K', 'ROLE_USER', 1),
(103, 'Alex Arrieta', 'alex.arrieta206@gmail.com', '$2y$04$ueuvJVvTGyaCwlBi2iHuFuvGKat3qVaueSLaqJMJrGBdVHZ2i8oCe', 'ROLE_USER', 1),
(104, 'sonia', 'sebastianaguiar52@gmail.com', '$2y$04$qT47lT1vOHzqjEw3/90/SOur0ys1SdRjjRWj7AQrwMOzpEtarqQIG', 'ROLE_USER', 1),
(105, 'Mariapila', 'isabelpozo1985@hotmail.com', '$2y$04$Y4q7n2YBHLHexyCn0HTNjOcWJUkJ2QIDFyatB4gognsIIANZ19dyO', 'ROLE_USER', 1),
(106, 'Veronica Toscano', 'grace79sweet@yahoo.com', '$2y$04$n3tudDykkZQnPtsIIoC5XeJIn6oz7Ik7Xvui6FKRq6bND9eHxssGm', 'ROLE_USER', 1),
(107, 'CATALINA C', 'catalina_alejandra@hotmail.com', '$2y$04$Qb9NcJTuri6UieI4e97DaOE9kyL3AoOtfkrJEw1.dRlUIf6O/vld.', 'ROLE_CLIENTE', 1),
(108, 'Yadira Parra', 'yadiparra1994@gmail.com', '$2y$04$M2LfrhHJ50HnWhpWu5SemuT/6Rlb1At9AWqEUFl5NFmAFxCi8WdzS', 'ROLE_USER', 1),
(109, 'Manuel Vazquez', 'tatyolisan@hotmail.com', '$2y$04$TpBw6x.SMDq8g8IgpLojL.tDvy4VN.fHNLn4FiXKCx1pZCJ31n2D.', 'ROLE_CLIENTE', 1),
(110, 'Julia Antonia Sanchez', 'juliaantoniasa5@gmail.com', '$2y$04$YJIsVJDZuLJ8rPU31vXo5O44llj3W3wb8UVoYQEw1ZWXx0vyfvNf2', 'ROLE_USER', 1),
(111, 'Moraima Hernandez', 'mora2910@hotmail.com', '$2y$04$muYqxB57YzVCpxaOM6lPc./kzSor/9LR1JNSZ4dLUog3H2tqSuwi2', 'ROLE_CLIENTE', 1),
(112, 'CesarTixe', 'cjtc.elchino7@gmail.com', '$2y$04$OqXQID8X/vek94r0frcE3.h/vhwPYAEbT7bsyKbhtQvUnetxIMaUC', 'ROLE_USER', 1),
(113, 'Karina Zambrano', 'karizambrano88@gmail.com', '$2y$04$Qv46W/WV4E90J/cOE1NNJOpCLCHD1hSWaUYMykzUc8x.DdZWDRIs6', 'ROLE_CLIENTE', 1),
(114, 'Esther Muñoz', 'munozesther044@gmail.com', '$2y$04$XWpv3UCpL4b0rgNZzmGXA.ipGeOpTHyBkpow4f6lhq31K.CyxxSKi', 'ROLE_USER', 1),
(115, 'OlgaGrefa', 'olgagrefa962@yahoo.com', '$2y$04$ITroissguIfbtfFfuJ/fVuwjNM.AX8HR/aH5evP/B13LLefTyapvK', 'ROLE_USER', 1),
(116, 'MARIELENA MARTINEZ GALEANO', 'sylviamaribel_martinezrevelo@ahoo.es', '$2y$04$WrzcbWjcAW5cRqHEl6YTkuHl8VSsbCIg7bB2rW0dy.RYgOgWwrLkG', 'ROLE_USER', 1),
(117, 'MARIELENA MARTINEZ GALEANO', 'sylviamaribel_martinezrevelo@Yahoo.es', '$2y$04$YGXm30wpH3LSiPLQinX68uF//E2ar6.Mbm/vhaxFfI1y2RXztYtr2', 'ROLE_USER', 1),
(118, 'Rebeka montalvan', 'rebekamontalvan@hotmail.com', '$2y$04$SLyFxvMNGipUQae7g18fLO/pt0IEYjNgGWwjIN16UhhgwkHGREqAi', 'ROLE_USER', 1),
(119, 'Patricia Alban', 'sandrialban@hotmail.com', '$2y$04$LrfRcJs3/yzjfAOWP5A/duULaBD/qlZGQ9taMBCm7swp.g6mt5Bu2', 'ROLE_USER', 1),
(120, 'jhonatanmark', 'jhonatanmark@gmail.com', '$2y$04$LjvVJwgDRB7xIvukAjMp9OiHw3HV4QZbvVxs6FiAt4gjZxfnuJ3Xu', 'ROLE_USER', 1),
(121, 'Yolanda Sigcha', 'la_verito@hotmail.it', '$2y$04$IyQj7rZb9/qwI.jm.iXvT.sN83qOAqilvodLd5eZuNuNbhcWy2sDe', 'ROLE_USER', 1),
(122, 'rosaortiz', 'rosao2624@gmail.com', '$2y$04$.4DaeDoM9HYVXV4t/lZaxeVbl4mqQJSrcPchdN/ClpXWCg1v9Bo0.', 'ROLE_USER', 1),
(123, 'nohemi santana', 'nohemi-castro@hotmail.com', '$2y$04$e/OfoU3TeiLU.5346QFtKOXCuIfqQz1SiLsh.Y5rrIUfN/1wiLDTK', 'ROLE_USER', 1),
(124, 'Norma Seymi Chicaiza Ulcuango', 'norma_chicaiza72@hotmail.com', '$2y$04$0ieUt0gZPAXTKuB9iUcah.ukxo4QhudT.FND3A53VLkKL3fbgy7AO', 'ROLE_USER', 1),
(125, 'Isabella', 'prohogar2014@gmail.com', '$2y$04$.s8x.9L20hvwgtdKTKK7nuwREfFw3luXDQ5DMw.FrFRHuVGrEdYUm', 'ROLE_CLIENTE', 1),
(126, 'paula1', 'paula1@gmail.com', '$2y$04$YHcEYpWLcScEyoHPrBpUNe.FeuAeUYO9x1t/qu/uN.A7xNAF3y1TW', 'ROLE_USER', 1),
(127, 'RUTH AEMIJOS', 'rutharmijos80@hotmail.com', '$2y$04$1cq8/YX1eh6BRiYsRQluWu.GpV3N0FXAAfOoMhYMN2tCJhfiRZz/6', 'ROLE_USER', 1),
(128, 'cecilia', 'cecilia240166@gmail.com', '$2y$04$NN.f/C1ehV/yM5rdCj71GOgQW2pF7q4s.gq2joi9oBl1SKsW.HQIW', 'ROLE_USER', 1),
(129, 'Doris  pincay', 'andrea_pynrey23@hotmail.com', '$2y$04$wLJHQ4EF/2ZMKprpwVVyE.B6tqPp6RAcmVJ4/S8byd/nWUUE9bLGq', 'ROLE_USER', 1),
(130, 'Rosa Puma', 'rosaanita_1975@hotmail.com', '$2y$04$ltY5ckC5bgzyaz0THRa/Ge/uh27vRDAXk5gOH.CWpwkZutogcVwRO', 'ROLE_USER', 1),
(131, 'Rosa Puma', 'rosaanita__1975@hotmail.com', '$2y$04$5irWQygiPW0B1v/ln9z4JuXSR1Sser0NwBa8q8VuutE3jJaRsjuzC', 'ROLE_USER', 1),
(132, 'luz marina', 'luz.marina1963@hotmail.es', '$2y$04$OV6ru2D3qeigT5kbsYr6Ue6KHDiaACK9xNx..x/khN7ze4aQsUzcu', 'ROLE_USER', 1),
(133, 'MIRIAN SANTACRUZ', 'DULCEELYPRINCESA@HOTMAIL.COM', '$2y$04$PCFcNRuZGHJsjP/DNaHnE.3orCvm5DWFAmk3I0mulocCkdjm3yAtq', 'ROLE_USER', 1),
(134, 'Yere', 'yerexaithocando1984@gmail.com', '$2y$04$cYcFPL7x8Z.dYzuetRnVeO8cgZFp90JXH5wT30fqUD764Ql0r5MAK', 'ROLE_USER', 1),
(135, 'fabiolayar64', 'jona562009@hotmail.com', '$2y$04$HClNCArqAcxE.3bp53.WvOg6wP34b.BYl.hWuHw6ud0qf23a457Mm', 'ROLE_USER', 1),
(136, 'Nelly Toapanta', 'carlostonato8033@hotmail.com', '$2y$04$cTfpsu2FWNR2esItrgMece9XDtOZ9pJw5LoDyFSNYxMgskb0Ppv4a', 'ROLE_CLIENTE', 1),
(137, 'JHON1982', 'chefcito31.jv@gmail.com', '$2y$04$8cFQqyc.ifxGmgZ0hB6sqebtGcqmniwqPV4Xa0QdCeX186oafVWG2', 'ROLE_USER', 1),
(138, 'Alex Sánchez', 'alexitosct-21@hotmail.com', '$2y$04$.c5MTKbgJilKAocI2XZfs.8felvGU6/cFrIz3SFFGutBQM8b1yj8O', 'ROLE_USER', 1),
(139, 'Richard Cobo', 'richard37cobo@gmail.com', '$2y$04$v981vOb1b50gJ18.EVHw3unre7AZEVp3QdGGkLJgQjUNE1YusU4mq', 'ROLE_USER', 1),
(140, 'Irene mero', 'irenemero17@gmail.com', '$2y$04$pIw1G760nZysHhXQ3Nl2QutUpwM32ezWYCV7gKVhxYO6Vf72Js47u', 'ROLE_USER', 1),
(141, 'richeilys gomez', 'richeilysgabriela02@gmail.com', '$2y$04$HHql1xUL.YNPLkukH94cGuqKHbQ1bPOIh0gDp/fh94jXsapm2ueaK', 'ROLE_USER', 1),
(142, 'Erickhacabrera', 'ectorrres@gmail.com', '$2y$04$YF.7.Dk/8Ee3CYZP1niDz.foyO1y94mpdf5CgLRpQmWCRJvXfdm9G', 'ROLE_USER', 1),
(143, 'jenny1', 'victor1_alex@yahoo.es', '$2y$04$2NES4VRaIyLWp8Z72i.UFuEXdgpe605io7JwTTCH93ulUdqKqiODK', 'ROLE_CLIENTE', 1),
(144, 'Rosa Haro', 'rosii_2015@outlook.es', '$2y$04$cmvwEaNlsdEsae5SOYbVq.1ybRazr51lcMq.xcrtpNs/G/u5.B5qW', 'ROLE_USER', 1),
(145, 'Victoria Pacheco', 'vik21@hotmail.com', '$2y$04$vVwjD6hFPVrrFsAGaLWj0.8VIbER94wrdASdrGSWPiJtEJhYOKm0e', 'ROLE_USER', 1),
(146, 'alberto_odreman', 'odremanalberto1991@gmail.com', '$2y$04$K4yiHvc9XoktRRtAbFoiJOb8v62X2v2wIgaZk3IBLwK.ahPlAm2rC', 'ROLE_USER', 1),
(147, 'Juan', 'jrfranco55@gmail.com', '$2y$04$5KSxHbONr9.zBAfLjSVgeuSfXiYJOYfVAiSrGnEjPOBHx95j3QoZG', 'ROLE_USER', 1),
(148, 'luisa perez', 'luisateresaperez68@gmail.com', '$2y$04$X1FbJ.iwQMCVq95qHKfp5.D0ORUIHkNdJueIYD9V5wYUO3ovTSgtG', 'ROLE_USER', 1),
(149, 'Martha Alcocer', 'maralco1965@outlook.com', '$2y$04$Z5QUa3q9imfqmuxoS48goON3czdjIjuy37SaMo7pVeTdnpLU4ki1C', 'ROLE_USER', 1),
(150, 'Blanca', 'blancajaramillo@hotmail.com', '$2y$04$Z3vP4a3RxgK/Z.6CErtBLOpx7iqUEC6XCmde76F.XIjX7IceQGpHu', 'ROLE_USER', 1),
(151, 'arbelis', 'arbelisarnos@gmail.com', '$2y$04$sH4M2dCoNd4IwSX99OIli.0DC5YVZIJ41XMNvN.0OCHtAbXNSSD6W', 'ROLE_USER', 1),
(152, 'John Alexander Chacón López', 'jhonmiko83@gmail.com', '$2y$04$4xowL6yNtizA8VoPP/Qfh.DM3Zi/UHMY3rJ3b.UlYhwe.s4jpiwou', 'ROLE_USER', 1),
(153, 'MARCIA ELIZABETH', 'marciasalcedo4@hotmail.com', '$2y$04$SfM8pLEzNVObm24mB6yOTuFqrCnawNY/2lNuNkZfRNFr7NsV0vdZy', 'ROLE_USER', 1),
(154, 'soledad gomez', 'johana_gomez1705@hotmail.com', '$2y$04$gQ9qBpQnpwil1hd4P63IQ.QI1xC5.z4fLY7CXwfiwkC268isbHskK', 'ROLE_USER', 1),
(155, 'margarita lopez', 'lopezalexandra74@hotmail.com', '$2y$04$f6o2Isp0uxvPpL2UYIxLLOFG6Qc5uYEZ9GnI3fsFz5IF6h2djPN4.', 'ROLE_USER', 1),
(156, 'Lorena Cervantes', 'lorenacervantes2015@gmail.com', '$2y$04$.vQy.JbDZmBrHpwhU.q7O.W9UeIn16nMpyGyMq63OhiOZ0ra7bxAO', 'ROLE_CLIENTE', 1),
(157, NULL, 'wendyper30@hotmail.com', '$2y$04$wDxCwGqJj3pFo5Qwmk2mu.re.76kvb2y.vx2m2IZlblTVTLNNT7.C', 'ROLE_USER', 1),
(158, 'Edison', 'edisonguachamin91@outlook.com', '$2y$04$4xrQC5qitd1epp2mAoysL.HfcAiF93PfsECLPhXYEJmwJ1TPl5kn6', 'ROLE_USER', 1),
(159, 'Martha', 'martha.minda1970@hotmail.com', '$2y$04$nfqGiK2B4vyHx/JhvH01buu5z008OI2RWqGtSWY.24OgyCvxVUsUW', 'ROLE_USER', 1),
(160, 'Josue', 'josue.vinueza@gmail.com', '$2y$04$RL1buLxakoeBhvYKidgEG./8AkhgmYcelMS50tHvcAFHXNXKPQHcO', 'ROLE_CLIENTE', 1),
(161, 'Carmen Fernanda Bernardo Folleco', 'tatianab2806@yahoo.com', '$2y$04$5sVp5zLZ/HGvv5aqRk/YpuDIojNfKvGgH4B8/q7BD0fWU5yqpX1hy', 'ROLE_USER', 1),
(162, 'Rosa Haro', 'rossi_2015@outlook.es', '$2y$04$yRHwQEx8COrD9rnbl3a8u.Zhe35/KA3qUvtky.9IfKuR/21bwlQ.G', 'ROLE_USER', 1),
(163, 'Rosa Haro', 'rosii_2015@outlook.com', '$2y$04$yuKnl/d/5KQwsnPW0nUmLORixkeC6nx.3sZVHYW/MfxooBGVq6rCG', 'ROLE_USER', 1),
(164, 'Cristina Rodriguez', 'kukyrodriguez198_3@outlook.com', '$2y$04$J1aLc03e6lcFD6FD.rBhpuJ5vn4xshThFR3lPeag1tYZnTSg9h3gC', 'ROLE_USER', 1),
(165, 'Paulina troya', 'paulinatroya31@gmail.com', '$2y$04$ZaixVzGhENjtEtS8fyLmauL.fPXYgA80lUzyRuRi4psN7CvkR1yKG', 'ROLE_USER', 1),
(166, 'Margarita Romero', 'andreacarolinalr2710@hotmail.com', '$2y$04$y3C2p1.ecFfV3qcgZte.R.Aw6vZOC6fVYUxh4XwSs6cJzDBHJbFNW', 'ROLE_USER', 1),
(167, 'Sofy', 'sofiapesantes32@gmail.com', '$2y$04$Uc8M07B1H8apksEfmsi64uQu.NAmOhQ2j9ZyscCVnSc1qbjlZWkxS', 'ROLE_USER', 0),
(168, 'Cesar', 'cvinueza@sapienslab.com', '$2y$04$KbJ5en.lleTwVD20DWEqh.qKqxVJoQurr5gIlKQ6nuZUC1boZMsI6', 'ROLE_CLIENTE', 1),
(169, 'Mayra Monta', 'maymarthamonta@gmail.com', '$2y$04$NbUcFfR6icCAeXhQYf6htubO6AI3nPtsM/P0O8Yzluynmj/ZXqBgC', 'ROLE_USER', 1),
(170, NULL, 'carmen_241967@outlook.com', '$2y$04$HQVZF6AapXS2BhheNiOOo.FiMHsiwysanfGDMkNUx/7dJy.CcuWtW', 'ROLE_USER', 1),
(171, 'GRACIELA CARRERA', 'elizabethcarrera1998@hotmail.com', '$2y$04$UB97BQudLOIt57YXHROR4uTS4jA72e2D0./Ix8VpCwYaQQHTeVxDS', 'ROLE_USER', 1),
(172, 'janeth', 'marjuriarmijos@hotmail.com', '$2y$04$KAMPazG/ktSLwjwlO.QqA.L/iZEvqLKyO187srmRG2qeIA0CXBXwC', 'ROLE_USER', 1),
(173, 'ESTEFANIA LLAMUSUNTA', 'estefania_llamusunta@yahoo.es', '$2y$04$zr2mVLxv1vWTA4KUCjsMROHx45n/2QDIWkUKCUrmV6t0oxeJ6z8t.', 'ROLE_USER', 1),
(174, 'Carmen Ipaz', 'stalin.prado.sp@gmail.com', '$2y$04$Cs9HfaCGWZ4ZJdmX1nY/O.J3vPXcO3ru1KGWM0.Xus/pDtXoMUHkC', 'ROLE_USER', 1),
(175, 'Andrea Päez', 'andreapaez1985@hotmail.com', '$2y$04$SKDEbDTJCYIed4m7IAh9BO.s/.2R5IXQMPiXgxY8NFZr2K5f5MZB6', 'ROLE_USER', 1),
(176, 'Noella Eunice Avilés Shiguango', 'flacanoelia29del86@gmail.com', '$2y$04$ZldeXwBpWa0UaM35IStqlOJJJWGLHAXFw5TTajdT1PtQJzbxziyva', 'ROLE_USER', 1),
(177, 'Rebeca', 'beicaortiz@hotmail.com', '$2y$04$4CDtIkoQ3CAAaFIkuYsRPeebx2OKaniaK2q/eoyx9jvJ74juCSfJ6', 'ROLE_USER', 1),
(178, 'Mirian Quinapallo', 'chrismatibarce@hotmail.com', '$2y$04$Is4Q1cVC0RhjEfVqF1qfgeICQIMCO9j1znmIUJrpTPBnWWT1IM4bW', 'ROLE_USER', 1),
(179, 'Shirley', 'chaantonio2010@hotmail.com', '$2y$04$BAjNyf.U1Yo6IjmN7IXuo.3tzP5HOm94Giqd5vaietBtu0DD77nva', 'ROLE_USER', 1),
(180, 'Verónica Avila', 'daivero22@hotmal.com', '$2y$04$gEQ2hXREy.J9.cgOW8/H8uje5qxzPWlhrBCc.z4DaWQ.a4fK7ubkK', 'ROLE_USER', 1),
(181, 'damaris', 'andraiida7@gmail.com', '$2y$04$6ww2v.bNcTJBbxgFpcaMbOA.wTnmMacymEmmT8HMa4PXQgz527qe2', 'ROLE_USER', 1),
(182, 'Olga Chisag', 'chisago5olga@gmail.com', '$2y$04$aT/Atqxb9ZsTV.Ymjmyf.O/eKH7iFO8d86TAilPsC16Z5dFcU7H1C', 'ROLE_USER', 1),
(183, 'Rosita', 'rosa24santacruz@gmail.com', '$2y$04$zVgpAlIlRspWX.LeKNxz2u8LHvet6NL/8fy7cNR6QhMVvJ2HqU7ve', 'ROLE_USER', 1),
(184, 'Geoconda yanchapaxi', 'Geoconda_256@hotmail.com', '$2y$04$Te.DZwJgbAhnY1tLUYP88e.lF5uC419bkNWDGj9F/H.x7bl6ydSc2', 'ROLE_USER', 1),
(185, 'Geoconda yanchapaxi', 'Geoconda_258@hotmail.com', '$2y$04$5//eyLsTMcVu/ksVLb3dteHgd0QMzYM2aZ8/4.Lj7N0dsJTwxzTNC', 'ROLE_USER', 1),
(186, 'Geoconda yanchapaxi', 'Geoconda-258@hotmail.com', '$2y$04$hdPcsc5n5Xj2Evs0Ie5FrOLFrgTxgNwpiSr.Kw1ED2f71Wb7GJ0zO', 'ROLE_USER', 1),
(187, 'Geoconda yanchapaxi', 'Geocondayanchapaxi@gmail.com', '$2y$04$6VVYaWHsQltReCsoyQEcneeaQm3BFyIFKtwzxEJl8fumiAUlq7vZC', 'ROLE_USER', 1),
(188, 'Diana Duran', 'dayacaro20@hotmail.com', '$2y$04$nnP3TlWBgTgcgD.mb183EOdi7MkzUY7odMzrjlP8wnp19vwwEMDb2', 'ROLE_USER', 1),
(189, 'Yessenia Manrique', 'yese98nia@gmail.com', '$2y$04$6UEhE0V/mbXsDbTVnElsxO35hqrc2F7wfYNyIweElqyFwTYYVTYES', 'ROLE_USER', 1),
(190, 'Meria Gualán', 'mery-auxiliadora@hotmail.com', '$2y$04$qIprziWbejKEWBB.AD/gmOSC6YH/6JtCqCSIZ/W9lDM5xmNszLIvC', 'ROLE_USER', 1),
(191, NULL, 'karitoajila1988@hotmail.com', '$2y$04$T/pI12BNKPpTNZk9CubtJeTwGyR/BNnBkGhW6/VQN7YNeXIBTL.wC', 'ROLE_USER', 1),
(192, 'Juana Dolores Enriquez Benalcazar', 'juanis91_@hotmail.com', '$2y$04$nuMaxBf08n1bGRav1moV/uF9j5ElQplL.FrV9LFl5jzRPBitzdr7e', 'ROLE_USER', 1),
(193, 'Gabriela Guerron', 'gabytagqq@yahoo.com', '$2y$04$zY3SEgEZFzotQfCj.mC6y.qs21YL8VDQUv1MzeXLZqzwUX0vppVUS', 'ROLE_CLIENTE', 1),
(194, 'Gabriela Guerrón', 'gabytagq1@yahoo.com', '$2y$04$d8PkdCZcJO0M1zTrPFpYRukmxObti0P7GXeYg7TFiC2yRsKEeW8P6', 'ROLE_CLIENTE', 1),
(195, 'marisol', 'panchimariasol@gmail.com', '$2y$04$gSwbeM0WfPplevDRhHgL4.aGDHlrVThTW8nQZ87gGakV/W4jaPtKK', 'ROLE_USER', 1),
(196, 'MARITZA', 'mk_consultores@hotmail.com', '$2y$04$cR/SdRBztaxNWgXBMG4LI.rK6ol0awHGj4ShMgwK29MYjfC.6im0W', 'ROLE_CLIENTE', 1),
(197, 'Rosa Elena Jimenéz Tayupanda', 'rosajimenez.1973@outlook.es', '$2y$04$9C4sI49aBwMzurFgs8uL6ubaBSH.qT2XAV8iYT8WJhlZnZR8WxSTu', 'ROLE_USER', 1),
(198, 'gaby bravo', 'magacha1603@gmail.com', '$2y$04$vvAeX1cueGgtPmsgx5FOouiYKjH4QifYy/eb/9AGm3sqj968SGqs6', 'ROLE_CLIENTE', 1),
(199, 'Santa miguel', 'miguelsantaperez@gmail.com', '$2y$04$4MerHBkM2OJmKWqjqAoh/e7OBifyFIBFtUHASuvqI5EkwYgu8XAJa', 'ROLE_USER', 1),
(200, 'Mercy', 'leimemercy2018@hotmail.com', '$2y$04$JHtVJ3kgdpRitbZF3Id65.esj.Q0Dc7JuCw7NSxZQapP0G/juE21y', 'ROLE_USER', 1),
(201, 'Mèlida clemencia Pèrez Portilla', 'melidalove@hotmail.es', '$2y$04$/.zgnrlEreaJDAuHPS0vrOq4RZ/Ra6s7oEtpGDIwlB1ihCU9mRDfm', 'ROLE_USER', 1),
(202, 'silvana', 'abigail_1991.14@hotmail.com', '$2y$04$KVx7IwQdv1Ibcn.7uzl9wu2bJILo1PNbzdoTBi6K75AzUOceAGKiq', 'ROLE_USER', 1),
(203, 'ailynsilva', 'ailynsilva173@gmqil.com', '$2y$04$d7xP6dwmgi3J.hlqdtds..RJsKus7ahrpLazFe3NLYyzE2DDCrPLW', 'ROLE_USER', 1),
(204, 'ailynsilva', 'ailynsilva173@gmail.com', '$2y$04$6jUJPWmNPMnJpWBm6KCoEu2uHN7LxgkBNA6vb/xU4er2MW0L6bnyK', 'ROLE_USER', 1),
(205, 'ULBADIAZ', 'ulbadiaz@hotmail.com', '$2y$04$HvnEy4aozmOM/AVfImnx1.opNXJQ/I4zFBcQcscElZlUNDeXXzuGy', 'ROLE_USER', 1),
(206, 'rosa sinchi', 'rosasinchi322@gmail.com', '$2y$04$DpQwC3XOR/O0OtVlfbBHZ.kOCy9c5cLT.PraSGUSAJNaI3Gnszeie', 'ROLE_USER', 1),
(207, 'Yomari nagua', 'yomarinagua2000@gmail.com', '$2y$04$ZiZpGDmyJBwD0omZPu2U7e3.aysMBGJYXnMrbMC1J5t.ohjlbN/RC', 'ROLE_USER', 1),
(208, 'Gloria59', 'caropilataxi@gmail.com', '$2y$04$rrd8WlglC.AkI/TvnBbs3uGbJ0.X125FTmWJhfwFsByMObIcZ2dNO', 'ROLE_USER', 1),
(209, 'Monica Garofalo', 'eli_garofalo_1977@hotmail.com', '$2y$04$5S.1fe2RcT2ldTVwNvnmyeWIQ4c7HDDVmoyANeyrQV9HyNs/AGEKO', 'ROLE_USER', 1),
(210, 'Carlaccr08', 'carlaoniel@gmail.com', '$2y$04$Tj3GgHmq0aabtHhJRI95hugskAnx.DiSNGETgjzGOsnr3ISpiQ4Tq', 'ROLE_USER', 1),
(211, 'Maria Alarcon', 'barreiro.md2000@gmail.com', '$2y$04$2hf02n4fKW8whSAlbiNlaOakA3U3O3aId.Fr1q6gS0wrcfmY.npkm', 'ROLE_USER', 1),
(212, 'dayana ramos', 'dayana_abad15@hotmail.com', '$2y$04$jsljwdNui8fvvHsgD4ZMVOSUprSj1VB.HKin.UQAq4pBuclowUNi2', 'ROLE_USER', 1),
(213, 'Doris', 'doriscofre93@gmail.com', '$2y$04$REThGjsAwVYqpH8XOrOuU./D0K70raCx1caDuspD52b6J4vuyVuHS', 'ROLE_USER', 1),
(214, 'Marco Paucar', 'marckus05@gmail.com', '$2y$04$I5ROJwixVkv2hAk26yFLWefKt3etAzs1yQt0mym9.J52ZrVfsrDoe', 'ROLE_CLIENTE', 1),
(215, 'Maria Leon', 'kathya_casa_123@hotmail.com', '$2y$04$3O4OcD7o7GvYPco618u75OVAAYeurEGVTQEePLEUB5gxPSOfywfNO', 'ROLE_USER', 1),
(216, 'Consuelo Baquerizo Alvarado', 'consueba_baquerizo@hotmail.com', '$2y$04$FgYlt0DbytfTd8JDZLl3ZuWyhqCpWGbxbpHY40j2kruxaINKemULa', 'ROLE_USER', 1),
(217, 'Elsa Martinez', 'chalancye@gmail.com', '$2y$04$PKw6DFUqeaCezxaBjHed/uYHsg8Jkg9ZhY7drtZmv2O9gmgy6uV3W', 'ROLE_USER', 1),
(218, 'Nidia', 'nidiaa.1985@gmail.com', '$2y$04$aLrRIDiMgC/jSV9HitboLO8S0W0.hbaJ2a2GzWhJko6yhQVlpfdbW', 'ROLE_USER', 1),
(219, 'evelynlopez', 'jevelyn32@hotmail.com', '$2y$04$mlCXSSxAVYjqiN7n4r0jyuQGcGiBkSMUHAmEJT4LRjp1AmjA1m6yi', 'ROLE_USER', 1),
(220, 'Mariana Chenas', 'marianachenas@gmail.com', '$2y$04$YQ2iS288wwWcBobi8VQI8ebtMOfOWThZ5nJbkUH8xYvpBshn/0hmy', 'ROLE_USER', 1),
(221, 'Karina Baño', 'fsd.jason.ferooklyn@gmail.com', '$2y$04$qGnH97LFi1JcBiZvQqxeFuISH.Bh7VL8Kot/MMmlE6lrxFyeIGRkG', 'ROLE_USER', 1),
(222, 'susana tituaña', 'denis2000vinicio@gmail.com', '$2y$04$rKphyUni54mnlE1cgpL5UeolWO33n2zVczIX/Bj1WL3VIck2XKWUW', 'ROLE_USER', 1),
(223, NULL, 'mariebarrios1401@gmail.com', '$2y$04$uC5wPSb2HkoMUQ7XcR05Bu1B9ac0M6TB5yx31lG/A2JmhNalNtBtq', 'ROLE_USER', 1),
(224, 'maria leon', 'karocsb123@gmail.com', '$2y$04$d.yOQONPJbkDJERsOObWi.kRjRKJ0Fx82u8QeCPpgJneS/fuzaMUK', 'ROLE_USER', 1),
(225, 'maria leon', 'leo24ramona@gamil.com', '$2y$04$khWSE84eloOutuGjVyPA9e.aiD.UEv3ptP2L7mVXo1JmwfHzEciNu', 'ROLE_USER', 1),
(226, 'Marina Trujillo', 'marina_trujillo@outlook.es', '$2y$04$vH8H6oyGdnh7e0ojSjfId.NfuhDHYvmRWcRrewDY7i9Sj3fE11Syu', 'ROLE_USER', 1),
(227, 'aracely castillo', 'aracelyc1997@hotmail.com', '$2y$04$SU0LyZJ8pTNCnrnlLbvb3.9chxx5dRHgy3jKFBDcs1qeqWxhE06y2', 'ROLE_USER', 1),
(228, 'digna', 'dignajuina72@gmail.com', '$2y$04$kuEqd9eGeJVlTp7KsJBOMuagsQG9cFTDT/jKx/L05i/6TdtXAbZVK', 'ROLE_USER', 1),
(229, 'Sofia', 'lety-solorzano17@outlook.com', '$2y$04$qNIFLQ91oLoCbiSPyYBzae8TmkfGvQ3Ql7Snw1vhr7GXjmNx/XAD.', 'ROLE_USER', 1),
(230, 'Luz cayambe', 'victtoriabunay86@gmail.com', '$2y$04$x8wp9AbStwoEt6IdOxuJY.0YRIbARogo09lg2yS0YXmcFBTzHpCBC', 'ROLE_USER', 1),
(231, 'marco gavilanes', 'marcogavilanes19@hotmail.com', '$2y$04$jdGrQSMty.P7YAj3mvrFce6CMTpuZ7B8gSP4l7H9jhReCUPj.jNry', 'ROLE_CLIENTE', 1),
(232, 'Elizabeth Quisatasi', 'ginaquisatasi82@hotmail.com', '$2y$04$MktH0J/j0HBcg4pfxbzBT.QzTBO/Yed1TiI0FJ8dzlNcKaaMm5FQi', 'ROLE_CLIENTE', 1),
(233, 'yuliana castellano', 'Cyulianajosefina@gmail.com', '$2y$04$0s2hzdOgsCTEfEuH17QWTe4TcUSfmQXDjLUg0p00E1d48ibZpfrhO', 'ROLE_USER', 1),
(234, 'Jhosias guerrero', 'jhdguerrerog@gmail.com', '$2y$04$zgzN7VosUE8gLFlf3xiAtukJbXe.MKLUel7U.dr2qau0s4BrFftru', 'ROLE_USER', 1),
(235, 'Zoila Maria', 'mariabelen_95mcpp@hotmail.com', '$2y$04$FReIN.8lUeyju0fXVuRS2Osa28HYr.QrQRdDCdjQ05gE5Gw9wfFEK', 'ROLE_USER', 1),
(236, 'ALISON TUSO', 'toso.alison1997@gmail.com', '$2y$04$TnF.8d2ssQwDURe/Ug8xKurl7gPbL.mZ2LrNLaCRK7o5um4e.iRdu', 'ROLE_USER', 1),
(237, 'ALISON', 'tuso.alison1997@gmail.com', '$2y$04$MxCFAXvgpZrZnP0Za9W5SOZ/zYpLRWqiuGReD7OTG2pKF6dH5YXFu', 'ROLE_USER', 1),
(238, 'genoveva ortiz', 'chocolata_morada@hotmail.com', '$2y$04$exmpg0l07VaRQeKr9O3yMushkfJzLNzAps3qhHMGMPaY6kOKv.kUG', 'ROLE_USER', 1),
(239, 'Nelly Chancosi', 'faribri17@gmail.com', '$2y$04$1gf88NPo7xoqBEAKuoaWcuccn4h5LfZRtDQv9CHgu1.qdDV1cYJ5q', 'ROLE_USER', 1),
(240, 'bngvhjqmrj', 'usoufq@163.com', '$2y$04$Ct5aONBnTK0C76P1IFNieuBGPQzIdaou0z3K46ILFW6mlZKcraKgy', 'ROLE_USER', 1),
(241, 'Dario xavier tipantuña chico', 'xtituana@gmail.com', '$2y$04$DxASjzLyVI6PxoC6ZL7eoOkkGzalAMF37HgAYtj1hL0IRhCYQiDw2', 'ROLE_CLIENTE', 1),
(242, 'Stalin', 'Sp1307junior@hotmail.com', '$2y$04$2q2Yf6CHkqgVioMtdOitt..XAioNuBBW49KHyznmF4vPB7M6L8hMW', 'ROLE_CLIENTE', 1),
(243, 'jgsuarez', 'gabysuarez653@hotmail.com', '$2y$04$chU7EBU0sM89BUopbyQSYuUJAqqbUQMmUJQQC11pOuqnPY9mWhbxy', 'ROLE_CLIENTE', 1),
(244, 'Rosa farinango', 'rossymari30@gmail.com', '$2y$04$pLeXZGxTpI85dk7Jh9wGre8sbuF539FqdwUcwDmxmIyFetyrxYe.O', 'ROLE_USER', 1),
(245, 'Thalia caizaluisa', 'thaliatoalombo1997@hotmail.com', '$2y$04$TgPbm/b0ipr1CcfvU/IGQ.Pwr/0wBc3q1RX5VWPDok9wgXs62O9yu', 'ROLE_USER', 1),
(246, 'Myriam Cruz', 'myriamcruzj999@gmail.com', '$2y$04$6FhTNhf40Jk2Q2XMloGbT.ma5Y/Ijh6WZXsZbstgD.CziHQxReTyu', 'ROLE_USER', 1),
(247, 'Segundo  paca', 'pacasegundo@gmail.com', '$2y$04$.ktJaMk6N0.DGA7F8ocPVecmSL3Ex57kqGT64StXr9CSsa8G2Lyee', 'ROLE_USER', 1),
(248, 'isabel sanchez', 'mirianisabel.j@hotmail.es', '$2y$04$pJZSD1UHtwHhuwf4jM7dXuBgyXEzPDTETspmP/qpbMGbGjA.W0LM.', 'ROLE_USER', 1),
(249, 'Eli', 'elizrene1989@gmail.com', '$2y$04$9YAfT.Q5NYtxHsdkShy6p.3e3Xmg0.j/aDreUO3QcN2nRW0XhBifi', 'ROLE_USER', 1),
(250, 'Camilamasiel8', 'kami.yepez@hotmail.com', '$2y$04$x1w3mb4y/2alf1uEzYdTVen4H4j3nY1s7ATmY0nRVsjA..iLWYmMi', 'ROLE_USER', 1),
(251, 'Fernanda', 'nandavida94@gmail.com', '$2y$04$LFhb30CHvsJY/ZlTBq/gVuSrBnbOcP7rg5EnsYBV0U5w3B/wy/1IG', 'ROLE_CLIENTE', 1),
(252, 'Paul Navarro', 'poolpda25@outlook.es', '$2y$04$HZOwJCD0QhyF1umOSckr6.OP/YVUNUc47VM5NuCEwrxii99gJxmrq', 'ROLE_USER', 1),
(253, NULL, 'wingjunior88@gmail.com', '$2y$04$Cr1d.Kwqp3lDvHHtDpWMzuUgKQBBY1EnJfMgBpeZDHJRXM8HXutNG', 'ROLE_USER', 1),
(254, 'Kate2103', 'katherineanthony1994@gmail.com', '$2y$04$tsgI8VEW9251TRRyumD9i.1OlUkZXwSQXVRPjrFgeGvlUHueN2cF.', 'ROLE_USER', 1),
(255, 'gladys umaginga', 'gladyssumaginga@hotmail.com', '$2y$04$ChgRC02QNpRb.7SLP1VEsuzpHT0nViOmkaRKHFilQczKak4jirmAm', 'ROLE_USER', 1),
(256, 'Josefina', 'josefina.palomo@yahoo.com', '$2y$04$eNtt/tWBnDRfl.cfnUcVVuOyI6P0nwpefeu4BUwUlPCOLuzuNOnS6', 'ROLE_USER', 1),
(257, 'Estefanía Vaca', 'estefa-777@hotmail.com', '$2y$04$.ifyVPqcxfYZtECT94VzLOGBvh6ybZ7nU5N6zCCahgOhdVcEqYh/m', 'ROLE_USER', 1),
(258, 'silviasva', 'silviasva72@gmail.com', '$2y$04$DD.zYrnKjQW3leg26A.iUuOJCbWvBcGyvC77wdsdaRQuF.RrK9VBG', 'ROLE_USER', 1),
(259, 'Elsy silva', 'sebastianfaria2012@hotmail.com', '$2y$04$j15TG6.1L3ghjn27/05sEuU3pRxjMgB7ud888/aRRajwQjwxmvB.i', 'ROLE_USER', 1),
(260, 'janneth cardenas', 'jannethca69@hotmail.com.ar', '$2y$04$u6Qh54G0Gx0Ni4afR3okou7dJR4niSnfdOMqGDQi7.V4fUoVtrcMe', 'ROLE_CLIENTE', 1),
(261, 'Lisseth Ramos Urrutia', 'lissethramos@hotmail.com', '$2y$04$7QegCbQ3loxBuqpRcwS1fe4IF/a69SZ1FN38FQQauAEwmKwH5XIj6', 'ROLE_USER', 1),
(262, 'david arboleda', 'hendry7_mhrey@hotmail.com', '$2y$04$L4amaluAt.0edatSz9fk9O8lQRQ/BzlKrl.0GWrFBLl4n4Ve.97LO', 'ROLE_USER', 1),
(263, 'LUIS GONZALEZ', 'lggleon6@hotmail.com', '$2y$04$sehvUTkmgPvyCUegn26u3e648XHPpsVn9eBp8t3pXPARY/5.EfNc.', 'ROLE_CLIENTE', 1),
(264, 'doris', 'dorisguzmann4601@gmail.com', '$2y$04$Rm7MOQbziLCsnSz7IQW3MexgnX2Gm2xRrktAKqkb8fTnwVkEO7hEa', 'ROLE_USER', 1),
(265, 'ESTELAPINEDA', 'estelapineda201808@gmail.com', '$2y$04$07VGweIdf2680R285U/rzeJv6gAm.y3NRQYp6XLPWG7iQ1LDa8wk6', 'ROLE_CLIENTE', 1),
(266, 'euniceandrade', 'romerhef@gmail.com', '$2y$04$7g.EpZoTGClmJYYmaYYVt.b/lxV2.FP36DaQ2DAcn9xpUWre499sC', 'ROLE_USER', 1),
(267, 'carmen teran', 'carmenteran123@hotmail.com', '$2y$04$wL5X1Ku/w5F2otqLNWRm1.1PHkTL/mz7Ridl1lkv8tt4teCUUYNRq', 'ROLE_USER', 1),
(268, 'Janrth Ramirez', 'marcoe410@gmail.com', '$2y$04$FbA7QN9PX5ZbX8l78foKnu33ZHUllxwTOk5V06F/JACfmxLc0nJGe', 'ROLE_USER', 1),
(269, 'Teresa perez', 'xav_death@hotmail.com', '$2y$04$1o7xwEnZNH2zmrE9jaXWkuJLPYa06svYMDBMHR0.LBE8Yz1HBlEpO', 'ROLE_USER', 1),
(270, 'Omar Merino', 'aurorapro@netlife.ec', '$2y$04$fVa0LOPTVxFeFQ14hmZcPuC1ubZAd6iMCgmtKrmS.uv2lOLevcc8C', 'ROLE_CLIENTE', 1),
(271, 'elena guachamin', 'elenaguachamin1@gmail.com', '$2y$04$OUFKaYVAQgmGbJPHno/JWurE81sPwPAKM5yjp5IbdqNnCGvn0d3u2', 'ROLE_USER', 1),
(272, 'MERCEDES MERA', 'mercedesmera2018@hotmail.com', '$2y$04$bZ8T9fwtcNFytCEMkk7mS.Mt/iMRZVtL2OUggt4CJg2b0T0fJ.SKG', 'ROLE_USER', 1),
(273, 'Susana Chalco', 'susanach96@hotmail.com', '$2y$04$wLdolOjiWKX4dwZ6J6DnvOORHhhyKbZx5XHZWjYSBXCPrhjZv1ivu', 'ROLE_USER', 1),
(274, 'julyu', 'urribarrijuly@gmail.com', '$2y$04$QWMl/LyHlzE4dJ7L0BVj/eoINuaGGNxBicciQQp6TFObz7VYkw5bS', 'ROLE_USER', 1),
(275, 'Cecilia Santillán', 'santillancecilia1710@gmil.com', '$2y$04$sji2drPYXzz86MFoJ0FV3efwIWwVRhKKyNS3a2wPedh9ObNrpbNym', 'ROLE_USER', 1),
(276, 'Martha guala', 'marthaguala@gmail.com', '$2y$04$vUZLwg/7sj5bMhDuOR0BeuIdwOZ05wzfQG9CsCXNdzobRs/O4Dif2', 'ROLE_USER', 1),
(277, 'Gabriela Paredes', 'Gabyru-7@hotmail.com', '$2y$04$vCzWtb0dOcC0KMDnzJpQLu8xXqQNR8wPpTkXe5r6C7G2aPDz4.kti', 'ROLE_CLIENTE', 1),
(278, 'marthaguala', 'marthaguala@hotmail.com', '$2y$04$9/IsAs4c0m2xQrivWlfS5OReFesXn9PI8eVX5qrgHPVxxVxJtUZa.', 'ROLE_USER', 1),
(279, 'Ximena lara', 'karen_cruz_1995@hotmail.com', '$2y$04$6o2QzWwsClS/w395u9yZleNFxkohUsjb5Ld3pQEivhSmaAZdfmMh.', 'ROLE_USER', 1),
(280, 'marianbella del gatto', 'marianelladelgatto@gmail.com', '$2y$04$xr4Enq.j6CMEM/s3Xz.8v.rjXhMoMp4L0qJQzy494yoplggkKAZwC', 'ROLE_USER', 1),
(281, 'karina morejon', 'karymorena@hotmail.com', '$2y$04$MGuJVn7p4w0ds/CKruz8K.wP0.vtcpwFiEaQw.60jlKZwwRDtquY.', 'ROLE_CLIENTE', 1),
(282, 'María', 'nellixsiempre@hotmail.com', '$2y$04$6vk6AwxF5HEDtLLV68jCWeJorNyC3QzUJrhdHXSYJOvCbIm1YDU2G', 'ROLE_USER', 1),
(283, 'Rosa Elvira Borja Cabrera', 'nicole.angy@hotmail.com', '$2y$04$feI.9HC8iMyZ2drv4SWHV.CKucUC5fd.4npypLpdFKKjbS2esq/t6', 'ROLE_USER', 1),
(284, 'Yasmine Díaz', 'yasminita0123@gmail.com', '$2y$04$UKCBeChGUHTidgv1pBwt6u19jfEN1snktT7/12.f0BgzFyigMhti.', 'ROLE_CLIENTE', 1),
(285, 'tatiana', 'tatianaiza24@hotmail.com', '$2y$04$JDhD8XjYH/n0NQ3ALa7c5OC47rFd6.cUUkW7Uz.jmP1O0I71PMeqa', 'ROLE_CLIENTE', 1),
(286, 'Caridad', 'caridadpadronseijo@gmail.com', '$2y$04$jsehpWEPCfqLfM2dqIDUZesEksAVzmavbP4wpLAMKm.MPhvjRU3gi', 'ROLE_USER', 1),
(287, 'STALIN RUBIO', 'STALIN12345_@HOTMAIL.COM', '$2y$04$7E4C1Tc7GZPPg446jIWoNe6.hdbpHoIsAwbsKkv3mpAZjGIvytCIW', 'ROLE_USER', 1),
(288, 'mariamaxi', 'yatsu212@gmail.com', '$2y$04$Jjf6Xl7QS3KDv4qqhQCHxeY8QRxzog46BbpqVTb.MzKupJAtY4hDO', 'ROLE_USER', 1),
(289, 'JOSSELYN CHICAIZA', 'bebitacarol_joss@hotmail.com', '$2y$04$q2QaWN5iz7SphjTgbutLfu.yBMAbZPSaOdPMDNodFE4zfNUprwhiu', 'ROLE_USER', 1),
(290, 'Maria fernanda flores', 'm_afer951@hotmail.com', '$2y$04$kM2DiJAdiIdlQ8VeiV19UulTbgUzZbVOdOWPcHMZ3acoNbsYfy1km', 'ROLE_USER', 1),
(291, 'Alvaro  Ligua', 'alvaroligua1978@gmail.com', '$2y$04$P5weARM3cUNTaT7qRmMjH.TCEq6Kzkm4.Cf/7wgr2KR2YxSH5z6Nm', 'ROLE_USER', 1),
(292, 'Adriana Arteaga', 'adry12101990@gmail.com', '$2y$04$zuESwYWkjIetg4XPDKZ51.O8cBRX8EVQQIygNMlqCJmwV4cB8nLdS', 'ROLE_USER', 1),
(293, 'Maria Vaca', 'tefa_tipan@hotmail.com', '$2y$04$r4NWbOt0Rewdh.U4QkVtDeMXPiC5/a/2kbKWcSJ0xwM/1uew2Cibe', 'ROLE_USER', 1),
(294, 'Ely Bonito', 'blancabonito99@gmail.com', '$2y$04$YNLtwIrRtAueIOcnl8V.yuyYOreFM7Z.WjG84xb3tr3RTp6z4zFiW', 'ROLE_USER', 1),
(295, 'Fanny de la Cruz', 'tumbaico-delacruz@hotmail.com', '$2y$04$SXuxrZ5fc05WcjZl6mx1zOIjo5mjcoNsc2Z1QqP3qszrDOgMmrJ3G', 'ROLE_USER', 1),
(296, 'Blanca Analila Salazar Loor', 'wandaperri2016@hotmail.com', '$2y$04$hrEExhxvAOx6EJDqB69vCutWUhtGI9oVPMHnahhxYDoARPEgd/BQS', 'ROLE_USER', 1),
(297, 'PATRICIA ZAMBRANO', 'paxi1685@hotmail.com', '$2y$04$0hre7hVyranvhO/sOKoO7uwCO39JleiEqkSfGZmtzVE2aIkNUV5F.', 'ROLE_USER', 1),
(298, 'graciela tipan', 'gladyst200@hotmail.com', '$2y$04$lzkEmsH0YNNTqezt5LSjS.Ek7D9mH6wGShGyHFudXwyykzcBhmwMm', 'ROLE_USER', 1),
(299, 'Alejandra Cando', 'malejandra2101@yahoo.es', '$2y$04$k4AAKuZJXojIgYLtH/b8jeOQ/QAWiWHNO2FMviutaxZu817fOrvFy', 'ROLE_CLIENTE', 1),
(300, 'Verónica Palomino', 'rmosquerammy@gmail.com', '$2y$04$Y0wgwKHCcgrubLSBCpgwNuZuhbD1Pi2zQIx92UJZAse4gs0hwZcKS', 'ROLE_USER', 1),
(301, 'María Fueres', 'cynthiyadirao@gmail.com', '$2y$04$ThaM/4mYO4/JJR3wMpf62.IyVBwpcn8Djup1hS2Fo2qnmanwOPQfC', 'ROLE_USER', 1),
(302, 'Ximena Tipanquiza', 'ximenasimbana204@gmail.com', '$2y$04$ARyrL9COIXe3InTOBPmjuegOozM5h1apEAd9u0It8kbrxAyHE6Hxe', 'ROLE_USER', 1),
(303, 'Ruth', 'ruthvirginia.padillayuquilema@yahoo.com', '$2y$04$5MJHjxaAPw4HewDrf9uesOEehEJkxukbPw/P4Sr9Yq.JVbQBu6F/i', 'ROLE_USER', 1),
(304, 'Gloria Sibada', 'silu19712008@hotmail.com', '$2y$04$GL9RJt4MJ82oZAUz2ySxueGwJy/4uOauq.uZai3M/2zSfJVNK742S', 'ROLE_USER', 1),
(305, NULL, 'boluwatifetawakalitu-@gmail.com', '$2y$04$lVdZETkWVPfKKrFF9sf0MO.OjlcNbBOOl8s5BYGI5MSP6uZL5Kz2q', 'ROLE_USER', 1),
(306, 'Rosa Mercedes Cajilema', 'rosa.cajilema-1@hotmail.com', '$2y$04$IOF2dee5xVMTVRxxYKU4ZOHhoYEgLH3wFvJ42n7vQIgeFrlhXcqTG', 'ROLE_USER', 1),
(307, 'Sabrina Rojas', 'sabri_rojas78@hotmail.com', '$2y$04$PrbDspp6eBo7QxAHU9yLIO1u98.2PsvC8HnYKA9L7wRgrBwOi8fve', 'ROLE_CLIENTE', 1),
(308, 'viviana perugachi', 'vividelrocio@hotmail.com', '$2y$04$eto.q/clhctjAs.KWil1Ru.s.a3tGYBceTVWk5O7x2bJMza2bEyxu', 'ROLE_USER', 1),
(309, 'Pascualina washikiat', 'WASHIKIATPASCUALINA1968@gmail.com', '$2y$04$V8YSy8mpFt4GwwY7v2WxIOw6DkFyKtMqaxK9oHNO19gt7df3dq82y', 'ROLE_USER', 1),
(310, 'Edwin', 'winlopez@hormail.com', '$2y$04$O5KQCiJhWedqQql6p9MXkOzQ5nWEEuYlm2u45GCgxRSJHvTJVqDuC', 'ROLE_USER', 1),
(311, 'Pamela Silva', 'pamelasilvagallardo@gmail.com', '$2y$04$plIQIPDUw8BfmHfdZ8TByezFHU5fGb1GLk8lqF7EOojP4anfERrKu', 'ROLE_CLIENTE', 1),
(312, 'Fernanda Gonzalez', 'ferchitacg38@gmail.com', '$2y$04$83vdHhOQdhKQ04vBXIqhh.LyyOPjjHxmr1IYzWo1YqKPsgjzslepq', 'ROLE_USER', 1),
(313, 'Consuelo Campues', 'consu-32123@hotmail', '$2y$04$MM88MYiAO/Gwr6ClioOAguxtiwcWI9UrIe1.odVoCo8Y8p/3tTdxS', 'ROLE_USER', 1),
(314, 'Raiza', 'zarailet@gmail.com', '$2y$04$zoXNSfy.jM8N9ulqx2slHe//m88mzkb11iqXnDORZ7ElsGBbQczdi', 'ROLE_USER', 1),
(315, 'MarianelaManrique', 'diariolunanueva@gmail.com', '$2y$04$hzff6yxftAn1cJqVwH6REOqnwFxg9k301R62Vy9By5Gxp8IsBICn2', 'ROLE_USER', 1),
(316, 'mario carlos moreno sandoval', 'mariosomoreno2018@gmail.com', '$2y$04$ULmC4ewuBycynUt8729Oje4.qA1c02cEa.Jeq.1KVnSSsVMqqnV7y', 'ROLE_USER', 1),
(317, 'lexi', 'leximoreno@hotmail.com', '$2y$04$cEhyowqsdmfF7KDGI2q60ewTKDB7xfLCVngf1g7iQshVnX7Mzs8Fm', 'ROLE_USER', 1),
(318, 'Carolina Garcia', 'carolinagarcia9013@hotmail.com', '$2y$04$WLKTbuVCv9GCVp.w.MgXeemcsNDWYsdWVxcKDN/bMgO9MIXZjOU1y', 'ROLE_USER', 1),
(319, 'Nathaly vega', 'mariselavega2012@gmail.com', '$2y$04$o00Ss4MMon8M0XOx1JJZBe6SazO4KyeizqiA4rh.Ki3F4Of17/tsO', 'ROLE_USER', 1),
(320, NULL, 'rearevalo@yahoo.com', '$2y$04$XNPxfICYcxuBmWlBYWnWLu6/Ntf6vMDE7WwAcH14zGHdH40FNc0Ui', 'ROLE_USER', 1),
(321, 'Flor Cando', 'flormariacando22@hotmail.com', '$2y$04$B963v9DTlk29Wm4/3.0WKez3U9RAwm.qKDdO5gIhJFYbmNpdes1Xq', 'ROLE_USER', 1),
(322, 'Nellylara', 'nellylara89@gmail.com', '$2y$04$qbzFc4szuKXyqbMCcAyx2ugGJkSxFBJqQqa1QgYBLRKpKl1wmAAWm', 'ROLE_USER', 1),
(323, 'Fabiola', 'fabiola1967_@hotmail.com', '$2y$04$kzmf2ShJeahgNst26bD5NudMf.xdmTEdBxCn5P92B14CAFMURwMaK', 'ROLE_USER', 1),
(324, 'Gabriela', 'gabiotas@hotmail.com', '$2y$04$XQhLaPWrx1dW3j1LoxeBHOd97MbIsP6bS7dIEwqT59gt0QddCdzV6', 'ROLE_USER', 1),
(325, 'maria', 'luishermel_12@hotmail.com', '$2y$04$tqB5ANmY2glEgEUm2fWCY.fajJKFUCuRhjxowZu5PDO4OHPmIsViC', 'ROLE_USER', 1),
(326, 'Monserrte', 'monserrte32@gmail.com', '$2y$04$A1qzsl22qr0hZlMUK02zL.dJmdnhRqfexZKt/GfUITCVX0srV.sNC', 'ROLE_USER', 1),
(327, 'Elena Paredes', 'helenisa67@gmail.com', '$2y$04$4qaZUSNs6k5ImxAvRbxzmeXXOXTJ1Y0m7tUlyxNzu4LQEd8.Hwvqq', 'ROLE_USER', 1),
(328, 'DianaV', 'dvillacis657@gmail.com', '$2y$04$FU7hMjXh7hlE3RjeXx1k0umlxnsQ9a1X7P.vr6zyypAHD9pWhY81q', 'ROLE_USER', 1),
(329, 'maria patricia igma carguachi', 'mariaigma@outlook.com', '$2y$04$qcIOZm..4NrFPtUPtnCxjuX6t50eqW25d8ZFC96v0buqguW9nh/9G', 'ROLE_USER', 1),
(330, 'marlene', 'marlenita13061960@hotmail.com', '$2y$04$Ts33bmUVUYroHOzxL50oquFH3724IEnbyjWZ7YgfgWCyd4D7F9Tq6', 'ROLE_USER', 1),
(331, 'Carmen Padilla', 'camenpadilla100@gmail.com', '$2y$04$ByL5Vq6drPm0F40X/b5.MefHuP7871VGYn5aYqi3T9sTvMPpbWcSe', 'ROLE_USER', 1),
(332, 'Elizabeth Astudillo', 'moranmartha120@gmail.com', '$2y$04$m1CZL4NbMw4uUnr.3l9Q0uKm/4IkTcCtwYBLUJdupvIh2iu677tpu', 'ROLE_USER', 1),
(333, 'rosmary', 'rghuiza06@gmail.com', '$2y$04$PiogUYkP53KqJQgIi.3VSuXTlz6P3OEO/EkuvTKdGlOrS9gyQz6LK', 'ROLE_USER', 1),
(334, 'maria patricia igma', 'mariaigma05@gmail', '$2y$04$mNL7jMwYasuo6ifeUjB2NuyDykQRSwLNk2E1gn7E4fKu0m4OKdzmK', 'ROLE_USER', 1),
(335, 'katerine herrera', 'pukaymas2014@gmail.com', '$2y$04$k7XhFMikiHjsrGwdqCpdB.epTJBz1OzwuD1IzHmK2y.Hs1.rtDUdm', 'ROLE_CLIENTE', 1),
(336, 'Josefina', 'natalia.estrella1280@gmail.com', '$2y$04$c7ODEfWxXj7gPv66cFwGB.18bJlxqzVrRBQPUl.gElpCyQV.vBfym', 'ROLE_USER', 1),
(337, 'Tania', 'taniacy1999@gmail.com', '$2y$04$OtdPKMj/PPpStwyhaDhrOuJWMBxDWYxuBTXJHNhI3e1Znp8ta8uoS', 'ROLE_USER', 1),
(338, 'maria belen balarezo', 'rrhh1@accival.ec', '$2y$04$qTlALR0QmW.wlweZp42A4Oe9oGu4kb/n18tJAoNmbJnmJ3GKdrybe', 'ROLE_CLIENTE', 1),
(339, 'SAMANTA CARCELEN', 'mayegirlsexy10@hotmail.com', '$2y$04$LnY.AfvaRmaTzLs36RNJ/Ou4sH1aiLnuMweCtiiN1soOB8nIth0g6', 'ROLE_USER', 1),
(340, 'Joselyn', 'joselinmessenger@hotmail.com', '$2y$04$RYkiFrvXJwtr2p2yCx0o..PJuxEq3gA/dXWL7RLzq6wPbQTjzeQAG', 'ROLE_USER', 1),
(341, 'Treicy Cano', 'treicyanita_amaury0502@hotmail.com', '$2y$04$D03W6uLnq15dsKfHZLcPHetIDRQtlWfOnJP.6gDu5PFDDxJX1v0fO', 'ROLE_USER', 1),
(342, 'Gabriela Correa', 'gabyemily2425@gmail.com', '$2y$04$AAysWTw0yOsfQ4xXp4WzIOs5.RnWLkiA6.UU9lmUJbtuqdi4umJgW', 'ROLE_USER', 1),
(343, 'José Luis Machoa Huatatoca', 'josemachoa1997@gmail.com', '$2y$04$GUwOKq3OGAtHUAO.kq0Lb.YgUxTTeEIPSV9PpnZsp2oiR0phQcqia', 'ROLE_USER', 1),
(344, 'RUTH MORA', 'ruthmo19@gmail.com', '$2y$04$7y3s.gCaO0wqLUPiXfUsG.4p2ljx6V/GaN4qv69PqH6iT4qD/dWSy', 'ROLE_USER', 1),
(345, 'Sonia Medina', 'jeilyelena@hotmail.com', '$2y$04$0So/sriNrHs8PpgYyWqCXuGL5WREbFAu4TPi4gQoB6AOKBborBXom', 'ROLE_USER', 1),
(346, 'Aida Sevilla', 'aiditamg2017@gmail.com', '$2y$04$VFPijtEJEU5iRbQCANrTb.HD2I86sLXnif/dBX9Y0zO8j2iovC2g2', 'ROLE_USER', 1),
(347, 'Aida Sevilla', 'aiditamag2017@gmail.com', '$2y$04$sp6.ckMN9wQdfdHp0zSRROdBPllAv17TA2DekgFj84flOAbWGc/vy', 'ROLE_CLIENTE', 1),
(348, NULL, 'sandyply11@gmai.com', '$2y$04$yKnGycEJPtoEdKvvrX/mDO3uzexibm2HDy5ig4ZfT4iz5ZyedP32u', 'ROLE_USER', 1),
(349, NULL, 'sandyply11@gmail.com', '$2y$04$sVaoWSlKhI5jUWI6WD2mpevTpA9W6WXgiyGmV00CbjNzXpbEUD9Y.', 'ROLE_USER', 1),
(350, 'Gabriela Quinatoa', 'gabyquinatoa_@hotmail.com', '$2y$04$hbyM5hRQu22ZkeHdPHo4IOeXj1f0h9prWfVuvhq8pBuaE4VLQzJei', 'ROLE_USER', 1),
(351, 'maria patricia igma carguachi', 'mariaigma05@gmail.com', '$2y$04$sWJ7auBVOxU6PDoNRiR59es/yCsGT/3SGF8CUcPoUMvs47NrpMmUi', 'ROLE_USER', 1),
(352, 'mbelen', 'm.belen_g@hotmail.com', '$2y$04$r/L0VA7XkvedDDshZZOKieLXl1ttpbCdayA6haQReH9oq7fg0clbK', 'ROLE_USER', 1),
(353, 'Rosa Conlago', 'rosazoila97@gmail.com', '$2y$04$bXcubQf.7./ISKQQEd9GoeGoS.vYUfLpg5zlS//eqKB.Qh3YgUGgW', 'ROLE_USER', 1),
(354, 'LIBIA CARPIO', 'libilgc@hotmail.com', '$2y$04$OtpcFslVjLh7sRHTs2U2hOmShLwzmqsYKInVxTg/7hEVuFiMWwmf.', 'ROLE_USER', 1),
(355, 'Paulina Rojas', 'francisco.rojas86@hotmail.com', '$2y$04$VmOSUkEpoDf05pQz9v0n8ONbUHzgWysXCyZD4GNsb.uCSVcqHmg8u', 'ROLE_USER', 1),
(356, 'Mishell Valladares', 'mishellvalladares64@gmail.com', '$2y$04$Futu7uDgXGaUl1vD75I7JOPgDw/Wqv.jarc/jT9o1ZXi58T2wSVri', 'ROLE_USER', 1),
(357, 'Aurelia', 'jesusbriones@hotmail.com', '$2y$04$pbckzZaUr.JLCicAkByLe.hAiF6dWCm7vnclXR.EZ.ss5MABpGCLa', 'ROLE_USER', 1),
(358, 'antonia', 'antonias2012@hotmail.com', '$2y$04$GBjWqxj2qPpVZM7.FfDTr.2dV./YdSayQ.2W7QlBxWK4kpdoZtfL2', 'ROLE_USER', 1),
(359, 'david', 'david_c_razy@hotmail.com', '$2y$04$wazwe9Bvssu0BoKM4A0dZOA299B.9dU8KNezSkYOYu8PvpXyKMEF6', 'ROLE_USER', 1),
(360, 'JOSSELYN MONTOYA', 'jossevidi_15@hotmail.com', '$2y$04$ZHruex0/S..TqhwrQ2OUfuSzwtiscit6sDxJs90Ji06sa0kqk7xd2', 'ROLE_USER', 1),
(361, 'Roberto Villamar Villalba', 'RVV80@outlook.es', '$2y$04$GTJbOUCosUDu04jCY1Vxkexvf5Gtk7eAUOCGdmNLyZ.uMuy9sLTOW', 'ROLE_USER', 1),
(362, 'michelle vaca', 'midaya_18_brujitha@hotmail.com', '$2y$04$itDg0CG.p5s870tBVdS2tOJTFMghzWGdk055m3eqpras47zg8eJyO', 'ROLE_USER', 1),
(363, 'ruben', 'drubenne1997@hotmail.com', '$2y$04$Xhid0rb6J3Jchp9glIEhlufY7MpSUF.TxpIUPjkIIbvurYikrYAPq', 'ROLE_USER', 1),
(364, 'Denise', 'denisea.beltran@gmail.com', '$2y$04$1AP.IIyKqxPAZiGejf6kbuSnY.lrR4Im8WOMDj71uNiOaV5NlMMYS', 'ROLE_USER', 1),
(365, 'Carito172425', 'carito-2508@hotmail.com', '$2y$04$tzAWSW8Zcj2Q8Se/WxuPsu8mniPIJMm.LYu165A2s6BHAKDyCL3.K', 'ROLE_USER', 1),
(366, 'anyela', 'saranyelychavez@hotmail.com', '$2y$04$NiEprKjckPHAwHOrYKQiA.n3whAASFMrAQ6KtrZIx8LuCVNWghHUK', 'ROLE_USER', 1),
(367, 'ancianidani@gmail.com', 'ancianidani@gmail.com', '$2y$04$zaxM24PpUJxrjbrxua4cQ.jS9mp9TQlR5HBGxXw05sTiW00xZDgKC', 'ROLE_USER', 1),
(368, 'Jessie', 'jessie.losalpes@gmail.com', '$2y$04$bmN9AsCBX09jZmuOuwbrMeANlodlc4Tkjx5/R/0cRLmNynu4JOe/i', 'ROLE_USER', 1),
(369, 'Deyanira', 'lanenapaucar@hotmail.com', '$2y$04$ZZZgmyP4sPLlGhtpijDUseMBtdP/sYPKOv9kjcbZ6lskj8Gt.3cbK', 'ROLE_USER', 1),
(370, 'TamiN', 'tamieli1591@hotmail.com', '$2y$04$ATLFq.CQWjT7jq6BEs833OumTajfJYw6nLvyYfo51pgYLTWMvr32G', 'ROLE_USER', 1),
(371, 'Lesly Amaguaña', 'leslyday@gmail.com', '$2y$04$aCCeLMB3DkbrZsi1G/HBLe9lmU9WJyp1wpDLG/8RfXyr8lOHLgShq', 'ROLE_USER', 1),
(372, 'MONICA ARAUZ', 'monicaarauzs@hotmail.com', '$2y$04$4oA.NGFFdoQIOyvvUpuoDe.GPhUhk8DvJR5hBSNTtNDauDP63rnkK', 'ROLE_USER', 1),
(373, 'karol__18', 'karool_oyc@hotmail.com', '$2y$04$hNhfc9kQG4TCC3Cz0N5g2uluesEeUBB.nA/IuXUhwlAx7N1HqlDnK', 'ROLE_USER', 1),
(374, 'Wilma Barros', 'wilmabarros25@hotmail.com', '$2y$04$WOOVa79ZuTYz0CrAU2Z7JeA1FSpo/rg.lFpW32EFbewqpdm92AgHS', 'ROLE_USER', 1),
(375, 'Martha Quinllin', 'marthaquinllin@hotmail.com', '$2y$04$LxEUZ51arAh8P4RgX9tg2..b12n0TI5yLApuSN6ahHllVM2h8sO.m', 'ROLE_USER', 1),
(376, 'susana remache', 'susanaremache123@hotmail.com', '$2y$04$G26R6r9QlYiQ/EBdKvORoOk5h5J/MUmP/yvJyWbzT1cwO3ec.XvUm', 'ROLE_USER', 1),
(377, 'Fernanda', 'festrella81@gmail.com', '$2y$04$/xTOyWwXt7FVmLl6qqXHRe4sNmNHJaApcxVOs4fAN8nxhLinHfOwW', 'ROLE_USER', 1),
(378, 'Maribel', 'sonia_cpp@hotmail.com', '$2y$04$YEzypbB7c3lypR1lgeG1m.MjVAZhz6unrS8RJVcYaa81vKd/fHuzG', 'ROLE_USER', 1),
(379, 'María Camas', 'mariacamas82@hotmail.com', '$2y$04$v7MNl6eU9rd2MvBa0SHdjeUKVtn7WoPzWVU7FR5oUOpEXSIysFzJe', 'ROLE_USER', 1),
(380, '0802382317', 'andrademelvin03@gmail.com', '$2y$04$XHn.jXSv7Wmz39099Vfp2uMc9LrdNAFaVAlrgoRs2kS10EQltW7RG', 'ROLE_USER', 1),
(381, 'jhon pavon', 'jhonpavon5656@gmail.com', '$2y$04$fFr7u8V1pxWYulADhhLlauG.uEmZZpDlTSztl3aM..1t7WF68koeW', 'ROLE_USER', 1),
(382, 'jhon esteban pavon', 'jhonpavon565@gmail.com', '$2y$04$SqtpbaPzJVbegTBlVQacDug2EyRjC36xyaJ5WCWqHHpTUPE8Zt4Fe', 'ROLE_USER', 1),
(383, 'Diana Andrade', 'dianaflakita_d15@hotmail.com', '$2y$04$8A1v49vB2W1FGUVqMUvecuDkHSM5.g5L.1x1ZnxU90k2UdEvJ7QtW', 'ROLE_USER', 1),
(384, 'maria-paz22', 'mariapazita99@hotmail.com', '$2y$04$rVWMbmGo/KHCKAHpzKGGsOED.97JfWOjEwpKhyNHsK07.dkFVSfRi', 'ROLE_USER', 1),
(385, 'Viviana Romo', 'vivianamicaelaromopiedra@gmail.com', '$2y$04$kUCqKS.kjN2XppcPmQofC..N1ADAEtKlsKM2Cykr0XxsxWj27UR8e', 'ROLE_USER', 1),
(386, 'karina Villegas', 'karina.1973@outlook.com', '$2y$04$pO0eX55.3MHneJ0RU6IXRexRCjAwIEFrq.aoqs8wYXHh02J30HPXm', 'ROLE_USER', 1),
(387, 'Piter', 'ppemts91@gmail.com', '$2y$04$aqiou7j3ENEa2rrmf8r3IOAHkh3VpKNpshXeE06ZbCV0VFTEmKiu6', 'ROLE_USER', 1),
(388, 'Esteban chulde', 'chuldeesteban3@gmail.com', '$2y$04$IDQeMB30eEPIanM9Pje2E.iL0Q43I1snxFvPDOQVticaYqeaHgl4O', 'ROLE_USER', 1),
(389, 'EriLore', 'erikasantillan901@gmail.com', '$2y$04$sEkdJldz4HGDfKYhKRexgONt2wsIwBSNu.9IBsP3JTwjKibGPMVP2', 'ROLE_USER', 1),
(390, NULL, 'jimmygaona30@gmail.com', '$2y$04$YZL2RGa4D08yoHzRd4gYV.x/x9NxZcT.Khifh1JOifeT79XnW4IXq', 'ROLE_USER', 1),
(391, 'Jenny Acosta', 'jorgeguidoix12@gmail.com', '$2y$04$ETAhi1OE9TiXwn9X2YuBr.04olnTh5vRVguRNAlrEjVmKJb3K2r7O', 'ROLE_USER', 1),
(392, 'andrea merizalde', 'e_andrea16@hotmail.com', '$2y$04$L5lUxPHkhs.aYYdgd4yv3.E/eVJsPUb6VXOt6aiIIrvh.dyMcl2K2', 'ROLE_USER', 1),
(393, 'MARGARITA LINCANGO', 'marlinmo1989@hotmail.com', '$2y$04$CWFhu8fFNkghiIzHS0kpkO3a8kVticDxL4.ZsZRGbByXCQNVTrICm', 'ROLE_USER', 1),
(394, 'mariela', 'mariela1996@hotmail.com', '$2y$04$v/Ii9fjdC3NfvEjmfhyEIuo.W8W3yAOlaJV8vt2e3kLwUiPbx9PJa', 'ROLE_USER', 1),
(395, 'jennygallo', 'jennypgs69@hotmail.com', '$2y$04$dUjO2ksUbuWVVg.JoPAzpuQwgUISlasM6gs9rsjcfCGq/v8heuhuW', 'ROLE_USER', 1),
(396, 'crismaly', 'crismaly.kriz@gmail.com', '$2y$04$pZP8SY1.GEL6gfkv5Si9S.YMJ./NUiClzOoTdkxUaLa3ALK6k0ARa', 'ROLE_USER', 1),
(397, 'johanna katherin', 'katerincusco29@gmail.com', '$2y$04$J7nOm1IdDDxHpXIO5e.8o.CJ3LHlP7NcKFZP4e1Mpdep33bjoXQ1K', 'ROLE_USER', 1),
(398, 'JesusP', 'jesuspichardo18@gmail.com', '$2y$04$zsORvueAb4u0dV7ZDVVmsuFh74i13bGNpstZk2kdm7msCRy5f7f6.', 'ROLE_USER', 1),
(399, 'Diana Doicela', 'ddoicela@yahoo.es', '$2y$04$OqbVkpjh5/2BDzG0tICSDO7LU/D8OjWDDc7nV53Cv9APBLdh3JVjm', 'ROLE_USER', 1),
(400, 'Ariel Salas', 'jordan.salase@gmail.com', '$2y$04$bCUu7aBssGskFzE.jsdfsubtVFquy4oeCKuGCvhc6L6uHF6MVyCdG', 'ROLE_USER', 1),
(401, 'leyser gabriela', 'wilsongaby1993@hotmail.com', '$2y$04$qd3IS.crR4Gq3GUwKq.U2.Gu56uT2iGDs3DhKQ8mtqve.KziFV8h2', 'ROLE_USER', 1),
(402, 'SYLVIA MERIZALDE', 'comercioec@gmail.com', '$2y$04$ih/nDwjJAeBR.sFM.SvG1ug8GkQfjK/fn2yBeYyiSa/t45IVvWbdO', 'ROLE_USER', 1),
(403, 'Dayanna D', 'dayannakdg@hotmail.com', '$2y$04$HfePY28gPApkLLkLlCE3YOwxTTJTj6R5.yRrEu0s6mn4HS8nYeIs2', 'ROLE_USER', 1),
(404, NULL, 'chiquitonacional@gmail.com', '$2y$04$zJUuTc6NhpAptUtNd1H6leDnlO3wGuzLUrqWRfxL3.DO7ROLmAzjG', 'ROLE_CLIENTE', 1);
INSERT INTO `user` (`id`, `username`, `email`, `password`, `role`, `estado`) VALUES
(405, 'Miguel Carlos Sandoval', 'miguelsannd23@yahoo.com', '$2y$04$Yis21iKb4bKpkLpTZLUYZ.vQckFey8BDmcQVTjiSK4ba7BioMrddG', 'ROLE_USER', 1),
(406, 'ROGER RODRIGUEZ', 'rogerandreslc2015@gmail.com', '$2y$04$BFImNnfshXUhco7EbqnjwecqTnE1kG0CDuPW38oAcSBgmYGRXcnF6', 'ROLE_CLIENTE', 1),
(407, NULL, 'solangeperezlachiquita@hotmail.com', '$2y$04$l9ehce89lNSuHA2fE3HI4eij.I.lW5CCjxeO86GDfsQVLb00MsKoW', 'ROLE_USER', 1),
(408, 'Kathy', 'kathylu_3@hotmail.com', '$2y$04$PgLdSQsYEMY8bx0rpreKYe89m9/MAxs.6xeID0PSAYQ0JVwKSYdNS', 'ROLE_USER', 1),
(409, 'ANDREA ABAD', 'perfect.andre@outlook.com', '$2y$04$zalYBo.OIWklQZPiLvKluOq7Dc4wB.4aygfGDzzv5BMj5cxmvw1gq', 'ROLE_USER', 1),
(410, NULL, 'valladaresandrea_1993@hotmail.com', '$2y$04$Adq6M7k0gRVDzxSsN6Y1YOUI6AU1inGHw.tTlGoR/g8jG.5Z.UtQm', 'ROLE_USER', 1),
(411, 'lorena sango', 'lorenadelpilar085@gmail.com', '$2y$04$oTU819P7HzY47EM0tdxqx.vj.Wo.xjuMm3DjLx/Yyu4GVZJXnrDIS', 'ROLE_USER', 1),
(412, NULL, 'dianamargothperez@gmail.com', '$2y$04$D/UqlbrybHmQbHRZ1fh7ju4z20bDdFxQTU.vTtBL5l5u29mxzmMUS', 'ROLE_USER', 1),
(413, 'mirian dorado', 'mirian.velasco@outlook.es', '$2y$04$2WlWuikzuEb7cbRSmFEfM.AtXHa2VDaYPoPPC5r4RhOEW2m63aqci', 'ROLE_USER', 1),
(414, 'Martha Altamirano', 'maltamirano42@hotmail.com', '$2y$04$t42L3VDAF0g.e5RX5dmoX.g0PTsUF2uv4GcIdKtm1hSXm5Xeojf/m', 'ROLE_CLIENTE', 1),
(415, 'mirian', 'mirian@hotmail.com', '$2y$04$6x6Yf4wEqZahSgwWO9T8CeW/rFfKVwuJsAiHayhNkFxRMRjuNaAjm', 'ROLE_USER', 1),
(416, 'mirian', 'ELIZABETHSANTACUZ@HOTMAIL.COM', '$2y$04$R9fKWwzWUpp7V0wN2vDbW.vNG2dPHT5lQDTdl28Ys0hk44/LQwbVG', 'ROLE_USER', 1),
(417, 'nicolsosa', 'novela2823023@hotmail.com', '$2y$04$plNmGmbmaYGnA7qoq/9dLONegcgjv2J5joDdqH819lx4I9bm0aSye', 'ROLE_USER', 1),
(418, 'Evelyn jarrin', 'gataj1992@hotmail.com', '$2y$04$7mSvLVZIOEiObZJ6YV8wOucBdXIeHn275bf3s11c2WR7feZPYYuoW', 'ROLE_USER', 1),
(419, 'Oscar Millingalli', 'millin_6oscro_88@hotmail.com', '$2y$04$vn4rrFs9eQGqQpA5VSEznO2J3tdBGK91dC6PpoPiB9msYvtvutA2S', 'ROLE_USER', 1),
(420, 'lourdes margoth', 'andrea11.pullotasig.@gmail.com', '$2y$04$rxLG7VWLIzXAgoDhqg6Yg.T/vXUWGmJkqNEEcTH5ZSdyv9ezkdJje', 'ROLE_USER', 1),
(421, 'Silvia', '18silvina@hotmail.es', '$2y$04$dwtkai/c5vtJBrWFqFAtIOQSbav5W5OpkFIP4JLS2H5NT7fioBB2u', 'ROLE_USER', 1),
(422, 'JACQUELINE HUIRACOCHA', 'huiracochajacqueline@gmail.com', '$2y$04$63wwjWo84xRyDnP1xP465eumFPh/eOddl9aX7FJvHo0.4CeBWnWG6', 'ROLE_USER', 1),
(423, 'Estefy Castellano', 'estefycst@gmail.com', '$2y$04$s5SqV92Ykncgu3eXNWI2QuqYSzH/Grr7GuwuuSzNKBCo2TbAvukfi', 'ROLE_USER', 1),
(424, 'Mercy', 'janetmer_10@hotmail.es', '$2y$04$hOPyIBMQyxaL20/Q0dHDSe0ElTftnRQuymmxt81Ww/cZgSggIh/Hi', 'ROLE_USER', 1),
(425, 'mabel', 'mabelyulisaplaza@gmail.com', '$2y$04$.LPha3/R5O1f3FhbeEo0guGohnxLZzfOqBky7SYrvIOF32HIUVnzK', 'ROLE_USER', 1),
(426, 'Patricia Santillan', 'sisa_199@hotmail.com', '$2y$04$9IkAHxzFs09nhFT7tgFAbOQnpjy9pteJBODVKGkMeYIFga4/kXEnO', 'ROLE_USER', 1),
(427, 'Paola Buendia', 'vero34pao@hotmail.com', '$2y$04$vLmRnjAlBgI2wL49C.Tj2.jxcgAMKqwpflO3JkcNrlH13bh4bWXWy', 'ROLE_USER', 1),
(428, 'Ana Cristina Pantoja Vallejos', 'anacrispantoja@hotmail.com', '$2y$04$WouFMBphMzaV.S5ZjTzCWugblpP1oAgPKqUE.oZbb4EvGZIHotP4W', 'ROLE_USER', 1),
(429, NULL, 'rubencillo_1982@hotmail.com', '$2y$04$FafwA/XSV941ompVS4tHMumPlVYBwa75ssq/d/jq3HOF9PBjXKTxC', 'ROLE_USER', 1),
(430, 'Verónica Herrera', 'alexa_ver75@hotmail.com', '$2y$04$ArAsSdt7Jp4JDDmgIxGPRe6Yx2j.JbpYIxNx6UnLYCBM9DBdVJnEq', 'ROLE_USER', 1),
(431, 'Andrea', 'jessyca_yadira@hotmail.com', '$2y$04$G8bmRp.Zl7KSG.vecIGrnOquYDLbsqHdh/HywYPK8Y8DDuNnTmNyG', 'ROLE_USER', 1),
(432, 'nancypacheco', 'nancypacheco2109@gmail.com', '$2y$04$w.BxVVJVf59ePSCEwjLF..2bdKOOhQNY1/7u7KAHpBpxiESH/P876', 'ROLE_CLIENTE', 1),
(433, 'alexandra gavilanes', 'peggui2808@hotmail.com', '$2y$04$lQihHAb7/oueelz.t6YZ4uTAiOa8MsdpP4hj2.DHztTqWavxEOxJG', 'ROLE_USER', 1),
(434, 'Gabriela Lara', 'gabylara2007@hotmail.com', '$2y$04$1kNRVmagP5tA8LpxUgXcQu3XEL.eijbRGJUJ89WIrMp7Ylp9B6LKG', 'ROLE_USER', 1),
(435, 'GLORIA88', 'gloriacamacho1988@outllok.com', '$2y$04$6qd97mdzQjIi/Mi1T6HcfeArcvNeAjSs4m7X2FXYGwKeDTrL66veO', 'ROLE_USER', 1),
(436, 'jazmin Nathalia Rodriguez Casierra', 'natyjazmin199422@gmail.com', '$2y$04$9mrIgUBITp7xtBBXpixdmON.8bDzcFFLOUTcABF.wWQ//Xk6QuoAy', 'ROLE_USER', 1),
(437, 'Jenny Mendez', 'mendezcongojennyalexandra@gmail.com', '$2y$04$9QxQifyKek6eyMS.iHvz.uNPVOuyzXYWjXVQs4TepJdK/i3ElnsVu', 'ROLE_USER', 1),
(438, 'Miriam Poaquiza', 'elizapoa28@gmail.com', '$2y$04$/rTdKrEsdMh3IuiH6.VMLOzPQDrypbEo1eZlBNP8wL9KPF9ox8rYa', 'ROLE_USER', 1),
(439, 'MARIA MORALES', 'karolmabel7a@gmail.com', '$2y$04$amBUb0aE8nbQsh5rpVKXiOKK36nxaHpavnXX8eb4r8WrvtkiqFGUC', 'ROLE_USER', 1),
(440, 'Anita Vasconez', 'anitatugatitapresumida@hotmail.com', '$2y$04$yWzsBEyr6FrYg7L1phm0q.oVnUUouhtjjKJwXwMftvhaxjxZQAw2W', 'ROLE_USER', 1),
(441, 'MARYA', 'MARYAMEJIAS@GMAIL.COM', '$2y$04$7El.RSNXl6rN8sc5/Y5pV.I0oWH.SrVQuUF58QGF/RpG0ume4QNjy', 'ROLE_USER', 1),
(442, 'Jazmin', 'jazminanabel_10@hotmail.com', '$2y$04$wR2CU8eWCI9Dhh2bBceszuisKnxaoQivPJLlS.sr3FGF15tkDDLNe', 'ROLE_USER', 1),
(443, 'Manuel Garcia', 'esteban_garcia82@hotmail.com', '$2y$04$i/3mWa/sI8P.dRU4VwD82OKfVrLJhcufXWvZQLEhmIREOkLMQDrJi', 'ROLE_USER', 1),
(444, 'karlamoya', 'karlapam.2017@hotmail.com', '$2y$04$bBW47F4J3wlIJ5EP1xe9u.r5Ldn7FPV7/EDZZfJ6FWUVX2dxv9CE.', 'ROLE_USER', 1),
(445, 'DAYANA COLTA', 'dayanacolta5@gmail.com', '$2y$04$Eb1KtBKQr1XvSKbYqCHof.LFTAC2Hv.rHFb.mDjvUO.ku9RzsSzPq', 'ROLE_USER', 1),
(446, 'kerly quijosaca', 'kerly123xd@gmail.com', '$2y$04$sttPTovCDURes3s/EoDh9OFL1wIVsDcF2s3snalAm0cC8xzSGa2Mi', 'ROLE_USER', 1),
(447, 'LETICIA QUITO', 'fannyleticia1070@yahoo.es', '$2y$04$G029tD118ARX6SOg1HpRe.xnSyWfhYaRUWLx22oV/sRffSDj.8t6G', 'ROLE_USER', 1),
(448, 'rosa  bosco', 'merly_bosco@hotmail.com', '$2y$04$UbNO8SKIsPG9JUENF2/ymuE79ytRjfaRbeFTm8eFFTrvoO.lReJTe', 'ROLE_USER', 1),
(449, 'Mónica Flores', 'moniflores30@hotmail.com', '$2y$04$.dNBXx/FlbaC6W52V0PGqeSvIKJ6qS9xUS6EsOyjd2KC.UYYZ2ikW', 'ROLE_USER', 1),
(450, 'Dieumise', 'dieumiserouston@gmail.com', '$2y$04$CcQu2wQmuWG2QDMQVRIv.uuih6ehrZCMjxhwk97POeQOEbgIU9Nye', 'ROLE_USER', 1),
(451, NULL, 'washooo18@gmail.com', '$2y$04$ZUsqy52cm7mk4elb1SsAP.KMsDRnjTHKrlfvfkPbZr9E7NxkM913W', 'ROLE_USER', 1),
(452, 'Samantha Proaño', 'samanthap9529@yahoo.com', '$2y$04$poPJA0MY4Dof0DMSpsGr7expMynGyBbiMPPzVelaPGBdslxrclfmS', 'ROLE_USER', 1),
(453, 'Yrsa Espinoza', 'yrsateresa@gmail.com', '$2y$04$ILWyPjNyO5R4qstwWLwISeufOji/LCIPV7S0ceyxiEI9IAPQslC5e', 'ROLE_USER', 1),
(454, 'ANANYILIS ARAY', 'ananyelizarayz@gmail.com', '$2y$04$sOJADtnRzM2sgq8Gf1nSLOKvLxhb8lF93xSgQkRG0IcIL8qvhR0nq', 'ROLE_USER', 1),
(455, 'mafer', 'maryyta311995@yahoo.com', '$2y$04$yDMkzGNhXz133fa05wthfuOoPMbAnKWaYq6C6jz/4cNzJf3icBVjK', 'ROLE_USER', 1),
(456, 'Francesca', 'eustachefrancesca@gmail.com', '$2y$04$00ZT.LGNDfrL0tNATmbH0e.PiU63sOHFuyEgYXomScpsMTejAOWTu', 'ROLE_USER', 1),
(457, 'Yuliver', 'yuliverr@gmail.com', '$2y$04$gilWOfotuZXT4RA88I0qq.Lmzu9mGAA16d4KDNAs46sLWZnjBnWlq', 'ROLE_USER', 1),
(458, 'Ani', 'lemosanahi0688@gmail.com', '$2y$04$agY0gAMus2cUDB5rLWbJtusVD358Dvluu2ROKG3UK7Nc/cW3zq.my', 'ROLE_USER', 1),
(459, 'Norma Perz', 'normaperezcueva@gmail.com', '$2y$04$36ApcilrTa54LKSmT3cIqeWEG0iCL5PkPK.Rs9rR1Dg6T8FBU20ui', 'ROLE_USER', 1),
(460, NULL, 'amada.fuerez.i@gmail.com', '$2y$04$oPpkTWUtQKviAYuHwrJlYOVBgf0KQ8vhrFmlEigxWPcyBixmm6GG2', 'ROLE_USER', 1),
(461, 'monica valdez', 'jeanneht@outlook.es', '$2y$04$jh9YqB04dPYlax8PxNLsVutlzVGCV4yfjUL5ViMGBf2P4kY89VPCW', 'ROLE_USER', 1),
(462, 'Irma Mendoza', 'lbva.lalaleo@udlanet.ec', '$2y$04$zC2dH5s.9E58/y5hsXFNp.Qmp.Y1.y/jzGmMJI9/ls11VouGuUneK', 'ROLE_USER', 1),
(463, 'Brayan Guacapiña', 'brayan11gnr@gmail.com', '$2y$04$wM4SKwiEocZ1TBEWtEQvseuxUSyW9xXcstPwDQTOJmdx0CehFWJpu', 'ROLE_USER', 1),
(464, 'Jefferson', 'cang_99@hotmail.com', '$2y$04$AaMo6fcv.OtPyFb5T7i2.Oqqot/YNYPXc1k2gfKQ93kEsX9VG0Xve', 'ROLE_USER', 1),
(465, 'tania toapanta', 'ttaannyy_19@hotmail.com', '$2y$04$ioO65IALGEP/jyPvyMasnOk2ytvBeHCqG86ptf9LmunvTDHEJDzSy', 'ROLE_USER', 1),
(466, 'Jose  Roman  Pintado Troya', 'eddypintado@hotmail.com', '$2y$04$8u506dg.pGlVIGDAPxRkHei7M2IwN4CILHAoDHG578MtA3IptkV2e', 'ROLE_USER', 1),
(467, 'marina_luz', 'EddyPintado2005@hotmail.com', '$2y$04$xIJOWEHiDTgWVu4QpBs5r.TkQXh.ibEkDvJ9c/ClSEvIF8aLOYqB6', 'ROLE_USER', 1),
(468, 'VERONICA', 'oscar77an@hotmail.com', '$2y$04$TSfxSXFkUJzO6eUeL2Evg.xHXFa9ET.t.jh/hkfr9qn5IivBC/KIy', 'ROLE_USER', 1),
(469, 'Natali', 'natalitupiza1996@hotmail.com', '$2y$04$s2BpYT6GT.GP/l3.LnNZvOKYh8G.aQm/Q.hTBHnjWXF6/2XVwT212', 'ROLE_USER', 1),
(470, 'ponky Méndez', 'ponkymendez64@gmail.com', '$2y$04$gabvIcA.hkWO4cKBdvtTJ..dy3L9C92RnpJ8tYVw0x/zHEsCOKTtC', 'ROLE_USER', 1),
(471, 'Fernanda Paredes', 'fernanda_paredes93@hotmail.com', '$2y$04$vCxhicANw7zbItCfCibuCuyZ8nBUh9.vNdlSSC9m4eILjv2frpvWK', 'ROLE_USER', 1),
(472, 'Santiago Zapata', 'santiagozapata69@hotmail.com', '$2y$04$Ba0vUYS.yTzpZI5tiSCIkObIpuEW6JmZxrECV1Qr93mOQlXPdyZI.', 'ROLE_USER', 1),
(473, 'sofia revelo', 'sofiarevelo_ronny@hotmail.com', '$2y$04$wopDB3/OAb.26g9OIPadAOwgfbfXknPceqYFJ5i7sWvTzhqZzkgQO', 'ROLE_USER', 1),
(474, 'Angelica Jeanneth Martinez Vaca', 'jeannethmar33@gmail.com', '$2y$04$0wKRzy67va7yeqCLirdgkOTaCuYXOdCiE7S9wJHKC9u5YEjNr8kby', 'ROLE_USER', 1),
(475, 'katherine elisabeth sabando sabando', 'yoteamo1414@gmail.com', '$2y$04$PAp0hnpV.Haug0T/Dm7VSO0hsFLWXnYhgmqvdCLhBQUBOKFjCp64e', 'ROLE_USER', 1),
(476, 'Manuela Garcia', 'tefita.garcia1991@outlook.es', '$2y$04$mv9bdGha8KKEv4soFd1FUOleZ52/M3Frw.wP8Ga3v4z4GrQvfka6m', 'ROLE_USER', 1),
(477, 'Nancy chalco', 'nancyelizabeth_1981@hotmail.com', '$2y$04$4oERLyZ2Yp15nUvyudGFEuVcwci6CFmVV.U09LO37oC6FYTC8qn9.', 'ROLE_CLIENTE', 1),
(478, 'Lorena', 'loreb30_@hotmail.com', '$2y$04$ruZg0ZeDf4iPr7MCuiPJ0exLQz9USANADOAdMlkjAWq0iM0ifD6YG', 'ROLE_CLIENTE', 1),
(479, 'Nathaly vega', 'natalyvega273@gmail.com', '$2y$04$lMZKLSGKv6OzstwBjats8eGUo2/XY1Dbt1mm64ODyQyHO7eJm3Q9C', 'ROLE_USER', 1),
(480, 'María lata', 'majitolata@gmail.com', '$2y$04$d34GJ.nYfa4hcRCjHt6sy.byxlo4yjz4boK16wpBRXcBrUygwG.3u', 'ROLE_USER', 1),
(481, 'Marcela Soria', 'pomeya5@hotmail.com', '$2y$04$aQSNuz3ihgy.Vl/QsPY3Zej1iz1iB5GHGp34CaIZPQIkInFyJjzq2', 'ROLE_USER', 1),
(482, 'Carmen', 'carmen123@hotmail.com', '$2y$04$bi0ys2PSijQj9a0lX.w1EOSRt4EYQNl3.kvBpYVSSAf3a1Y/lmDei', 'ROLE_USER', 1),
(483, 'Carmen', 'neovin95@hotnail.com', '$2y$04$woScbXWeqEDiuC4hJRJN9.PgDiNaWUJT6IfO1q8sUsWpY.RPfQhhS', 'ROLE_USER', 1),
(484, 'Gina alexandra caicedo quijano', 'caicedogina2200@gmail.com', '$2y$04$2wo8FRbb4WjIVxBsHWOCxeRYWL7ajpScFMNgHLC4CUMFEF5tLo43e', 'ROLE_USER', 1),
(485, 'Alex Puma', 'apuma305@gmail.com', '$2y$04$gcoc7TxwoK8yDZOUoinaGem5SXp4OCNFhXXn8lxQABNW7NNLrNxLy', 'ROLE_USER', 1),
(486, 'ELVIA MOROCHO', 'helvy_m_20@hotmail.com', '$2y$04$ShYtLtiZXoQ1SsD0uRohUuOW.0MEH/Td.Pr/sNPmzCmqX7budDOhW', 'ROLE_USER', 1),
(487, 'JEIMY JARAMILLO', 'jeimyjaramillo-80@hotmail.com', '$2y$04$srZZnjPcsP2MR6kLSSrlqeFYFUp4ok3c.hmN4T7YmYPj/VWok7KLC', 'ROLE_USER', 1),
(488, NULL, 'magysela2014@hotmail.com', '$2y$04$D2Dn0h2seUiXtmGE0FD8PeIFeeZ1yjdQwBvr5qcmuDtOmC1820GOe', 'ROLE_USER', 1),
(489, 'tania guayllazaca', 'taniajulisa1997@hotmail.com', '$2y$04$jg3W6Z4ofAa2q7Xt9DFAcutCX0KpUGKwtnCPrJxKQCPv8dROwLq0i', 'ROLE_USER', 1),
(490, 'Viviana', 'lilianasillocatota@gmail.com', '$2y$04$Kz6Revm7ypJARNXYkvovu.3H4qAUyUBRLXuUo3P1R5.uLB5/I6l2K', 'ROLE_USER', 1),
(491, 'Ana Arce', 'rociaarce1974@gmail.com', '$2y$04$z53zFzy3j8.AGm2XLfPRrel9CN.ALsJphNml0zEL5lrzsFFAOddTi', 'ROLE_USER', 1),
(492, 'Ana Arce', 'rociarce@gmail.com', '$2y$04$X16PKfWCLxDDH1RZba2TuORLm/mTKyId2BeSe.xqRn1c4yxw2cQ3e', 'ROLE_USER', 1),
(493, 'María Cecilia Carlosama Quilca', 'Ceciliacarlosama09@gmail.com', '$2y$04$8AgMbiLjxj4VlnxYuc0UnuF3UC6MFPaATgRvRNEl1jpT78CgpZVk2', 'ROLE_USER', 1),
(494, 'Silvana Inca', 'hugo_molina2014@hotmail.com', '$2y$04$SNCf5uxaca2RRgsx6vwC3O/LJYb9NZkVdIklvwN2ZnUaUzewXBMqO', 'ROLE_USER', 1),
(495, 'Rosa Eva Cevallos Vaca', 'rositac191@hotmail.com', '$2y$04$inBh5CFwngVziFZPu.eHf.m8KlukIAtQKfZlOFCCKjXJa9s7GDHa.', 'ROLE_USER', 1),
(496, 'fernanda muzo', 'emylyabigail@hotmail.com', '$2y$04$jZrpVOdqDLp9iPYfP3u9v.O.8GXhhRYxc3XdKzPxqHVADhQlbCb6W', 'ROLE_USER', 1),
(497, 'cecilia', 'cecilia240166@hotmail.com', '$2y$04$ka9ThYU4RFXzIYxnSpR9P.GMMcfAfWdssNutVEZIbVhKhvkeT/Vpm', 'ROLE_USER', 1),
(498, 'FERNANDA', 'richy.fer@hotmail.com', '$2y$04$on9GWC0x8h0.35NQ/oe9rOteF/E8YMF.jjCpK.7HB80smVI82w4Me', 'ROLE_USER', 1),
(499, NULL, 'lulu.narvaez@outlook.com', '$2y$04$NL2AaQArUZhtx4C.exqFyefuoVFaN0UYuW7KNG2wCWw/TDsCRp9mO', 'ROLE_USER', 1),
(500, 'Maria Maisanche', 'emorocho1994@hotmail.com', '$2y$04$uWSQqoFHdL8htdf4LjYX/excL2/MAL3jLwCOf9Fr01r5.Zt.Grm1S', 'ROLE_USER', 1),
(501, 'Maria Ortiz', 'celianaimbaquingo@gmail.com', '$2y$04$dxZyN4XG/pqJ.AmvgdSEW.CvMFWkBG18Txqtj/cLmddsDMnYlqC9q', 'ROLE_USER', 1),
(502, 'Janeth Gavilanes', 'janitagavilanes1.jg@gmail.com', '$2y$04$S3WsMRg0zbaeDcisqiyy3ujFyCGFpELT3j0Q3vWpftBcLDxLqgSri', 'ROLE_USER', 1),
(503, 'arelys gonzalez', 'scarlet71gu@gmail.com', '$2y$04$XMmuVjYjmfAydjofJLmfWepaPnCS04nNOb7qFlgS6bLrE12umA8iO', 'ROLE_USER', 1),
(504, NULL, 'd2ny_@hotmail.com', '$2y$04$.WPTGLw002jgq9GGG6hJmeYkFXhsJSb6b27NwrZuc7GGfxyoyBZ/W', 'ROLE_USER', 1),
(505, 'Soledad Arboleda', 'maria1475sole@gmail.com', '$2y$04$9HtNoICvtHjlUXd/X/.b4.nOipcqW7zXN2AhPvVh8R8mGQk239fwm', 'ROLE_USER', 1),
(506, 'damaris19', 'damaris.tulcan1999@gmail.com', '$2y$04$QK4aargu/MgBvve3v5y.suG9Nebro0uk3onZdwoZchmPtVoDjL9Q6', 'ROLE_USER', 1),
(507, 'Diana Carolina', 'dc_diancarolina@hotmail.com', '$2y$04$dO9Aqo7zIBvuyBRBfcct/.1tDcHeXUOcrYQtmOjxQWbuYUGXzhrh6', 'ROLE_USER', 1),
(508, 'Diana Carolina', 'dc_dianacarolina@hotmail.com', '$2y$04$kU55240NZZsU0C7EVcA4B.sf.ARkh8HC1k29zWqWPNb5g/HVSAp8u', 'ROLE_USER', 1),
(509, 'Alfonsina Montano', 'alfonsinamontano@hotmail.com', '$2y$04$88/nl13Oeahs3usFvuxWIeCds4248.gpnftXVU9PA27ruY48nBz12', 'ROLE_USER', 1),
(510, 'jessica', 'alexandra_yaguachi@hotmail.com', '$2y$04$MySqCv3hXIkFgw.s1M4SiOS4FOntKHmXE.YAohkYDq6Uy1T5k9t0u', 'ROLE_USER', 1),
(511, 'Ivonne Pamela Chala Gomez', 'natalychalagomez1@hotmail.com', '$2y$04$gb0ift0LkwSKb48g6sNlQOeOagNmqfKWQviQJ7raK0UGIf07NooRy', 'ROLE_USER', 1),
(512, 'Luz Uyaguari', 'kryntn@hotmail.com', '$2y$04$059.HIKZHhiKzj08PpbFq.gs3//VGT5kVdovJjtB/Q76K.q1CunsC', 'ROLE_USER', 1),
(513, NULL, 'judy_ines_11@hotmail.com', '$2y$04$3/w3BUozGXRf6ySNnpyGJ.p3mnXHiY7BzGAygvqUTeyTMcJ8Ksdly', 'ROLE_USER', 1),
(514, 'Daysi Briones', 'daysibriones1981@gmail.com', '$2y$04$yu7s6GcZ7A/7XclOATMai.nSJHsdAA86i/YQO7WRPKtSHbDuhz9jS', 'ROLE_USER', 1),
(515, NULL, 'astudillom348@gmail.com', '$2y$04$0pG/GLjtHO5d3nJMHmtBmujMNG1M6CN5pvj/oau2/aUZyPRBgNQku', 'ROLE_USER', 1),
(516, 'cinthya alobuela', 'cinthya365@hotmail.com', '$2y$04$NkK6iApkBKY1gX02n7A45eN0WoO4JyVK4CQXOJlAtb335FR4pPdXe', 'ROLE_USER', 1),
(517, 'Gloria Moreno', 'clem.1966@hotmail.com', '$2y$04$vKcLN.vvBAaUnNOwK3yTiepvGgQ6.ZY6XIPW95wOG6InF1XxtbZd6', 'ROLE_USER', 1),
(518, 'Germania', 'germania.cano@yahoo.com', '$2y$04$d9rcc9pip.MwVV/M4l2m0eDa3qYEL9trqJH0Hxz3bDz3t.iwYbVP6', 'ROLE_CLIENTE', 1),
(519, 'estefania paspuel', 'akdquiro552@gmail.com', '$2y$04$UZ2s72CIzGELWX0qJ/WuxO7hIiP4xQpi.tHfFi9XpDxdavI20dg/W', 'ROLE_USER', 1),
(520, 'Janila Castillo', 'bellacastillo95@outlook.es', '$2y$04$XnZfwA0ErxnjEnFsaa9Mm.PVo6i6zlNnLRlt9IC5PtQKE3IBZh6Ri', 'ROLE_USER', 1),
(521, 'Norma Yanez', 'yanezprinsesas@gmail.com', '$2y$04$3nrrWa51xfycYvtDgLzaAetYEVXVXXdyRUEXe7WbLwDsVnHKrKa7.', 'ROLE_USER', 1),
(522, 'Rosita guaman', 'soleguaman159@hotmail.com', '$2y$04$/skeKEQSbrwFFbilHZ3MiuQBWLrRzXkYG4M.rBk5/6y3el5KukDYS', 'ROLE_USER', 1),
(523, 'TATIANA PADILLA', 'padillaivone1989@gmail.com', '$2y$04$.s4Exy.v7qw1kckGNEtMiOZ5O8UCALvfhwhjizqjyKXV28FPhP16O', 'ROLE_USER', 1),
(524, NULL, 'a.leoniciopala@gmail.com', '$2y$04$UAavCwkPs0o4lKPfwAMmY.d3irG2TAuEDIcBx3ivF7fs9JggL/gaW', 'ROLE_USER', 1),
(525, 'Amparo Tibanquiza', 'ampariquiza@gmail.com', '$2y$04$mgCmle8iMdqCEc.YJqRBw.mQ.XfDNlKc7u9BlSrsrqPYON4N4ogeK', 'ROLE_USER', 1),
(526, 'Jonathan Suárez', 'jonathanfsuarez@gmail.com', '$2y$04$mvkv2N2QzLfb4yjeoaHQqenVlLH1ylvNEan55UfKL2RtB7zOvzpnK', 'ROLE_USER', 1),
(527, 'Jonathan Suárez', 'jonathanfsuarez10@gmail.com', '$2y$04$.Q6itU0py14Ldam5D3zBZupZY02NgPRqqGWngf4QcVjc6lKdr8WaW', 'ROLE_USER', 1),
(528, 'maria lima', 'cmaitelimac-123@hotmail.com', '$2y$04$HcmVm3y4Ud8G1uNE9lMZuOdWf.eYa3J6Fs.EdYOlmjL4Ys.cQ5RgS', 'ROLE_USER', 1),
(529, 'Mayra zambrano', 'mayzambra@gmail.com', '$2y$04$Xeky7Mulvelus9XY2cCOmeIcL/tVLs9/gXGIyos/kOf7IgoOQz/eq', 'ROLE_USER', 1),
(530, 'Diana Cuenca', 'Ximeeeee_93dyanis@hotmai.com', '$2y$04$TL5DbaGuuA8io73KctdJbuPLOOe5uIYxsLaG4fJF3n/57DfTLp6RS', 'ROLE_USER', 1),
(531, 'SARA PATRICIA QUINATOA MOYANO', 'saritaquinatoa1998@hotmail.com', '$2y$04$Rj5mZTFrS7D5kk2Q2IO2zupDHJq/RLHJgSw06IhWs6TPxtcydghIi', 'ROLE_USER', 1),
(532, 'IRENE FERNANDA GUINGLA', 'irene-19guingla@hotmail.com', '$2y$04$Jwo4VbSJJiEOck6FtmrwB.d1kSt65dTLQmPh99nClqdUmlhpw5jVu', 'ROLE_CLIENTE', 1),
(533, 'Martha Aguirre', 'maguirre8012@gmail.com', '$2y$04$5hRsuyblTc6BKs.wvQyw/uWtqXBVSnkD87WthxxlnXMynFSTYo0jS', 'ROLE_CLIENTE', 1),
(534, 'IRENE', 'IRENEARMAS1996@GMAX.COM', '$2y$04$QshwKidXMBZVWzN0abgd5eMjFmhiEMhXWnDPmIIsVXiPROojYHZ3O', 'ROLE_USER', 1),
(535, 'sara quinatoa', 'saritaquinatoa19982@hotmail.com', '$2y$04$WVfJgHeenaDgb9sJR86vvuD4/xTcy/Te9ZGXT6ogqUuv5zIiTQxAu', 'ROLE_USER', 1),
(536, 'Yuleima Elizabeth', 'yuleimaegb18@gmail.com', '$2y$04$9bWpvnBg9A81wCbnvpqKpOnOuAt8.diq8ZfKoVPx.ZQwVTf2uuKni', 'ROLE_CLIENTE', 1),
(537, 'Jacqueline Cepeda', 'jake_ale18@hotmail.com', '$2y$04$/c9JiQDQaj/6BgHfq0i7kOe9vBr9xDTSUJLybQHu6BFLdGJ2g6646', 'ROLE_USER', 1),
(538, 'Enith Fabricia Narvaez Grijalva', 'narvaez_fabricia@hotmail.com', '$2y$04$ejsdc0n7Rhfkw6aqxU6DhewAabI.BQx3eOBHoaALW5ako5k/x0wrC', 'ROLE_USER', 1),
(539, 'Luzmila', 'mamayash@hotmail.com', '$2y$04$swibu92ZKPng/vxr/dgVUOLEInsxIBdJKBbS53y2j4oZEoV9GVvCq', 'ROLE_USER', 1),
(540, 'JoselynV', 'joselynstreet@live.com', '$2y$04$ZnkXM40X9R6EquH5/MQpsOj0mp71bvET/dEqba6wbUBAMzlcZP/JO', 'ROLE_USER', 1),
(541, 'VERONICA GARCIA', 'velytosgarcia@gmail.com', '$2y$04$8tP5EkD6Zt7A1kV96/029O/qGq36TMPtnFuWUOlXqxZWjc1Bbdm/2', 'ROLE_USER', 1),
(542, 'Rosa valdez', 'flaquitarosivaldez@gmail.com', '$2y$04$wbI7dKDKVAH5MpWPdTazi.CXWNNoNFf4KQK988kR5Y18YJbIydugu', 'ROLE_USER', 1),
(543, 'Segundo Jiménez', 'segundojimenez264@gmail.com', '$2y$04$fQFO3P9gjC.ORIZJHSP/CuySD.J.yB7GuMJqxKjKTG0HpEqEZRsw6', 'ROLE_USER', 1),
(544, 'Shirley Maria MERO SANTOS', 'shirleymariamero@hotmail.com', '$2y$04$t3orArkZgNdy21CdAGnt3OwtAyIg/t0HDd2Pg7qAyFRqSCptcfVk6', 'ROLE_USER', 1),
(545, 'Rocio del Pilar Caiza Valenzuela', 'chio221@outlook.com', '$2y$04$mR.TA//Pg8tVAdSFPnZh8OIn4Uq0uO90xcjT2b0mYqFrZNuMqUD.K', 'ROLE_USER', 1),
(546, 'Rebeca Pardo', 'rebecapardo23@outlook', '$2y$04$wtEqloX/PLV9byXh99DDM.50qXWAOX9IUrhMDm4GINgWpV/X/mhmK', 'ROLE_USER', 1),
(547, 'Rebeca Pardo', 'rebecapardo23@outlook.com', '$2y$04$eRyUrSwbelx5eYw6XfTAI.3uiskh4zJYuevgcpbl9IOflBAnjgqxa', 'ROLE_USER', 1),
(548, 'Betty Jimenez', 'povedaolguita29@gmail.com', '$2y$04$.k8Jeascr2oZ5/MMXX2HkeDwnplU6NW0jcCeDAP0IfIRY1WFpLLpK', 'ROLE_USER', 1),
(549, 'evelyn carmita', 'ivi.beauty@outlook.es', '$2y$04$uKCENhcc8D6OyR8tNElaLeTZjHh/xekQ3hMDsUXzw.j2PE/.Bja6a', 'ROLE_USER', 1),
(550, 'ana zambrano', 'anazambrano24@hotmail.com', '$2y$04$poksGuc9M5E/AsojGVk.9eIB3UV6uXBKLOvvk0In4S8SIBSjybnZi', 'ROLE_USER', 1),
(551, 'Jenny Tipan', 'jennyfernandatc@gmail.com', '$2y$04$aiEid9KFLgLsfsNzwl8vhukoL5ama6JFhFzJD9g43He/eyJ39ltMq', 'ROLE_USER', 1),
(552, 'deslgadocruz', 'santacruzdelgadomonica@gmail.com', '$2y$04$zqydPf8r6swR0RZpf3P5Ae6IobBZP18cnPcN2DXLf65LJ5viLpyi2', 'ROLE_USER', 1),
(553, 'MISHEL SANDOVAL', 'mishelsandoval0204@gmail.com', '$2y$04$qr5p09BUUY/n16i40bUba.DzqKXeQSamRxF2w6WAg0NO2SEz.uUfi', 'ROLE_USER', 1),
(554, 'sobeida rodriguez', 'sobeida1919@hotmail.com', '$2y$04$XZq4FmMrsauqugNpZtr21.//Mli1iZ3nbDRmeILuqL4jcT7uVIVyy', 'ROLE_USER', 1),
(555, NULL, 'miche_laura73@hotmail.com', '$2y$04$sCNqG62OCN1BplVNLbDOsOSNrxYtyX4Vhd63qDly/fOD/YDXPF7dW', 'ROLE_USER', 1),
(556, 'Maria Sandoval', 'mariayfernando5492@gmail.com', '$2y$04$HUJwpOcroramn9xxbfqn1u2dXECLqDqyFIkdk27No0QO0LJ6/JUVq', 'ROLE_USER', 1),
(557, 'JOHANNA ALMEIDA', 'evelyn_2421@hotmail.com', '$2y$04$.mLPqsdrXGXiGpNOncsxcOH.Vboon1Xu7qOhqFBGFbIHQxLo0Ke/e', 'ROLE_USER', 1),
(558, 'Delia Jeaneth Canchigña tucta', 'mishel.karo123@gmail.com', '$2y$04$xgnB0JQFwIPodqvtlbn8se0FdcjRZXuNLdvjWYsVZTduyuh.y8zHW', 'ROLE_USER', 1),
(559, 'Angel Jumbo', 'angeljumbo@hotmail.es', '$2y$04$njLY0g9SEW8ZIbnBtI80Keh5gXrOTi/0GuN1H3eVdZ8GflKvlDjWu', 'ROLE_CLIENTE', 1),
(560, 'Tatiana Guevara', 'maribelguevarap@hotmail.com', '$2y$04$37dbYPSrsWPy5U4zG3rbEOLkLaY3zJ6ztc3GJzMZ3Y0IjoMYj5kni', 'ROLE_CLIENTE', 1),
(561, 'Edisound', 'edisound@gmail.com', '$2y$04$O9wEbea5.hiFwuPU309RlukHK6Uk7tfoypX5cZZbUCPPSzPRzxvyG', 'ROLE_CLIENTE', 1),
(562, 'DILCIA GIL', 'alejandravasquez355@hotmail.com', '$2y$04$Zkik.YbYam3CYO9pKYy.IukmuMGxWvYEVYZZ0zfdQPukb72a0aUkK', 'ROLE_USER', 1),
(563, 'giovanna', 'geovanabauzachig@gmail.com', '$2y$04$7wloIQGIOrpsEG/R2iJnour5jrXR.v6l6S8ebE.4Sb.3nAZ05b3Ke', 'ROLE_USER', 1),
(564, 'achidriss', 'achidriss@hotmail.fr', '$2y$04$UwpBoHCdcxQquLiZ3UWoj.Yldc0PPNllkdwu9842ZowozC5h5xCNi', 'ROLE_USER', 1),
(565, 'EGLY', 'merchangonzalezgabriela@gmail.com', '$2y$04$HG2Ug1G3nm.EXCIhK4DuDOBhh5MdUj0qMXB6fR/82MsOLPHJ0ozOO', 'ROLE_USER', 1),
(566, 'EGLY GONZALEZ', 'diegoalvarez2014@gmail.com', '$2y$04$A7ZDYZp0YG8wtMsvvXUj/eG6Q2FB6zxlhig9ZVKFRB5rOaNr54SIG', 'ROLE_USER', 1),
(567, 'Ibialvarez', 'ibialvarez28@gmail.com', '$2y$04$ZGJKKvCEBVYh9VRhD/C1E.n8dhINaMCHU4MW5ZkWDXmXlgNuETgT6', 'ROLE_USER', 1),
(568, 'RosaQ68', 'rossymi89@hotmail.com', '$2y$04$bT7RPMJkQEa8Rz6P4113JeuOHGdBY4GqCfC7yg8szwdHGWbwLNYgW', 'ROLE_USER', 1),
(569, 'pamelafalconi', 'pamymelisa@hotmail.com', '$2y$04$8NTCLnupJINPjfgVvXgCUuAU/Po1t8iWR5pQSqtB6UkHbF.IHX6wu', 'ROLE_USER', 1),
(570, 'Miriam Castro', 'r.miri_10cb@live.com', '$2y$04$xmKzjj/FAewNDQWTO6epluCbLXV1/Sdn2FkbkJN7vqByh7tOKov0u', 'ROLE_USER', 1),
(571, 'jenny', 'jenny-1996ajj@hotmail.com', '$2y$04$gJScE9Yfno1T7r38ULzgAe2hwao42hsT4QMwnoJw4zrkDc/pMxb5.', 'ROLE_USER', 1),
(572, 'Mercedes Zambrano', 'nickquis@gmail.com', '$2y$04$TvXEgMj375Exv2LKG9wdv.3eF.WV58.bGm5vUm.5w.mpABukonDrm', 'ROLE_USER', 1),
(573, 'Patricia Nieto', 'patty_nieto84@hotmail.com', '$2y$04$HzqX3AyDTYKQt3GTEDxceOywoJD3qBMOJQCdteEGklHWa2ZeAKoOq', 'ROLE_USER', 1),
(574, 'Carlos Diaz Berenguel', 'carlos.diaz@gm.com', '$2y$04$pJPmAm6lcsM6rkVHgobgFOI/eEHm/hI2H0b7HeM3ZghJq0zhvLQgu', 'ROLE_CLIENTE', 1),
(575, 'ozziejims', 'ozziejims@gmail.com', '$2y$04$xsOnau.UCs3csS8ULiP2ze7om37.TDtgoulZQ1EysfOfeS9i8cvQi', 'ROLE_USER', 1),
(576, 'Erika', 'erikazari20@gmail.com', '$2y$04$DA2U/OlVuxJJSIQkXvHAoerBr5j.pTy4EIN8K6N5zlNChIX8t0rZW', 'ROLE_USER', 1),
(577, 'vivianaa', 'danleo_02@hotmail.com', '$2y$04$dH9MO/E95p5pF2MS0YKr4OyyxnvbG.2BaL8SQOW9c1Bbgk0m9ec/C', 'ROLE_USER', 1),
(578, 'Andrea Medina', 'vero_nikamedina@hotmail.com', '$2y$04$yMcc59xtHNhHyEUK/DIm7.I4cmrC1eOz7drIrYkKV5DGFXLRopC2a', 'ROLE_USER', 1),
(579, 'Andrea Mosquera', 'andreamosqueraj@hotmail.com', '$2y$04$BcbRl8db2kRDCSuNIt/jtOaA60y.U4ac4Nc5O25uqCBSBlW0oCpNK', 'ROLE_CLIENTE', 1),
(580, 'Alexandra Mejia', 'alexmejia2024@hotmail.com', '$2y$04$3FudJLjY/1z6E1agt/FwhOQLj5MAXYpn5aben1SsTpReBSw/aO9a2', 'ROLE_USER', 1),
(581, 'engelmann', 'shinchanjaimes@gmail.com', '$2y$04$iZQFbcOpfkTImgAeL2737eVfNA7o6FJc0n9UrNVJXj/ZN8Qy2oXuq', 'ROLE_USER', 1),
(582, 'Maria', 'guamandelia20@gmail.com', '$2y$04$QSVv0vJLqWY1RAam8Q9OTuVAKNmJh7sMztP7zd4rrDUEYO.DhhQDO', 'ROLE_USER', 1),
(583, 'Tania Arregui', 'gaby_mateo1994@hotmail.com', '$2y$04$7QDI5SEym4GqZ1FsAcgClOnCyI9meiwrhIRVq8wOopQmABGfvkG9.', 'ROLE_USER', 1),
(584, 'Alexandra Ostaiza', 'Alexandraparraga309@gmail.com', '$2y$04$gfmleCBrS9oCmFvszzWHpuQ5PgvuMk5dGPT3TJvVmwKAdv2FHT8Yq', 'ROLE_USER', 1),
(585, 'Catherine Zelaya', 'czelaya90@gmail.com', '$2y$04$VPXTNyhO8POpvn3D3XLbk.80olHKQt2Ev8V8QINpA/uZAze3Z168C', 'ROLE_CLIENTE', 1),
(586, 'TATIANA PADILLA', 'tiffanycongo3@gmail.com', '$2y$04$cRbfh/u6ntvV1ye8RB7tQ.fEUOHPm8AkHw/9SAcrfomrm6FHGXZY.', 'ROLE_USER', 1),
(587, 'Laura', 'tigretonlucy@hotmail.com', '$2y$04$dA/oBFADt5Hnq.7hFNVY5.uVKdHE1VxtmTeB/BiFS47AyzoiHJFQS', 'ROLE_USER', 1),
(588, 'rosatayango', 'rosatayango@gmail.com', '$2y$04$MNY3ocx3zhMu6RxxT5b9Q.jIB0xoicIaAeKIUajwEgcwQOTyL3Xj.', 'ROLE_USER', 1),
(589, 'Gisella', 'giseyagual@gmail.com', '$2y$04$V5CKAPPUDstMnq522F4vBedBrXOyeYUEbWCKEtDi0/2J3wfgvgJK6', 'ROLE_CLIENTE', 1),
(590, 'Johana Sinchi', 'johislalok@hotmail.com', '$2y$04$2/9Tcpo0hZ5DWZNuQtYKo.vlOTGNbXhw5AkVJhuQe8lk2qVuAq76u', 'ROLE_USER', 1),
(591, 'Fanny', 'fannyremache90@gmail.com', '$2y$04$2hLNmCaYF.tl5oS/6tAvn.XiSFJ0NyK2p.j.Ja4exmd/wr2GZ5QVy', 'ROLE_USER', 1),
(592, 'Michelle Recalde', 'cecy.cholca@gmail.com', '$2y$04$hZfzD.Ydjogbsyf4eo1oPuqvVYFi/f4nMJqp.Og0DUZnSmQGftXaq', 'ROLE_USER', 1),
(593, 'Diana Murcia', 'diana_murcia@hotmail.com', '$2y$04$jIp7ieukClWlgzvii5t/mOM1uA5hRpCDfmmBfyNg.vKh3P8.NIwrK', 'ROLE_CLIENTE', 1),
(594, 'andres', 'pillajoandres178@gmail.com', '$2y$04$8hMlz7286cPD9aWCW1FKTuANxWIKh5hwAwCB/M.TJaViF1LXuJCba', 'ROLE_USER', 1),
(595, 'Lorena Orbe', 'dora.lorena@hotmail.com', '$2y$04$Snb7A3IM/IlhlPquzVp2iuXcav2zKf.0kY/ClpqLpL8.Rji.Ad/im', 'ROLE_USER', 1),
(596, 'Francia prado', 'angeles0504@gmail.com', '$2y$04$mHcnXYukviRardWp3j9yyeKeprKruQuDjufNE9JQDJskNcNpjpvUa', 'ROLE_USER', 1),
(597, 'Miri', 'mirianvayas@gmail.com', '$2y$04$qP8FUC5L/xLB.gHzFs81eujCc/pD7B.VpsEzSgrixnDc0fIh6iHtG', 'ROLE_USER', 1),
(598, 'lenin', 'leningonzalezc@hotmail.com', '$2y$04$agGrBRW9Ycw5EDuVpiQ75eEXexrX/dQZkdtBFT9nWH/FzKbEsvZLK', 'ROLE_CLIENTE', 1),
(599, 'Mónica Folleco', 'moni.folleco26@gmail.com', '$2y$04$hNI5jFt/gMNuZnBmVv7ts.MRsNmmXEntMWcqjLZ838nKYdvKjjWVm', 'ROLE_USER', 1),
(600, NULL, 'pattyjimcof@hotmail.com', '$2y$04$ucrjtd0mEdCTB0JmlZUwpeAvNvM0YrWJ19Br/exNyrFPuXsodMPBe', 'ROLE_USER', 1),
(601, 'ingris nadales', 'ingrisnadales@gmail.com', '$2y$04$DoPzal/xjW/.SfGywAdxA./.vqbUKmKRod4v.fyCISLV00ADwJQXS', 'ROLE_USER', 1),
(602, 'Soraida Vasquez', 'ruizcaq2812@gmail.com', '$2y$04$fCV93nc4CWq7N.SIpxQvCOy4bNrW3Ykw45QTk6S0mSzjp5Tq2XWla', 'ROLE_USER', 1),
(603, NULL, 'cristinaqpublicidad@hotmail.com', '$2y$04$H7LcIueLB9QkEuZ8HSqgSOmCDzoy85eEGjqz4LWdmjPPvrHwSM5Vi', 'ROLE_USER', 1),
(604, 'Carmen Guiz', 'alicia.guis.972@gmail.com', '$2y$04$ptaRImaBIMLBaPk529rHLe.3LOTGVUg.SY49NqzZxEV6gsoFMt3FK', 'ROLE_USER', 1),
(605, 'fperez', 'wfperezs@gmail.com', '$2y$04$Lh4paJNq.kQ/TfE6QOfq6uQ/SUHqveXNTa1vE1IxtzbNaG2ZMON3q', 'ROLE_CLIENTE', 1),
(606, 'Ana', 'belena_64@live.com', '$2y$04$pi54TapNWNZd8MvzFe6pd.j5GeueuioNEeoE9RwoQ90RtKHfvmoL6', 'ROLE_USER', 1),
(607, 'GRACIELA GARCIA', 'antonelia2010@hotmail.com', '$2y$04$Mdz.wGOJrd7/KbOSNKuddOoS9JVRM8LRab6dX/Ngez37FwH5TvZPe', 'ROLE_USER', 1),
(608, 'Ximena Narvaez', 'xime.narvaez21@hotmail.com', '$2y$04$03f6//oTnk1ajJidJIORluEcG5n9oRtwLo2T4CFhBAydJ6N0khTaO', 'ROLE_USER', 1),
(609, 'Clemencia Tacuri Acero', 'clemen.tacuri@hotmail.com', '$2y$04$tXbA6rkc2Gp00jPGyZ8VbeGTH6k2riVPPEolFPH0TcCX9Us0tWu8.', 'ROLE_USER', 1),
(610, 'Jenny Miño', 'jamipere@hotmail.com', '$2y$04$PcrqUzihYLCSrCQzGMaIGetX1g0f5Ebh0/doaB78JyIPochtWLufy', 'ROLE_USER', 1),
(611, 'Nancy Paricia Vela Pilatasig', 'nancy.vela72@yahoo.com', '$2y$04$saEAV1NDs9Hs1ydtf0YWiOFTay0Dq9FIZZOhhiTPqQCuuwuUBFhI.', 'ROLE_USER', 1),
(612, 'AdriVallejo', 'adrlvall04@hotmail.com', '$2y$04$riWPqLcSX.LUc7ydFchPkucgWpyRW7mbHGrKeWKlERVgPLf1MIQVO', 'ROLE_CLIENTE', 1),
(613, 'Daysi', 'daysiv.mendez23@gmail.com', '$2y$04$ICji2tFLSujzYuJPqjkOie/1SuWyzeabsjQbZ8k8ier.0.3F5DtDy', 'ROLE_CLIENTE', 1),
(614, 'Ximena Ramirez', 'ximenaramirez1958@hotlmail.com', '$2y$04$vdM9ZUboNxHcw4hCO.gBLeeOvrfwgN0W578tsj4uRD6PpsQcsaGRu', 'ROLE_USER', 1),
(615, 'Maria Ramirez', 'ximenaramirez1958@hotmail.com', '$2y$04$Se4bLxmGs9D5QSXDRXWXouXGEM6XnSFHiiLqk8Sqtoy4Ter0VayLy', 'ROLE_USER', 1),
(616, 'Xiomara Moreno', 'xiomaramoreno759@gmail.com', '$2y$04$5RdITkc0Sr9RqM0jlWETiuUEP.Lagt1822rdqy2LOoIz6ivxGQFwa', 'ROLE_USER', 1),
(617, 'Cristina', 'karoltatianacachagovela@gmail.com', '$2y$04$qInEexSfKusX0ndWCHcFSucIfVEOcq1EdldxIQVXAFtPc.3VPI5tW', 'ROLE_USER', 1),
(618, 'Mercy Cordova', 'mercycordova20@gmail.com', '$2y$04$Z5COVaGxCCu.UWNuEEEngOQXp4UYxPNGF4xKNAIzgtr23GZv301Na', 'ROLE_CLIENTE', 1),
(619, 'Norma Román', 'eulidia@hotmail.com', '$2y$04$yF2oRPZmZ4DkbVYxD3T/7.SIE4zSCt0U4XwS9dJX2VNwcCoK2cl0u', 'ROLE_USER', 1),
(620, 'Patricia Endara', 'endara.patricia.pe@gmail.com', '$2y$04$G64txyUIJ2Prm29Wun6IYeV/v0RTDNTD8yeF/LiWA4Lh8muJTK/ge', 'ROLE_USER', 1),
(621, 'Bilma', 'bctenemazaquito@hotmail.com', '$2y$04$fQ8n2F0WJv5YLTPH5mTsIOJ/WbiORX0ashSXCroc2UShvDxx0sd2O', 'ROLE_USER', 1),
(622, 'Jose', 'joseemiliorodriguezsaa@gmail.com', '$2y$04$KppxFWRxEBRLsaZL/CAj5OP9pJv0JeDRlJZRQiVZmo8LvMuG/8gW.', 'ROLE_USER', 1),
(623, 'Lupe.Paucar', 'paucar.lupe1970@gmail.com', '$2y$04$bH55W05E6mL.Wm.7PDcN5O1i1OGFy8IUQYmXVD2ck2OGPdXQh90ZG', 'ROLE_USER', 1),
(624, 'Patricia', 'patito_eliza1879@hotmail.com', '$2y$04$QWS5JnZRdrAdWMHEX.l17u7xGg10PFL/ZQavMRRFJLwPo60h.xVcG', 'ROLE_USER', 1),
(625, 'Lupe Mera', 'marthaesteffy@hotmail.com', '$2y$04$Y41GJMz11bDvtHtT7YJEJ.2rNdoFPXT7witFfJDsJWuriiFs5SGvK', 'ROLE_USER', 1),
(626, NULL, 'michellrox-2323@hotmail.com', '$2y$04$Wt608jS9nqbhPGEeIHp72eCkFo3H5K9W0gPJElPECHvOFMVib6X.S', 'ROLE_USER', 1),
(627, 'Lupe Mera', 'Lupemera73-09@hotmail.com', '$2y$04$amRYpPjhGWQ0Wig4MKlmB.1rii3UJ5I8V8f0D2RMRyuyDCSCBbzz2', 'ROLE_USER', 1),
(628, 'Jhoana Morales', 'jhoamorales_1810@yahoo.com', '$2y$04$MJlEVzMbnE5gCne.DgsjBulZmQWHJqHPopXvDjdedTJxgoQPWXXhK', 'ROLE_USER', 1),
(629, 'Nelly Alexandra Guaminga Guapi', 'guamingan@yahoo.com', '$2y$04$zzzfeg4n.pikBRGx9v8MsuWyJH14ESKX1srVZpc/zPdIDZb1dtrbO', 'ROLE_USER', 1),
(630, 'William Bonilla', 'ivan99010@hotmail.com', '$2y$04$/fFRwWjTcqF7Eo6q5sPLh.cDlCDs8m2Dwur2/GfeD2WqORQW/733y', 'ROLE_USER', 1),
(631, 'ROCIO  FLORES', 'rociof301@gmail.com', '$2y$04$AfKxoNHwfAPPP67dDDrT2ef8DNSPY3c5gSwOshffriK6qGzvJngIy', 'ROLE_USER', 1),
(632, 'lorena', 'lorenacampana81@hotmail.com', '$2y$04$cb1r5blQxORo0o.57X5Dr.utfl9cav38EzxtDBNbBBUAnzpOdwhhe', 'ROLE_CLIENTE', 1),
(633, 'IGNACIO GRIJALVA', 'ignaciogrijalva@hotmail.com', '$2y$04$EugnIfPoe0qTwjA3V3RnK.g1vLQehrhptUu32rTxQAMFa1AYek4du', 'ROLE_CLIENTE', 1),
(634, 'Karina chacon', 'edipg@hotmail.com', '$2y$04$CiNOf1aI7AibkPedwtEooOHGZHMKpQHhP0bohFRsDi80Pj730lUeq', 'ROLE_USER', 1),
(635, 'pamela monar', 'lizpame77@hotmial.com', '$2y$04$vuRAu8P7hGDBw2SwDUR8JejNFOBkQ4fPYEoEgcY8b/LlrICWe8dpq', 'ROLE_USER', 1),
(636, 'MARTHA', 'marthy19perez@yahoo.com', '$2y$04$4fUu1FWRVLxMYvLCAHt5aOtQDJktQRFd7RXWcIq8WQUDAfPqmB89.', 'ROLE_USER', 1),
(637, NULL, 'pau_constante@hotmail.com', '$2y$04$WfwfXd2Xf4ekGX2paTU7YuqDoRCpmS0izFbqTruRSo57aq.eDWRVW', 'ROLE_USER', 1),
(638, 'Susana', 'susanasacong@yahoo.com', '$2y$04$VdD99H9cicsfYsStWrh6AO6EiJjEJBTsfdoD3loHw0HTdlZtAaLCa', 'ROLE_CLIENTE', 1),
(639, 'Maribel Cumba', 'maribellcumba@hotmail.com', '$2y$04$fMRqhGxaCtV2VImZXQoww.JQt60HUM4vj6mhpoy068QOzAN2F.FY6', 'ROLE_USER', 1),
(640, 'normatenensaray', 'normatenensaray@hotmail.com', '$2y$04$l.sW5Zh8HGGAu1W4mjX90OxtkIhMVqXB5YJQP1o3.8Fc6lDI2UH2S', 'ROLE_USER', 1),
(641, 'HEYDIS MEDINA', 'heydismedina2017@gmail.com', '$2y$04$ubsNAwh552BY8/3Vlrg5su9XSlmdaEUy/IBe5LZEs/uTPjKPJ.iX2', 'ROLE_USER', 1),
(642, 'MARIA ISABEL', 'isa.sandoval1623@gmail.com', '$2y$04$1hyqvqt3b0PWWeEIMGNMC.EtXyeQrAgN.LQ5u4mEX9SZ5lE7OTS7G', 'ROLE_CLIENTE', 1),
(643, 'isabel', 'isa_sandoval9@hotmail.com', '$2y$04$TtwmKmuwsMDdLd6czM5wZOnPfkWG2.aHlTl/gDO6JgafZn2p7CwBa', 'ROLE_USER', 1),
(644, 'andres2328', 'jatbustamante@udlanet.ec', '$2y$04$Htw3Xzy1HwIpWlgSufpH5uI9HzvW1ZkORmXDWljm2Sj73QQFNk4pW', 'ROLE_CLIENTE', 1),
(645, NULL, 'janethcita1970alex@yahoo.com', '$2y$04$ZrRDov0AsfS6.qseP/WVEedOUTqy2/CjIZrbUL7x.dOpM2JfT09bu', 'ROLE_USER', 1),
(646, 'Maluli Guijarro', 'maguivi_6@hotmail.com', '$2y$04$efZsmP5O3OOCYHNLs//6G.8HTePvZ1L.F2/mYzNot1d6daCLDGzG6', 'ROLE_CLIENTE', 1),
(647, 'DIANA HERRERA', 'mabeldiana@hotmail.com', '$2y$04$uxBR1EaI/EeLLzeKY09cL.M9N4eIYjN6zLTIn9ce3zFzBg5OhpEXS', 'ROLE_USER', 1),
(648, 'David Cabrera', 'davidcabrera1989@outlook.com', '$2y$04$UE7eQXE6mq/gV00wXVHPlubt7iQE5CXfNXdiji6/rcRg53UbBVqA2', 'ROLE_USER', 1),
(649, 'Johanna elizabeth vargas guano', 'stalin_elver@hotmail.com', '$2y$04$ZTGeDuSwTNbFK0XfVd9Jje5p/HRBWrwhFxNj7M2/AQ2oMeX0gUj1u', 'ROLE_USER', 1),
(650, 'Maria_97', 'andrea.b97@outlook.com', '$2y$04$vdqQsrUk2CmC.vAI8q/H5ueVV0wZLyMd6.4inWKu4aHeL16VeiWCu', 'ROLE_USER', 1),
(651, 'mylygp', 'eliguyracaja12@gmail.com', '$2y$04$qYAFmq3p1yd8F1X/BCiqS.eBwopaCt/XLBE8mq9grveJ6uC7G8lke', 'ROLE_USER', 1),
(652, 'Verónica Imbaquingo', 'imbaquingoveronica11@gmail.com', '$2y$04$NG0L4QP/f3D3Iz9dvteNC.v87KN2mKj6U6/3Z/TButkCcMcyyDvBe', 'ROLE_USER', 1),
(653, 'ROSA ILAQUIZE', 'rosayanderson_@hotmail.com', '$2y$04$vOMPobt9NmJQptOFfarc4ODCZlhFo7y.J3dh3J3oyRm.sjge1lMYK', 'ROLE_USER', 1),
(654, 'Claudia Godoy', 'talentohumano@goldenvacations.com.ec', '$2y$04$MEbRP2zKrQYHZEg5ze7xYupcBKXgGCVmc.c/wv.b1VQ/vKgg/2M.W', 'ROLE_CLIENTE', 1),
(655, 'Norma Haro', 'nphc480@yahoo.com', '$2y$04$cPHL90l9iLIY9vku.TEko.5MAurqHX7or8rJBlmxB3OZwzu59Cw1W', 'ROLE_USER', 1),
(656, 'Hugo armas', 'hugo_armas@hotmail.com', '$2y$04$2ITCe106V2fmPEpQMGdRzupKjlRY3leh4akMIiK6WjiIwjJOP6iVm', 'ROLE_CLIENTE', 1),
(657, 'MARGOTHCARDENAS', 'maggycarde@hotmail.com', '$2y$04$VABDrTBRYY.WoMFRMUtBCeeKqKCfrl86cUcv.mxYx89dip.YQoAjG', 'ROLE_CLIENTE', 1),
(658, 'gabriela altamirano', 'gabrielaaltamirano217@gmail.com', '$2y$04$S/k2f9Wl4gqEcp7Ko021ZeVDNVRw2zR2u5ux8J0VZgoWmbOOC0Ty.', 'ROLE_USER', 1),
(659, 'Jennifer macias', 'derianmacias52@gmail.com', '$2y$04$MFB65vnpRDOuEE2dEnzIIOneINwV/MLSYZdWuCpLAmvQFLRv1OPt.', 'ROLE_USER', 1),
(660, 'tibisay56', 'yiray_montiel55@gmail.com', '$2y$04$g19skaPFihK0B.hu.L32N.BqWLPVahYglM.uhERZeWGeg4pjVd9Ay', 'ROLE_USER', 1),
(661, 'Johanna vargas', 'joanna.guano.1996@gmail.com', '$2y$04$lB1cObfMascFzxHtbyQwcuW0SjHjkQYyfHUyMqGPxxo2hRoHwdAdO', 'ROLE_USER', 1),
(662, 'maria  del  carmen  ontaneda flores', 'maryflores75@hotmail.com', '$2y$04$lwNgTYhd8o1/APpK8LZ4YukxWWx3aRZrEOZgg1zTq9sp1aeogTITi', 'ROLE_USER', 1),
(663, 'karina romero', 'karyromero.s.07@hotmail.com', '$2y$04$XV3rXGuLLNDoHP2i/vyYNO85Mppm8kDPlkwdPIGq677uYtcJZNHOC', 'ROLE_USER', 1),
(664, 'Mónica Muñoz', 'monjhael@yahoo.es', '$2y$04$qNYQqoQ6s7iR.a87GxcKLuTsac2qkothc4Y0rxbrYBi.J0G5FrUZW', 'ROLE_USER', 1),
(665, 'Alexandra Carvajal', 'alexa1877@outlook.com', '$2y$04$cXsMlxeiYSbxG0vgRLlZ6OslghZuTMfSMDxHwINL/UuHP87D2Frm.', 'ROLE_USER', 1),
(666, 'Gladys Serrano', 'niseryan55@gmail.com', '$2y$04$oHp5KL5JEOnNOoEUNlacz.d97G0v9id9llK82HZaTwReOIBf9lxFq', 'ROLE_USER', 1),
(667, 'Rosa Elena Lema Malliquinga', 'rosalema733@gmail.com', '$2y$04$JO0FBGh4inO.CCXh.8ZoPu6tta1iuHdfCpDl3yJ52gpUR4KZoL6C2', 'ROLE_USER', 1),
(668, 'julio', 'julio@emailna.co', '$2y$04$sUD.THe.EYaWHnRJjH.aW.u4qO/7UAo1wNw0kdEtoYSmoFeSrWz2.', 'ROLE_CLIENTE', 1),
(669, NULL, 'adrisolvlencia@hotmail.com', '$2y$04$DORnyEP0y8RD8stLRYkJYuvoHrS4WdH21shAf1z2cGzoJBdGaiQPi', 'ROLE_USER', 1),
(670, 'Enith Yaguana', 'itsmenia1974@hotmail.com', '$2y$04$ZuqBBK6ddyADErMz9/4nve8URh4KcuZVPtpkOnWQ6Wi7mbPoSpLJG', 'ROLE_USER', 1),
(671, 'Dani Erazo', 'danielaerazo83@hotmail.com', '$2y$04$pTP22tbiVtJTfsYEMAV0NuzmGMU4XEtr1IeojC2Ci8EfYz49aXIeq', 'ROLE_CLIENTE', 1),
(672, 'Diana Obando', 'dianita_1514@hotmail.com', '$2y$04$KA/w9u5DagEpJwnIQPK1jOOjhSQ0KiaC4DwXbCkbBXYPgZlNF2TXO', 'ROLE_USER', 1),
(673, 'SUSAN CHAVEZ', 'susan_chavez35@yahoo.com', '$2y$04$zyu6Oi55AXxWFIOCzcVhYemVIA8P01N/TlJeiJ/gYF6laRYoDsBFO', 'ROLE_USER', 1),
(674, 'Maria Cortes Garcia', 'guadacortez76@hotmail.com', '$2y$04$eZ/Dx0xQ8Lp2SHHIv1ry5OK5dMcRNokDebzF.kAo7iXRvOWxmAce6', 'ROLE_USER', 1),
(675, 'Blanca Duque', 'jaycdeq@hotmail.com', '$2y$04$gpKBuViPymQcqUJ/.2gsxe20mWmmxNzV1pcwpIL3WQMNIFXsLg2wq', 'ROLE_USER', 1),
(676, 'SOIA TOAPANTA', 'sofiabelen1991@hotmail.com', '$2y$04$4UdgxbOo/WzgTebVSuk7KeybXIbUyn9ehpHzhwPqyoOnzgjOg3ggu', 'ROLE_USER', 1),
(677, 'NarcisaAlcivar12', 'josephluis415@gmail.com', '$2y$04$.2LGysYqBWB24bFMS8rW0OsElu7Ths4Zsf7pyrxd4011SbxxGllry', 'ROLE_USER', 1),
(678, 'NARCIZA ALCIVAR', 'narciza.alcivar0910@gmail.com', '$2y$04$kv3ji.cwitfV4Mco8fEjn.USkqKvftgLanMvL4JTSILoEE9ChP.pW', 'ROLE_USER', 1),
(679, 'carlos leonel', 'carlos1998inf@hotmail.com', '$2y$04$AVRN2Be2l1HnF18PmXnDJ.Rx4srPmY57sc.AB1N015cF5SkL1pLgu', 'ROLE_USER', 1),
(680, 'Jouss', 'jousselizabeth@gmail.com', '$2y$04$C97rx0ZSslmrFDrslg4.6.HVetEou/PR6cw5HoBe.Wlerm9YZ67ru', 'ROLE_USER', 1),
(681, 'Patricia Guachi', 'pattybebe_8@hotmail.com', '$2y$04$J0VkykZAkJc56r8m5HTgheJwpMyusKo3uR1/KcGmq7d/v3BwHqnO6', 'ROLE_USER', 1),
(682, 'Lety', 'fannylety25@gmail.com', '$2y$04$KSbPIGKEcRGAttG5ObbwmOfDOvIvc5obgAuIcOo7M5/zbrZUEhnDK', 'ROLE_USER', 1),
(683, 'Soledad Quishpi', 'soledadquishpi80@gmail.com', '$2y$04$Ua4IHS20YC8MKH1Y2NGoJ.4PJh0z8MlKIJyTSBO2G79J3QwQym3cO', 'ROLE_USER', 1),
(684, 'Yuli Requena.', 'yulirequena12@gmail.com', '$2y$04$88.k0dPnsuSHIB9Pf/QJf.BGMp9jFK91exNzoN8FkWpebyKCroVTC', 'ROLE_USER', 1),
(685, 'WENDY LOPEZ', 'wendysabrina91@hotmail.com', '$2y$04$2UuEL3ucWGqqZarJtCb9/OTf1Wqpdgtm0LQMbuQwf3EmPxBV84JLa', 'ROLE_USER', 1),
(686, 'Blanca Lucila Lima Farinango', 'bl1002536751@gmail.com', '$2y$04$UKCFShMuQhWjf.t/gjSR9u0d1Hv9TMVu96Eojt76GXVO8VSFe8vKK', 'ROLE_USER', 1),
(687, 'vicky', 'vmr24089@gmail.com', '$2y$04$z0s7jUC7KUyV672iGX26AOrEOw4CUjyPkklpdeUM.0VFy2CzaamYm', 'ROLE_USER', 1),
(688, 'Rosario Sulca', 'rosariosulca28@hotmail.com', '$2y$04$6LYGEHI5IDbQnjph8oxS8O6bhkgcZuzuCh8FapAL2BgSveZ9rAaS6', 'ROLE_USER', 1),
(689, 'Ana Gallardo', 'anagallardo1668@gmail.com', '$2y$04$.D4CBVWIcedG699uS6M/XOs4fUlEwWppCpdtSYXjf5ojQ3gevGQuq', 'ROLE_USER', 1),
(690, 'Maria Gribensk', 'mariagribensk@gmail.com', '$2y$04$Ud84Ca/ImK4txboZsHS.6uMFbUl0bkOMNeqZy2ALuHOQxfRij8mMa', 'ROLE_CLIENTE', 1),
(691, 'Diego Andrade', 'dfandradeg@hotmail.com', '$2y$04$OWPIyXaM7FJeULVIoaE0zeWpb8b0Rz1bR7c1uRn0/8q8OOLX3inLO', 'ROLE_CLIENTE', 1),
(692, 'PtitoV', 'monicapatriciatito@hotmail.com', '$2y$04$1ojJ0n7W62Uc3i/yCUb2jezNi61ihm2.zcf4cv6x2bXBBEA0b4.Bm', 'ROLE_USER', 1),
(693, 'Patricia Garcia', 'vhpatty@yahoo.com', '$2y$04$p6xaNaVRJOpQ.0F3yQShv.Dpry2RufCQ5mPztG1th1SKFZipb5OAi', 'ROLE_USER', 1),
(694, 'Elizabeth Andrade', 'taty54@hotmail.es', '$2y$04$A8AwOtoaC0qgABTqZ91gc.vxdeLiZPam1SY28YOxhsUKkKaFnoZXq', 'ROLE_USER', 1),
(695, 'SofiaS', 'sofiasolorzano87@gmail.com', '$2y$04$.D2VXwxycHZ6U4Oy1gXjseFmt5HvzZjgzYZJiRGgxb2q2s9puYF2G', 'ROLE_USER', 1),
(696, 'lucia bolaños', 'magalu67b@hotmail.com', '$2y$04$tJ/BCgggcL24LOp3CiwHSOSoRbgV7k/p8b3kQ1zkEQpLZNeiwFIs.', 'ROLE_USER', 1),
(697, 'Estefania', 'elisilva31@outlook.com', '$2y$04$REBFLBh27f1zjhwzCh2JFuA3jECWfNJG7ET4.9adJcsQRNcd351L6', 'ROLE_USER', 1),
(698, NULL, 'gabyzambrano1985@gmail.com', '$2y$04$y0j.XAw0FLzH3itN0/0gNOZT03PobSWKNlthOgq9b.AgXcDU8uxAu', 'ROLE_USER', 1),
(699, 'deisy', 'deisymari95@gmail.com', '$2y$04$TAmA0UyMPez.ZYKGaiwDYeO5i3D4vx4jL.w8acdZ0bPzsqS1UqJCO', 'ROLE_USER', 1),
(700, 'VERONICA ACHI', 'maribelen0911@hotmail.com', '$2y$04$xf9FIbkREQca.h2b.3OFOeOSFbJVfWbCLQ6vwqHNiaXlYmlwV21hO', 'ROLE_CLIENTE', 1),
(701, 'carlos hernandez', 'carloshernandez1479@hotmail.com', '$2y$04$MLTou4479EZSd5njrQ8heeA6A9eg3lUiKxQKIK/7fbPTFfIWw5RCq', 'ROLE_USER', 1),
(702, 'Marianela Narváez', 'marianelanarvaez1961@gmail.com', '$2y$04$BxitJr5whS6nUTOTzUrWEet31TG7V56fYyE6WfVMwuL0.SJ0bIjsG', 'ROLE_USER', 1),
(703, 'Afuentes', 'afuentesa3103@gmail.com', '$2y$04$UGcYXZRocws8pJywySX6Sedg5Q.37UyW32/htozQ1NgG3yl5NvgQS', 'ROLE_USER', 1),
(704, 'Martha Calahorrano', 'myolita61@gmail.com', '$2y$04$qCcnV1sgl5XVYrkkVCWE5enBmsv17FJoOT2l00k2RQOw4W7flJ8hu', 'ROLE_USER', 1),
(705, 'DIANA MAISANCHEZ', 'dianamaisanchez@gmail.com', '$2y$04$x6nXjk6ZgcEWmi3vt0UAKeqeaLxCmS8uFAdbbS5CdGhVnr7yHBJo6', 'ROLE_USER', 1),
(706, 'diego moreno', 'vip12_1519@outlook.com', '$2y$04$.3DgxHR1pdQQDJHiwH5jievTmVkUfVpEihU5GS2u2tgcOoPqoF6ra', 'ROLE_USER', 1),
(707, 'MONICA CORNEJO', 'monica200255@hotmail.com', '$2y$04$BH9ppd9IrocoNrQVBbBG9.EiBUQDsOiVwN53iwJ8WF6ks8iFluTE2', 'ROLE_USER', 1),
(708, 'FrancoIsrael', 'imolinae2810@gmail.com', '$2y$04$JkHBUcOrkjykp3wGX0SBYOUapgsVp9tTRpI2eYvXt0ueQtZ5KbZH6', 'ROLE_USER', 1),
(709, 'Soraya Aguilar', 'sory-katy29@hotmail.es', '$2y$04$c9FR/cqKmRHynnFmRDykxeFdKkEFuzoAA3x5yzUXUzE3K.B7V0bRO', 'ROLE_USER', 1),
(710, 'Gomekat', 'gomezk2007@gmail.com', '$2y$04$30icY.mJSYgNlMld976aZOg8YFEr1X2YaVv0O3FDpvMUqn3cWkSKe', 'ROLE_CLIENTE', 1),
(711, 'Rosagt', 'kespeciek@gmail.com', '$2y$04$MrVW8mkDHmeCBKhWIPzXVOi6LA0sgiVFiMa2cBAy1UX2.Ykvcwzri', 'ROLE_CLIENTE', 1),
(712, 'Miryan Paulina Suquillo Sinbaña', 'sspaula@live.con', '$2y$04$hqO9141AcMZcOAzdGbsb0.oQXLjDUtgeMf93/ZN7tKEDv9oA7dJgi', 'ROLE_CLIENTE', 1),
(713, 'ROCIO CHISAGUANO', 'matimaileemavis@gmail.com', '$2y$04$8ozvzPcL.meeHrMRGbjUEuOvMGAJQzpp70iseTp1WFEGavVp2xKZy', 'ROLE_USER', 1),
(714, 'Eva  Janeth Suquillo Sinbaña', 'evitajaneth_1974@hotmail.com', '$2y$04$INahpqsqNpTD2kcZc7c7p.wRvsw/X/X045LTjnfv.q4Xwd19L5eGa', 'ROLE_USER', 1),
(715, 'Miryan Paulina Suquillo Simbaña', 'sspaula@live.com', '$2y$04$ua9gKcKMeu9iDPsqdJJi.O1rMKBRWOzJxlYv64lznLTmwGdcMS1D2', 'ROLE_USER', 1),
(716, 'Miryan Paulina Suquillo Simbaña', 'sspaulaq@live.com', '$2y$04$m3rQ0vU7EtYs6BgbMwWHiOOm716F5o6RiR51Odhdrnbgw8nW8mWWq', 'ROLE_USER', 1),
(717, 'AMPARO SIMBAÑA', 'amparodelpilar0309@gmail.com', '$2y$04$0cF70mpXGdZ8egkzBMbw3ePtZILtGVUMv.w8wYAoumKap9APna/kK', 'ROLE_USER', 1),
(718, 'FerGonzalez', 'mfergonzalez90@hotmail.com', '$2y$04$vGFYOeR6e0Jz0jywIOPfZO/uTKwovDWz4BFnkLtVsnNm98JoD1j.m', 'ROLE_USER', 1),
(719, 'Mónica Espin', 'espin.paty@hotmail.com', '$2y$04$Zb4LtFnp275QnZku57akYOspwPXvfOCOT3.kjuugZ10NwAtN6MXfe', 'ROLE_USER', 1),
(720, 'María Margarita Méndez Lincango', 'mmargaritaml1995@gmail.com', '$2y$04$Ooqu4XqDgPVsBDXpz2crEO7IboHV5gbqAOJSkGHABY.8GfeyiXq0y', 'ROLE_USER', 1),
(721, 'anllelica rodriguez', 'anllelicaluis@gmail.com', '$2y$04$moir4Tk4aJYLsq9Lm7fdGu1.EiIIkVs1M0PvtVQu/tLUIXHHBFhwK', 'ROLE_USER', 1),
(722, 'Gladys Marina Gomez Muñoz', 'gladysg8273882@gmail.com', '$2y$04$iQzps807HZ.AFiL/HIh9q.0nep1DN5F0iGsosIBTO3DBWTtbMsIJe', 'ROLE_USER', 1),
(723, 'Cesar zaldumbide', 'chesarefzv@gmail.com', '$2y$04$uEq14lbFyhAtWWZrnNA8/uwyrKZ84VLrS9b6ucSHXXXcI/hb6oQAq', 'ROLE_CLIENTE', 1),
(724, 'Fodep', 'gerencia@fodep.eu', '$2y$04$SsovAVcIIVhQXElMUzLlPerxMvgm0AvFnrhuxGx6dVGNC5Rk.M1kC', 'ROLE_CLIENTE', 1),
(725, 'saskia12', 'saskiaalquinga2014@gmail.com', '$2y$04$ftUVA2JG5hFO5awBPto7IuYpJL9JCGvK7kj5lJNlBfCfZkkBFZSrS', 'ROLE_USER', 1),
(726, NULL, 'vega80160@gmail.com', '$2y$04$xFbLgeiU2q43v4GGp0jOXuFX8xqqpgMFPMlzsKO2fRYVSZdiG16b6', 'ROLE_USER', 1),
(727, 'adribrisaz', 'adribrisaz@yahoo.com', '$2y$04$DYMR5sLjryosB7ZERETObOVS2QULNHrLaHAKndOgZFctTvN3g5jm.', 'ROLE_USER', 1),
(728, 'MaríaJosefRemache', 'maria_jose3051212@hotmail.com', '$2y$04$XunjhePiyNUYBcaFFOJaVe4kB2S5RO01e8IwxW5eObyfBihYJMn.C', 'ROLE_USER', 1),
(729, NULL, 'alcantaraf69@gmail.com', '$2y$04$R40iskzsvaocnUicTxOCTedYROJ/I575TuJE7Q2PSJ8M9/FJRK05m', 'ROLE_USER', 1),
(730, 'moramirez83', 'mramirez@threesanz.com', '$2y$04$glCiS1DOqIqd2.FidKeLneUmI1VOUax3YsOpJjRKHQ60ZoqQ49Pe.', 'ROLE_CLIENTE', 1),
(731, 'Verochfe', 'verochfe@yahoo.com', '$2y$04$.LsPrUEs35lau4Wq7Ehue.wGc5gm7ABde1v94lQRv93c4Iq3aFkya', 'ROLE_CLIENTE', 1),
(732, 'Katherine', 'kthrnsanchez@gmail.com', '$2y$04$eKnKm4AF948KRRfSBI9PnO703ppmEs1/Sx7FSU0TSz22joJfecE2G', 'ROLE_CLIENTE', 1),
(733, 'Cecilia', 'ceciliax.ch@gmail.com', '$2y$04$QJ1b0XsQVs8PGGhdfQSGMe27OsIunZncAtO5.knKL3ctUevsn5PD6', 'ROLE_CLIENTE', 1),
(734, NULL, 'j_aldaz_grijalva@hotmail.com', '$2y$04$vv/wyD8BgcaFNgwqe/oYcu67yXhxGB0k3CTRWf/R98V/TF3Dto6k6', 'ROLE_USER', 1),
(735, 'Amada Guarnizo', 'amadaguarnizo1975@hotmail.com', '$2y$04$KjofcjXFmOhYeIe4CXxe9uDabmQQ6Nn1di1OovKyCC7/PjGtawfmW', 'ROLE_USER', 1),
(736, 'VIVIANA MORALES', 'VIVIMORALESANDRADE@GMAIL.COM', '$2y$04$Xush9ut7nuVOT7HSkuBQ/.I2SKcg.3UtYJZwkddiqltgjmE0E.y5y', 'ROLE_USER', 1),
(737, 'Jhoanna Santiana', 'joys_santiana@hotmail.com', '$2y$04$a00.qSHaVITTjTZrp.p/JO5GIrQy2niFyB9am5Ck0TSs0WpzL9m7.', 'ROLE_USER', 1),
(738, 'Jimy Vélez Farias', 'tatis_kgmge@hotmail.com', '$2y$04$VoPXdkRsaVg6W0FrW2D9Y.7dDG.FRNEKCt/W4/gCMTrMh0nLS1mvy', 'ROLE_USER', 1),
(739, 'YESENIA GUILLEN', 'yesenia.enmanuel@gmail.com', '$2y$04$/gsi0k9KjFKgnFks0OQ12e5OB3QCpvLQwvkrFr1fhchDdO4IYX8Iu', 'ROLE_CLIENTE', 1),
(740, 'JOSE AMAYA', 'romulofabian.seba@gmail.com', '$2y$04$RedCgwaqGC82bxKxmL3AYuHQXxCLO2fYBk4CouY/ysS//BjDt.PSC', 'ROLE_USER', 1),
(741, 'deisy culchan', 'deisyvivianaculchan@gmail.com', '$2y$04$DrSAd8l5kdtv78ah/gSZXOuWlU4QVd7wKdYpFanuOQCoXf52GM3Vm', 'ROLE_USER', 1),
(742, 'Margoth Espinosa', 'margothespinosa2000@gmail.com', '$2y$04$fd/ZMHAtd0tCrCGLVV8QZuPjECPqkHUoqEn2K8fPuF8GaZe2g9ED6', 'ROLE_USER', 1),
(743, NULL, 'rivadeneirajoss@hotmail.com', '$2y$04$1.Bp12BQFNsFB2RbBWIck.Kjnvk8DCuRF1OYvkPSCQhU81NXx8/8G', 'ROLE_USER', 1),
(744, 'jennifer iza', 'alex.jennifer2015@gmail.com', '$2y$04$xiscytEnwpbIIzj8W4hWn.5VT/VYfMBOdOsvHQ2xerDc5RKqq.Afe', 'ROLE_USER', 1),
(745, 'Amanda zambrano', 'amandaisabel_1993@hotmail.com', '$2y$04$V2ygNO7uZQuLoXMFaYVKw.JvmqaEgyWo4xRpw6yrtkF1EehB.OgXi', 'ROLE_USER', 1);

-- --------------------------------------------------------

--
-- Table structure for table `vivienda`
--

CREATE TABLE IF NOT EXISTS `vivienda` (
  `id` int(11) NOT NULL AUTO_INCREMENT,
  `nombre` varchar(255) COLLATE utf8_unicode_ci DEFAULT NULL,
  PRIMARY KEY (`id`)
) ENGINE=InnoDB  DEFAULT CHARSET=utf8 COLLATE=utf8_unicode_ci AUTO_INCREMENT=4 ;

--
-- Dumping data for table `vivienda`
--

INSERT INTO `vivienda` (`id`, `nombre`) VALUES
(1, 'Propia'),
(2, 'Arrendada'),
(3, 'Prestada por un familiar');

--
-- Constraints for dumped tables
--

--
-- Constraints for table `ciudad`
--
ALTER TABLE `ciudad`
  ADD CONSTRAINT `FK_8E86059EC604D5C6` FOREIGN KEY (`pais_id`) REFERENCES `pais` (`id`);

--
-- Constraints for table `curriculum`
--
ALTER TABLE `curriculum`
  ADD CONSTRAINT `FK_7BE2A7C32B32DB58` FOREIGN KEY (`sexo_id`) REFERENCES `sexo` (`id`),
  ADD CONSTRAINT `FK_7BE2A7C33A0F5A23` FOREIGN KEY (`licencia_id`) REFERENCES `licencia` (`id`),
  ADD CONSTRAINT `FK_7BE2A7C34D9DE1E8` FOREIGN KEY (`signo_zodiaco_id`) REFERENCES `signo_zodiaco` (`id`),
  ADD CONSTRAINT `FK_7BE2A7C375376D93` FOREIGN KEY (`estado_civil_id`) REFERENCES `estado_civil` (`id`),
  ADD CONSTRAINT `FK_7BE2A7C379F2C342` FOREIGN KEY (`horario_trabajo_id`) REFERENCES `horario_trabajo` (`id`),
  ADD CONSTRAINT `FK_7BE2A7C381A75788` FOREIGN KEY (`vivienda_id`) REFERENCES `vivienda` (`id`),
  ADD CONSTRAINT `FK_7BE2A7C38CCBB6A9` FOREIGN KEY (`raza_id`) REFERENCES `raza` (`id`),
  ADD CONSTRAINT `FK_7BE2A7C399A5433` FOREIGN KEY (`tipo_sangre_id`) REFERENCES `tipo_sangre` (`id`),
  ADD CONSTRAINT `FK_7BE2A7C3A76ED395` FOREIGN KEY (`user_id`) REFERENCES `user` (`id`),
  ADD CONSTRAINT `FK_7BE2A7C3B56F7D88` FOREIGN KEY (`estudios_id`) REFERENCES `estudios` (`id`),
  ADD CONSTRAINT `FK_7BE2A7C3B7850CBD` FOREIGN KEY (`religion_id`) REFERENCES `religion` (`id`),
  ADD CONSTRAINT `FK_7BE2A7C3B9FC1162` FOREIGN KEY (`tipo_trabajo_id`) REFERENCES `tipo_trabajo` (`id`),
  ADD CONSTRAINT `FK_7BE2A7C3C604D5C6` FOREIGN KEY (`pais_id`) REFERENCES `pais` (`id`),
  ADD CONSTRAINT `FK_7BE2A7C3E8608214` FOREIGN KEY (`ciudad_id`) REFERENCES `ciudad` (`id`),
  ADD CONSTRAINT `FK_7BE2A7C3FB396A56` FOREIGN KEY (`sector_vivienda_id`) REFERENCES `sector_vivienda` (`id`);

--
-- Constraints for table `curriculum_aptitudes`
--
ALTER TABLE `curriculum_aptitudes`
  ADD CONSTRAINT `FK_893D2D1D5AEA4428` FOREIGN KEY (`curriculum_id`) REFERENCES `curriculum` (`id`),
  ADD CONSTRAINT `FK_893D2D1D8D156021` FOREIGN KEY (`aptitudes_id`) REFERENCES `aptitudes` (`id`);

--
-- Constraints for table `curriculum_enfermedades`
--
ALTER TABLE `curriculum_enfermedades`
  ADD CONSTRAINT `FK_A93EEB823035D395` FOREIGN KEY (`enfermedades_id`) REFERENCES `enfermedades` (`id`),
  ADD CONSTRAINT `FK_A93EEB825AEA4428` FOREIGN KEY (`curriculum_id`) REFERENCES `curriculum` (`id`);

--
-- Constraints for table `curriculum_idiomas`
--
ALTER TABLE `curriculum_idiomas`
  ADD CONSTRAINT `FK_C5466C605AEA4428` FOREIGN KEY (`curriculum_id`) REFERENCES `curriculum` (`id`),
  ADD CONSTRAINT `FK_C5466C608D1F41D1` FOREIGN KEY (`idiomas_id`) REFERENCES `idiomas` (`id`);

--
-- Constraints for table `curriculum_intereses`
--
ALTER TABLE `curriculum_intereses`
  ADD CONSTRAINT `FK_EA267BAD2ECFAD6C` FOREIGN KEY (`intereses_id`) REFERENCES `intereses` (`id`),
  ADD CONSTRAINT `FK_EA267BAD5AEA4428` FOREIGN KEY (`curriculum_id`) REFERENCES `curriculum` (`id`);

--
-- Constraints for table `curriculum_responsabilidades`
--
ALTER TABLE `curriculum_responsabilidades`
  ADD CONSTRAINT `FK_6554A1735AEA4428` FOREIGN KEY (`curriculum_id`) REFERENCES `curriculum` (`id`),
  ADD CONSTRAINT `FK_6554A173CABEC292` FOREIGN KEY (`responsabilidades_id`) REFERENCES `responsabilidades` (`id`);

--
-- Constraints for table `experiencia`
--
ALTER TABLE `experiencia`
  ADD CONSTRAINT `FK_DD0E3034A76ED395` FOREIGN KEY (`user_id`) REFERENCES `user` (`id`);

/*!40101 SET CHARACTER_SET_CLIENT=@OLD_CHARACTER_SET_CLIENT */;
/*!40101 SET CHARACTER_SET_RESULTS=@OLD_CHARACTER_SET_RESULTS */;
/*!40101 SET COLLATION_CONNECTION=@OLD_COLLATION_CONNECTION */;
